state,city,locality,property_type,bhk,area_sqft,bathrooms,floor,total_floors,age_years,furnished,parking,balcony,price_inr
Andhra Pradesh,Visakhapatnam,Visakhapatnam Central,Apartment,3,890,3,15,15,17,Semi-Furnished,0,3,8416820
Andhra Pradesh,Visakhapatnam,Visakhapatnam Central,Independent House,1,1370,2,14,14,19,Semi-Furnished,0,2,14086698
Andhra Pradesh,Visakhapatnam,Visakhapatnam Central,Independent House,5,1070,4,7,15,20,Semi-Furnished,0,3,11881610
Andhra Pradesh,Visakhapatnam,Visakhapatnam Central,Apartment,3,2050,2,10,10,0,Semi-Furnished,2,2,23156078
Andhra Pradesh,Visakhapatnam,Visakhapatnam Central,Apartment,3,2230,3,9,9,14,Semi-Furnished,1,1,27396394
Andhra Pradesh,Visakhapatnam,Visakhapatnam Central,Apartment,2,1630,3,13,13,25,Unfurnished,2,1,17992274
Andhra Pradesh,Visakhapatnam,Visakhapatnam Central,Independent House,1,2020,2,6,17,13,Semi-Furnished,0,0,19867838
Andhra Pradesh,Visakhapatnam,Visakhapatnam Central,Apartment,1,780,2,14,14,20,Unfurnished,2,0,8192134
Andhra Pradesh,Visakhapatnam,Visakhapatnam Central,Apartment,3,1730,3,9,9,4,Semi-Furnished,2,0,16866111
Andhra Pradesh,Visakhapatnam,Visakhapatnam Central,Independent House,2,3090,3,12,20,9,Unfurnished,0,3,36707516
Andhra Pradesh,Visakhapatnam,Visakhapatnam Central,Apartment,4,1740,3,2,10,19,Furnished,2,0,20803397
Andhra Pradesh,Visakhapatnam,Visakhapatnam Central,Independent House,5,2080,4,7,15,14,Semi-Furnished,1,1,25105914
Andhra Pradesh,Visakhapatnam,Visakhapatnam Central,Apartment,1,2090,1,12,12,2,Semi-Furnished,0,1,24784767
Andhra Pradesh,Visakhapatnam,Visakhapatnam Central,Apartment,4,930,3,4,19,17,Unfurnished,2,2,8892124
Andhra Pradesh,Visakhapatnam,Visakhapatnam Central,Villa,4,2110,3,7,16,7,Semi-Furnished,0,0,32965581
Andhra Pradesh,Visakhapatnam,Visakhapatnam Central,Apartment,4,1850,5,12,12,11,Semi-Furnished,2,1,20607604
Andhra Pradesh,Visakhapatnam,Visakhapatnam Central,Independent House,5,1710,4,8,8,7,Furnished,0,2,16879380
Andhra Pradesh,Visakhapatnam,Visakhapatnam Central,Independent House,4,2330,3,15,16,3,Semi-Furnished,0,0,26467842
Andhra Pradesh,Vijayawada,Vijayawada Central,Apartment,5,1160,4,4,17,6,Semi-Furnished,1,3,13346337
Andhra Pradesh,Vijayawada,Vijayawada Central,Apartment,2,3070,1,15,19,16,Unfurnished,0,0,32226861
Andhra Pradesh,Vijayawada,Vijayawada Central,Independent House,2,1700,3,13,18,25,Semi-Furnished,0,3,18811409
Andhra Pradesh,Vijayawada,Vijayawada Central,Independent House,3,1380,4,14,14,0,Semi-Furnished,2,2,17309969
Andhra Pradesh,Vijayawada,Vijayawada Central,Apartment,1,3030,1,14,14,24,Furnished,2,0,36659370
Andhra Pradesh,Vijayawada,Vijayawada Central,Apartment,4,2860,3,5,20,1,Semi-Furnished,1,2,35549558
Andhra Pradesh,Vijayawada,Vijayawada Central,Apartment,5,580,4,15,15,4,Semi-Furnished,0,2,6773700
Andhra Pradesh,Vijayawada,Vijayawada Central,Independent House,4,2090,3,1,15,10,Semi-Furnished,2,0,24161410
Andhra Pradesh,Vijayawada,Vijayawada Central,Independent House,5,1340,5,8,8,3,Furnished,2,3,17002357
Andhra Pradesh,Vijayawada,Vijayawada Central,Apartment,3,2020,3,11,11,3,Unfurnished,0,3,30042350
Andhra Pradesh,Vijayawada,Vijayawada Central,Apartment,1,3020,2,13,13,19,Semi-Furnished,1,0,28986899
Andhra Pradesh,Vijayawada,Vijayawada Central,Apartment,2,2660,1,14,18,12,Semi-Furnished,2,2,28107437
Andhra Pradesh,Vijayawada,Vijayawada Central,Independent House,1,1540,1,4,10,24,Furnished,1,0,13403112
Andhra Pradesh,Vijayawada,Vijayawada Central,Apartment,5,2520,5,7,12,21,Unfurnished,1,0,37208619
Andhra Pradesh,Vijayawada,Vijayawada Central,Villa,2,1370,1,2,6,24,Unfurnished,1,0,13091082
Andhra Pradesh,Vijayawada,Vijayawada Central,Apartment,3,600,2,6,12,18,Unfurnished,1,2,7006437
Andhra Pradesh,Vijayawada,Vijayawada Central,Independent House,5,1390,5,8,8,25,Furnished,1,0,22403004
Andhra Pradesh,Vijayawada,Vijayawada Central,Apartment,2,1210,2,0,8,16,Unfurnished,2,2,11641860
Andhra Pradesh,Guntur,Guntur Central,Villa,1,2750,1,13,17,2,Unfurnished,2,3,31700324
Andhra Pradesh,Guntur,Guntur Central,Independent House,2,2670,3,11,11,15,Semi-Furnished,2,2,33889717
Andhra Pradesh,Guntur,Guntur Central,Apartment,5,2820,5,3,6,21,Semi-Furnished,0,0,30143812
Andhra Pradesh,Guntur,Guntur Central,Apartment,1,1650,1,11,11,15,Semi-Furnished,1,1,17319334
Andhra Pradesh,Guntur,Guntur Central,Villa,2,1330,3,12,12,20,Semi-Furnished,1,2,20811144
Andhra Pradesh,Guntur,Guntur Central,Apartment,3,2280,4,1,6,5,Semi-Furnished,0,2,26162722
Andhra Pradesh,Guntur,Guntur Central,Apartment,3,2390,4,10,10,13,Semi-Furnished,1,2,33806533
Andhra Pradesh,Guntur,Guntur Central,Villa,3,3030,2,6,12,18,Furnished,1,3,37417554
Andhra Pradesh,Guntur,Guntur Central,Apartment,5,3050,4,8,13,2,Unfurnished,0,0,50007507
Andhra Pradesh,Guntur,Guntur Central,Apartment,1,2060,1,14,16,12,Semi-Furnished,1,1,18831458
Andhra Pradesh,Guntur,Guntur Central,Apartment,1,3010,1,7,14,21,Unfurnished,2,1,32929168
Andhra Pradesh,Guntur,Guntur Central,Independent House,2,2320,2,10,10,18,Semi-Furnished,2,1,28098231
Andhra Pradesh,Guntur,Guntur Central,Villa,2,960,1,11,11,24,Semi-Furnished,0,2,11156196
Andhra Pradesh,Guntur,Guntur Central,Apartment,5,3030,5,10,20,9,Semi-Furnished,0,2,46987375
Andhra Pradesh,Guntur,Guntur Central,Independent House,3,860,4,7,12,7,Unfurnished,0,2,11563930
Andhra Pradesh,Guntur,Guntur Central,Apartment,1,1750,2,5,9,18,Semi-Furnished,0,1,22096967
Andhra Pradesh,Guntur,Guntur Central,Villa,4,2620,3,10,10,14,Furnished,2,3,40081009
Andhra Pradesh,Guntur,Guntur Central,Independent House,4,3190,4,10,18,0,Unfurnished,2,0,40999106
Andhra Pradesh,Tirupati,Tirupati Central,Apartment,3,920,4,4,14,22,Furnished,2,0,12342395
Andhra Pradesh,Tirupati,Tirupati Central,Independent House,1,680,1,4,17,21,Unfurnished,0,0,9451625
Andhra Pradesh,Tirupati,Tirupati Central,Independent House,5,3000,5,7,7,3,Furnished,1,0,53573794
Andhra Pradesh,Tirupati,Tirupati Central,Apartment,3,2220,4,0,4,2,Semi-Furnished,0,1,35312544
Andhra Pradesh,Tirupati,Tirupati Central,Apartment,3,3140,3,0,1,19,Semi-Furnished,0,3,33670903
Andhra Pradesh,Tirupati,Tirupati Central,Apartment,3,1000,2,9,10,9,Furnished,1,3,13870279
Andhra Pradesh,Tirupati,Tirupati Central,Villa,5,2060,4,6,12,11,Semi-Furnished,1,2,31060589
Andhra Pradesh,Tirupati,Tirupati Central,Apartment,3,3040,2,14,14,4,Semi-Furnished,0,0,44194363
Andhra Pradesh,Tirupati,Tirupati Central,Apartment,5,1280,4,6,13,2,Semi-Furnished,2,1,17749451
Andhra Pradesh,Tirupati,Tirupati Central,Apartment,5,1120,5,4,9,24,Unfurnished,1,1,18290801
Andhra Pradesh,Tirupati,Tirupati Central,Independent House,1,2060,1,9,14,9,Semi-Furnished,1,1,26267941
Andhra Pradesh,Tirupati,Tirupati Central,Independent House,2,2000,2,15,15,5,Semi-Furnished,2,2,28150972
Andhra Pradesh,Tirupati,Tirupati Central,Apartment,1,2990,1,3,7,22,Semi-Furnished,1,3,41030395
Andhra Pradesh,Tirupati,Tirupati Central,Apartment,5,2780,4,7,7,21,Semi-Furnished,2,1,31565176
Andhra Pradesh,Tirupati,Tirupati Central,Independent House,5,580,5,11,11,11,Semi-Furnished,0,2,7132614
Andhra Pradesh,Tirupati,Tirupati Central,Villa,3,1510,4,6,7,13,Semi-Furnished,2,2,18054610
Andhra Pradesh,Tirupati,Tirupati Central,Apartment,4,1570,4,12,12,24,Unfurnished,1,0,20117658
Andhra Pradesh,Tirupati,Tirupati Central,Apartment,3,2760,4,12,20,23,Furnished,1,0,43738591
Andhra Pradesh,Nellore,Nellore Central,Independent House,5,1590,4,7,10,8,Semi-Furnished,2,0,17900638
Andhra Pradesh,Nellore,Nellore Central,Apartment,2,2950,1,3,10,24,Unfurnished,2,2,22331153
Andhra Pradesh,Nellore,Nellore Central,Independent House,1,770,1,8,13,6,Semi-Furnished,1,2,8294294
Andhra Pradesh,Nellore,Nellore Central,Apartment,4,700,4,14,17,18,Semi-Furnished,0,1,8547708
Andhra Pradesh,Nellore,Nellore Central,Villa,4,2800,4,1,18,9,Semi-Furnished,1,1,32259048
Andhra Pradesh,Nellore,Nellore Central,Independent House,1,1600,2,0,7,25,Unfurnished,0,0,15892127
Andhra Pradesh,Nellore,Nellore Central,Apartment,4,3000,4,9,9,17,Semi-Furnished,1,1,31675995
Andhra Pradesh,Nellore,Nellore Central,Independent House,3,2230,4,15,16,18,Semi-Furnished,1,3,17977598
Andhra Pradesh,Nellore,Nellore Central,Independent House,2,3100,3,8,15,16,Unfurnished,2,1,30621743
Andhra Pradesh,Nellore,Nellore Central,Villa,5,2280,5,13,15,10,Unfurnished,2,2,28784853
Andhra Pradesh,Nellore,Nellore Central,Independent House,1,870,1,14,20,7,Semi-Furnished,2,1,7488212
Andhra Pradesh,Nellore,Nellore Central,Apartment,2,1640,3,8,17,1,Semi-Furnished,0,3,20866960
Andhra Pradesh,Nellore,Nellore Central,Apartment,2,640,2,14,14,1,Unfurnished,2,2,7859772
Andhra Pradesh,Nellore,Nellore Central,Independent House,1,2840,2,14,14,19,Unfurnished,0,2,27964994
Andhra Pradesh,Nellore,Nellore Central,Independent House,3,560,3,12,12,24,Unfurnished,2,3,7213906
Andhra Pradesh,Nellore,Nellore Central,Apartment,2,1180,3,14,14,10,Furnished,2,2,12782197
Andhra Pradesh,Nellore,Nellore Central,Apartment,1,1270,2,10,10,14,Unfurnished,1,2,14621220
Andhra Pradesh,Nellore,Nellore Central,Apartment,3,3190,2,1,12,16,Unfurnished,0,3,30905793
Andhra Pradesh,Kurnool,Kurnool Central,Villa,4,2120,4,5,5,1,Semi-Furnished,0,1,27581840
Andhra Pradesh,Kurnool,Kurnool Central,Apartment,2,1080,1,14,14,14,Semi-Furnished,1,1,11027206
Andhra Pradesh,Kurnool,Kurnool Central,Apartment,5,2540,5,6,6,13,Furnished,1,1,38172149
Andhra Pradesh,Kurnool,Kurnool Central,Apartment,2,1950,3,0,6,25,Semi-Furnished,2,0,26426201
Andhra Pradesh,Kurnool,Kurnool Central,Apartment,1,960,2,4,16,9,Semi-Furnished,1,3,13267423
Andhra Pradesh,Kurnool,Kurnool Central,Independent House,5,1810,5,10,19,24,Furnished,0,3,23391120
Andhra Pradesh,Kurnool,Kurnool Central,Independent House,1,2040,1,12,12,8,Furnished,2,1,28712379
Andhra Pradesh,Kurnool,Kurnool Central,Apartment,5,3090,4,9,9,19,Unfurnished,2,1,42024794
Andhra Pradesh,Kurnool,Kurnool Central,Apartment,4,1370,3,12,12,1,Semi-Furnished,2,2,17446141
Andhra Pradesh,Kurnool,Kurnool Central,Apartment,5,1350,5,4,4,12,Unfurnished,1,3,19211736
Andhra Pradesh,Kurnool,Kurnool Central,Apartment,1,1890,1,8,16,7,Semi-Furnished,1,3,23682222
Andhra Pradesh,Kurnool,Kurnool Central,Apartment,2,1400,1,5,5,15,Semi-Furnished,2,1,19518947
Andhra Pradesh,Kurnool,Kurnool Central,Independent House,3,670,3,9,9,12,Unfurnished,0,0,9244138
Andhra Pradesh,Kurnool,Kurnool Central,Apartment,1,570,1,11,13,24,Unfurnished,1,0,7757304
Andhra Pradesh,Kurnool,Kurnool Central,Apartment,2,2110,3,8,13,17,Furnished,1,0,25554486
Andhra Pradesh,Kurnool,Kurnool Central,Villa,5,2810,4,15,15,7,Semi-Furnished,2,3,48459975
Andhra Pradesh,Kurnool,Kurnool Central,Independent House,4,2700,3,4,5,3,Semi-Furnished,1,1,41764008
Andhra Pradesh,Kurnool,Kurnool Central,Apartment,5,750,4,11,11,22,Unfurnished,1,2,12440243
Andhra Pradesh,Rajahmundry,Rajahmundry Central,Independent House,2,2500,1,3,3,21,Semi-Furnished,2,0,25864948
Andhra Pradesh,Rajahmundry,Rajahmundry Central,Villa,1,1000,1,14,14,20,Unfurnished,1,3,13513095
Andhra Pradesh,Rajahmundry,Rajahmundry Central,Independent House,2,880,3,2,13,14,Semi-Furnished,0,1,9793681
Andhra Pradesh,Rajahmundry,Rajahmundry Central,Independent House,3,2120,2,3,3,3,Furnished,0,2,31465887
Andhra Pradesh,Rajahmundry,Rajahmundry Central,Apartment,5,2860,4,8,8,21,Semi-Furnished,2,2,43777347
Andhra Pradesh,Rajahmundry,Rajahmundry Central,Villa,4,2050,5,14,14,6,Semi-Furnished,2,0,27059978
Andhra Pradesh,Rajahmundry,Rajahmundry Central,Apartment,2,1920,2,10,10,11,Furnished,0,2,24506404
Andhra Pradesh,Rajahmundry,Rajahmundry Central,Apartment,2,3090,1,15,19,6,Furnished,0,0,29006976
Andhra Pradesh,Rajahmundry,Rajahmundry Central,Apartment,5,2490,5,1,15,16,Semi-Furnished,1,2,35169296
Andhra Pradesh,Rajahmundry,Rajahmundry Central,Villa,5,2060,4,13,16,11,Furnished,1,0,34766099
Andhra Pradesh,Rajahmundry,Rajahmundry Central,Villa,3,2520,2,12,15,11,Semi-Furnished,2,3,34576998
Andhra Pradesh,Rajahmundry,Rajahmundry Central,Apartment,4,1390,4,0,13,9,Semi-Furnished,1,3,17464080
Andhra Pradesh,Rajahmundry,Rajahmundry Central,Apartment,1,1070,1,5,5,8,Unfurnished,0,2,9891315
Andhra Pradesh,Rajahmundry,Rajahmundry Central,Apartment,1,3080,1,9,18,18,Semi-Furnished,1,1,39269196
Andhra Pradesh,Rajahmundry,Rajahmundry Central,Apartment,5,1040,5,2,2,12,Unfurnished,0,1,15445184
Andhra Pradesh,Rajahmundry,Rajahmundry Central,Apartment,2,2270,2,2,6,17,Unfurnished,0,3,27348938
Andhra Pradesh,Rajahmundry,Rajahmundry Central,Villa,4,2940,5,9,9,2,Furnished,1,0,48537668
Andhra Pradesh,Rajahmundry,Rajahmundry Central,Independent House,2,2010,1,6,11,11,Semi-Furnished,1,0,24955757
Andhra Pradesh,Kakinada,Kakinada Central,Apartment,3,970,4,11,11,2,Semi-Furnished,2,1,11491422
Andhra Pradesh,Kakinada,Kakinada Central,Apartment,1,2560,2,6,6,0,Furnished,0,3,22777292
Andhra Pradesh,Kakinada,Kakinada Central,Apartment,2,1250,3,0,9,4,Semi-Furnished,0,0,15068254
Andhra Pradesh,Kakinada,Kakinada Central,Apartment,1,2800,2,11,11,14,Semi-Furnished,0,0,26602141
Andhra Pradesh,Kakinada,Kakinada Central,Independent House,1,3040,2,4,10,1,Semi-Furnished,1,2,33385593
Andhra Pradesh,Kakinada,Kakinada Central,Apartment,5,1700,4,1,10,9,Furnished,2,3,20986187
Andhra Pradesh,Kakinada,Kakinada Central,Apartment,2,2010,1,6,6,24,Unfurnished,0,3,21965750
Andhra Pradesh,Kakinada,Kakinada Central,Apartment,5,2160,5,10,10,1,Semi-Furnished,2,3,27704166
Andhra Pradesh,Kakinada,Kakinada Central,Apartment,5,2510,5,10,10,9,Furnished,1,0,34788951
Andhra Pradesh,Kakinada,Kakinada Central,Independent House,1,2650,1,13,13,17,Semi-Furnished,0,3,22712440
Andhra Pradesh,Kakinada,Kakinada Central,Villa,2,2240,1,14,14,19,Unfurnished,1,1,24298288
Andhra Pradesh,Kakinada,Kakinada Central,Apartment,3,950,3,10,10,20,Furnished,1,2,11305459
Andhra Pradesh,Kakinada,Kakinada Central,Apartment,2,2290,2,8,8,17,Furnished,1,0,25401324
Andhra Pradesh,Kakinada,Kakinada Central,Apartment,5,2790,4,11,15,15,Furnished,0,3,31276326
Andhra Pradesh,Kakinada,Kakinada Central,Villa,4,2290,3,11,15,4,Semi-Furnished,1,1,29544392
Andhra Pradesh,Kakinada,Kakinada Central,Villa,1,2450,1,3,13,15,Semi-Furnished,1,1,24521378
Andhra Pradesh,Kakinada,Kakinada Central,Apartment,3,1710,2,2,14,6,Semi-Furnished,2,2,19911085
Andhra Pradesh,Kakinada,Kakinada Central,Independent House,5,1410,4,12,12,20,Furnished,2,2,16185394
Arunachal Pradesh,Itanagar,Itanagar Central,Apartment,5,1270,4,14,19,19,Semi-Furnished,2,0,13557626
Arunachal Pradesh,Itanagar,Itanagar Central,Apartment,3,2400,4,4,13,19,Unfurnished,0,1,24788976
Arunachal Pradesh,Itanagar,Itanagar Central,Apartment,3,1600,4,11,18,11,Semi-Furnished,2,2,14033850
Arunachal Pradesh,Itanagar,Itanagar Central,Apartment,1,3030,2,11,11,22,Semi-Furnished,1,2,22037268
Arunachal Pradesh,Itanagar,Itanagar Central,Villa,5,1190,5,14,20,10,Furnished,0,2,12822088
Arunachal Pradesh,Itanagar,Itanagar Central,Apartment,2,2570,2,9,13,2,Unfurnished,1,1,24384693
Arunachal Pradesh,Itanagar,Itanagar Central,Apartment,3,2100,3,4,18,9,Furnished,1,0,19785629
Arunachal Pradesh,Itanagar,Itanagar Central,Independent House,1,1440,2,11,16,11,Unfurnished,1,0,11903698
Arunachal Pradesh,Itanagar,Itanagar Central,Apartment,3,3190,2,6,13,7,Semi-Furnished,2,3,35825058
Arunachal Pradesh,Itanagar,Itanagar Central,Independent House,4,730,3,7,18,24,Unfurnished,0,2,5628934
Arunachal Pradesh,Itanagar,Itanagar Central,Apartment,4,2750,3,3,11,14,Semi-Furnished,0,2,27295458
Arunachal Pradesh,Itanagar,Itanagar Central,Apartment,1,3170,2,10,15,0,Unfurnished,0,3,32765019
Arunachal Pradesh,Itanagar,Itanagar Central,Apartment,2,1770,2,12,12,4,Semi-Furnished,0,3,13731474
Arunachal Pradesh,Itanagar,Itanagar Central,Apartment,5,2720,5,11,17,24,Semi-Furnished,0,1,25663291
Arunachal Pradesh,Itanagar,Itanagar Central,Apartment,2,930,3,4,11,14,Unfurnished,0,0,8641290
Arunachal Pradesh,Itanagar,Itanagar Central,Independent House,2,550,2,5,14,2,Unfurnished,2,3,5084654
Arunachal Pradesh,Itanagar,Itanagar Central,Independent House,1,930,2,7,17,1,Semi-Furnished,0,0,8159072
Arunachal Pradesh,Itanagar,Itanagar Central,Independent House,3,2500,2,8,16,15,Semi-Furnished,2,1,16634579
Arunachal Pradesh,Naharlagun,Naharlagun Central,Independent House,3,1130,2,12,12,16,Unfurnished,1,0,10079951
Arunachal Pradesh,Naharlagun,Naharlagun Central,Villa,1,2730,1,15,15,1,Unfurnished,0,1,23300968
Arunachal Pradesh,Naharlagun,Naharlagun Central,Independent House,1,2860,2,9,9,24,Unfurnished,1,2,18544229
Arunachal Pradesh,Naharlagun,Naharlagun Central,Apartment,2,2490,2,5,15,0,Furnished,1,0,19570849
Arunachal Pradesh,Naharlagun,Naharlagun Central,Apartment,5,2140,5,4,16,9,Semi-Furnished,0,3,17816521
Arunachal Pradesh,Naharlagun,Naharlagun Central,Apartment,1,1570,1,7,12,19,Semi-Furnished,1,2,11678233
Arunachal Pradesh,Naharlagun,Naharlagun Central,Independent House,2,550,1,12,12,0,Semi-Furnished,2,3,5350943
Arunachal Pradesh,Naharlagun,Naharlagun Central,Apartment,5,1810,5,7,12,21,Unfurnished,1,0,13872867
Arunachal Pradesh,Naharlagun,Naharlagun Central,Apartment,1,1110,1,8,8,23,Semi-Furnished,0,0,6890535
Arunachal Pradesh,Naharlagun,Naharlagun Central,Apartment,1,1390,1,5,6,8,Semi-Furnished,2,2,9693241
Arunachal Pradesh,Naharlagun,Naharlagun Central,Apartment,5,2900,5,0,3,0,Unfurnished,1,2,23767914
Arunachal Pradesh,Naharlagun,Naharlagun Central,Independent House,1,2800,2,2,20,25,Semi-Furnished,1,0,19770911
Arunachal Pradesh,Naharlagun,Naharlagun Central,Apartment,1,1400,2,14,14,12,Furnished,2,3,8681723
Arunachal Pradesh,Naharlagun,Naharlagun Central,Apartment,3,1850,4,12,12,7,Semi-Furnished,1,0,16511717
Arunachal Pradesh,Naharlagun,Naharlagun Central,Independent House,2,1060,1,9,9,25,Semi-Furnished,2,1,8461707
Arunachal Pradesh,Naharlagun,Naharlagun Central,Villa,5,2220,5,12,12,9,Semi-Furnished,0,1,25882143
Arunachal Pradesh,Naharlagun,Naharlagun Central,Apartment,2,1770,2,15,15,7,Semi-Furnished,0,1,16909217
Arunachal Pradesh,Naharlagun,Naharlagun Central,Apartment,2,990,3,12,12,13,Unfurnished,2,3,7452273
Arunachal Pradesh,Tawang,Tawang Central,Apartment,3,2740,4,15,15,25,Semi-Furnished,1,3,19890578
Arunachal Pradesh,Tawang,Tawang Central,Apartment,1,2990,1,14,14,23,Unfurnished,2,2,19774843
Arunachal Pradesh,Tawang,Tawang Central,Apartment,2,2520,3,7,7,3,Semi-Furnished,1,3,17250679
Arunachal Pradesh,Tawang,Tawang Central,Apartment,5,2870,5,10,10,25,Unfurnished,1,3,18164860
Arunachal Pradesh,Tawang,Tawang Central,Villa,2,1970,3,13,13,6,Furnished,2,2,17261575
Arunachal Pradesh,Tawang,Tawang Central,Independent House,3,1540,2,3,12,3,Semi-Furnished,1,3,11648677
Arunachal Pradesh,Tawang,Tawang Central,Apartment,5,1670,5,14,16,24,Unfurnished,0,3,14964243
Arunachal Pradesh,Tawang,Tawang Central,Apartment,4,1350,5,8,10,18,Semi-Furnished,1,2,10263812
Arunachal Pradesh,Tawang,Tawang Central,Apartment,4,2320,4,9,10,2,Unfurnished,2,2,17060984
Arunachal Pradesh,Tawang,Tawang Central,Apartment,3,920,2,8,19,14,Unfurnished,0,1,7816873
Arunachal Pradesh,Tawang,Tawang Central,Independent House,3,3130,2,14,14,6,Furnished,1,1,27827129
Arunachal Pradesh,Tawang,Tawang Central,Villa,2,640,2,10,10,5,Furnished,0,2,6216461
Arunachal Pradesh,Tawang,Tawang Central,Villa,3,2940,2,14,14,10,Furnished,0,0,32448505
Arunachal Pradesh,Tawang,Tawang Central,Villa,5,960,5,11,11,18,Semi-Furnished,2,1,10140228
Arunachal Pradesh,Tawang,Tawang Central,Apartment,1,3110,1,3,20,7,Unfurnished,0,0,26852090
Arunachal Pradesh,Tawang,Tawang Central,Villa,1,2420,2,5,19,14,Furnished,1,0,19945069
Arunachal Pradesh,Tawang,Tawang Central,Independent House,2,1990,2,7,15,10,Furnished,2,1,14981156
Arunachal Pradesh,Tawang,Tawang Central,Apartment,5,1570,5,11,11,7,Unfurnished,1,3,13012222
Arunachal Pradesh,Pasighat,Pasighat Central,Apartment,1,3010,1,13,13,21,Unfurnished,0,3,31154663
Arunachal Pradesh,Pasighat,Pasighat Central,Villa,2,1910,3,9,9,17,Unfurnished,1,0,19738707
Arunachal Pradesh,Pasighat,Pasighat Central,Villa,1,1060,1,10,13,3,Semi-Furnished,2,0,11237383
Arunachal Pradesh,Pasighat,Pasighat Central,Villa,5,2180,5,1,2,16,Semi-Furnished,1,0,30205924
Arunachal Pradesh,Pasighat,Pasighat Central,Independent House,4,3050,4,6,6,22,Semi-Furnished,1,1,34147043
Arunachal Pradesh,Pasighat,Pasighat Central,Apartment,1,2330,1,14,14,4,Semi-Furnished,2,3,21566557
Arunachal Pradesh,Pasighat,Pasighat Central,Apartment,5,830,5,14,14,15,Semi-Furnished,0,3,8273246
Arunachal Pradesh,Pasighat,Pasighat Central,Apartment,3,1810,3,3,5,23,Semi-Furnished,2,2,19595939
Arunachal Pradesh,Pasighat,Pasighat Central,Independent House,3,3150,3,11,11,0,Semi-Furnished,2,3,35759334
Arunachal Pradesh,Pasighat,Pasighat Central,Independent House,4,2620,4,12,13,23,Furnished,0,1,29816251
Arunachal Pradesh,Pasighat,Pasighat Central,Apartment,4,2330,5,10,17,24,Semi-Furnished,1,2,21412196
Arunachal Pradesh,Pasighat,Pasighat Central,Independent House,3,1760,2,6,6,13,Unfurnished,1,2,13996178
Arunachal Pradesh,Pasighat,Pasighat Central,Apartment,2,2920,1,12,12,19,Furnished,0,0,31368700
Arunachal Pradesh,Pasighat,Pasighat Central,Independent House,2,1950,3,13,13,4,Semi-Furnished,2,1,17699833
Arunachal Pradesh,Pasighat,Pasighat Central,Apartment,5,940,4,11,12,10,Unfurnished,2,2,10753952
Arunachal Pradesh,Pasighat,Pasighat Central,Independent House,3,1820,4,3,9,6,Furnished,1,3,18902208
Arunachal Pradesh,Pasighat,Pasighat Central,Apartment,2,1500,1,11,11,4,Semi-Furnished,2,3,20208399
Arunachal Pradesh,Pasighat,Pasighat Central,Apartment,1,1270,1,13,13,9,Semi-Furnished,2,0,13270927
Arunachal Pradesh,Ziro,Ziro Central,Independent House,1,3010,1,9,20,9,Furnished,1,2,29068121
Arunachal Pradesh,Ziro,Ziro Central,Apartment,5,2950,5,11,11,13,Unfurnished,1,1,36616484
Arunachal Pradesh,Ziro,Ziro Central,Apartment,3,1620,3,15,15,11,Furnished,2,0,18974273
Arunachal Pradesh,Ziro,Ziro Central,Independent House,1,2790,2,2,7,20,Furnished,0,1,26009584
Arunachal Pradesh,Ziro,Ziro Central,Apartment,5,2150,5,9,9,16,Semi-Furnished,0,0,19938231
Arunachal Pradesh,Ziro,Ziro Central,Apartment,4,700,5,0,14,16,Furnished,2,0,8390981
Arunachal Pradesh,Ziro,Ziro Central,Villa,2,2700,1,4,14,25,Unfurnished,2,3,24831215
Arunachal Pradesh,Ziro,Ziro Central,Apartment,5,1280,5,15,15,8,Semi-Furnished,2,1,14682123
Arunachal Pradesh,Ziro,Ziro Central,Independent House,4,2590,4,10,10,15,Unfurnished,1,2,20951222
Arunachal Pradesh,Ziro,Ziro Central,Apartment,5,650,4,12,12,5,Furnished,0,1,6239026
Arunachal Pradesh,Ziro,Ziro Central,Apartment,1,1530,1,6,10,6,Semi-Furnished,2,3,15087715
Arunachal Pradesh,Ziro,Ziro Central,Apartment,4,2380,5,3,19,3,Semi-Furnished,0,0,23980517
Arunachal Pradesh,Ziro,Ziro Central,Apartment,1,2550,1,2,4,25,Unfurnished,1,1,24934566
Arunachal Pradesh,Ziro,Ziro Central,Independent House,1,2660,2,9,9,5,Unfurnished,0,1,27163284
Arunachal Pradesh,Ziro,Ziro Central,Apartment,1,3050,1,10,10,13,Furnished,0,0,31818655
Arunachal Pradesh,Ziro,Ziro Central,Apartment,4,2240,5,9,18,11,Furnished,0,3,29866403
Arunachal Pradesh,Ziro,Ziro Central,Apartment,3,680,4,8,16,22,Semi-Furnished,1,0,7207704
Arunachal Pradesh,Ziro,Ziro Central,Apartment,1,3030,2,2,11,2,Furnished,2,2,32936634
Assam,Guwahati,Guwahati Central,Apartment,1,2530,1,4,11,16,Unfurnished,2,2,38912926
Assam,Guwahati,Guwahati Central,Villa,5,1590,5,12,15,21,Unfurnished,0,2,24351544
Assam,Guwahati,Guwahati Central,Villa,4,1040,5,13,19,8,Semi-Furnished,0,3,14350885
Assam,Guwahati,Guwahati Central,Villa,2,2240,2,9,9,17,Unfurnished,1,3,33793579
Assam,Guwahati,Guwahati Central,Villa,3,2630,3,12,12,15,Furnished,0,3,32085670
Assam,Guwahati,Guwahati Central,Independent House,2,2150,2,7,7,7,Unfurnished,2,2,28846639
Assam,Guwahati,Guwahati Central,Apartment,4,1860,3,12,12,12,Furnished,2,1,30859324
Assam,Guwahati,Guwahati Central,Apartment,5,680,5,3,15,9,Furnished,2,3,9019546
Assam,Guwahati,Guwahati Central,Apartment,3,1950,4,6,6,10,Unfurnished,1,3,26890161
Assam,Guwahati,Guwahati Central,Apartment,1,2230,2,1,9,9,Semi-Furnished,0,2,34565625
Assam,Guwahati,Guwahati Central,Apartment,1,2900,2,2,3,21,Semi-Furnished,0,3,39046069
Assam,Guwahati,Guwahati Central,Apartment,4,2990,3,2,2,21,Unfurnished,0,0,40217351
Assam,Guwahati,Guwahati Central,Apartment,1,3170,1,11,12,2,Furnished,0,3,44954560
Assam,Guwahati,Guwahati Central,Apartment,3,2880,3,6,9,7,Semi-Furnished,2,1,35607515
Assam,Guwahati,Guwahati Central,Apartment,1,990,2,12,12,10,Unfurnished,2,3,11476076
Assam,Guwahati,Guwahati Central,Apartment,5,2360,5,3,7,16,Semi-Furnished,2,0,32725706
Assam,Guwahati,Guwahati Central,Apartment,4,2960,3,5,12,2,Unfurnished,0,2,58243043
Assam,Guwahati,Guwahati Central,Independent House,1,2200,1,8,14,24,Semi-Furnished,1,0,25235363
Assam,Dibrugarh,Dibrugarh Central,Apartment,1,1630,1,13,15,11,Semi-Furnished,2,0,21213115
Assam,Dibrugarh,Dibrugarh Central,Apartment,3,1990,4,1,13,0,Semi-Furnished,2,3,24881739
Assam,Dibrugarh,Dibrugarh Central,Independent House,5,1950,5,6,11,16,Unfurnished,2,1,25959329
Assam,Dibrugarh,Dibrugarh Central,Villa,2,1850,2,9,9,14,Semi-Furnished,1,0,21536727
Assam,Dibrugarh,Dibrugarh Central,Independent House,3,550,3,11,11,16,Semi-Furnished,0,2,7667812
Assam,Dibrugarh,Dibrugarh Central,Independent House,1,3040,1,6,13,25,Semi-Furnished,0,1,39615817
Assam,Dibrugarh,Dibrugarh Central,Apartment,1,1160,2,7,17,6,Semi-Furnished,1,3,12166487
Assam,Dibrugarh,Dibrugarh Central,Apartment,4,1310,3,12,20,9,Semi-Furnished,0,3,20733958
Assam,Dibrugarh,Dibrugarh Central,Villa,2,2240,3,6,11,18,Unfurnished,2,3,34751924
Assam,Dibrugarh,Dibrugarh Central,Villa,5,1710,5,9,16,6,Furnished,2,1,24052413
Assam,Dibrugarh,Dibrugarh Central,Apartment,4,2000,4,6,9,2,Semi-Furnished,2,2,27245708
Assam,Dibrugarh,Dibrugarh Central,Apartment,3,1420,2,15,15,13,Furnished,0,0,20426555
Assam,Dibrugarh,Dibrugarh Central,Apartment,5,2010,4,4,14,4,Unfurnished,2,1,33958135
Assam,Dibrugarh,Dibrugarh Central,Apartment,1,690,1,1,4,24,Furnished,1,2,9626346
Assam,Dibrugarh,Dibrugarh Central,Independent House,4,1720,3,2,2,9,Furnished,1,0,27823853
Assam,Dibrugarh,Dibrugarh Central,Apartment,2,2000,1,2,15,17,Semi-Furnished,0,2,23897711
Assam,Dibrugarh,Dibrugarh Central,Apartment,5,1850,4,11,11,14,Semi-Furnished,2,0,32883412
Assam,Dibrugarh,Dibrugarh Central,Apartment,3,2430,2,3,13,9,Semi-Furnished,1,3,28651063
Assam,Silchar,Silchar Central,Apartment,2,2430,1,11,11,1,Semi-Furnished,0,0,30786023
Assam,Silchar,Silchar Central,Apartment,3,1750,3,9,19,4,Furnished,1,0,26150054
Assam,Silchar,Silchar Central,Villa,3,590,4,13,16,7,Unfurnished,2,3,9001843
Assam,Silchar,Silchar Central,Apartment,2,3120,2,0,13,4,Furnished,2,2,38961978
Assam,Silchar,Silchar Central,Independent House,4,2060,3,11,15,13,Unfurnished,0,3,32699683
Assam,Silchar,Silchar Central,Villa,4,1900,3,0,8,14,Semi-Furnished,2,0,22069555
Assam,Silchar,Silchar Central,Independent House,4,1770,5,15,18,15,Unfurnished,1,1,21156832
Assam,Silchar,Silchar Central,Villa,4,1190,4,1,14,15,Unfurnished,1,3,16570699
Assam,Silchar,Silchar Central,Apartment,3,780,4,6,10,17,Unfurnished,2,3,10719349
Assam,Silchar,Silchar Central,Apartment,3,1430,4,0,9,0,Furnished,2,3,19490391
Assam,Silchar,Silchar Central,Apartment,1,850,2,4,4,9,Unfurnished,0,2,11522046
Assam,Silchar,Silchar Central,Apartment,3,1300,2,8,11,11,Semi-Furnished,0,1,17928016
Assam,Silchar,Silchar Central,Independent House,4,2170,4,6,6,7,Unfurnished,1,0,32735068
Assam,Silchar,Silchar Central,Apartment,2,1590,3,3,12,19,Semi-Furnished,0,0,20852252
Assam,Silchar,Silchar Central,Apartment,4,1460,4,13,19,22,Semi-Furnished,0,0,22114483
Assam,Silchar,Silchar Central,Independent House,2,2570,1,4,19,23,Semi-Furnished,2,3,30697932
Assam,Silchar,Silchar Central,Apartment,2,1720,2,1,20,24,Semi-Furnished,0,0,18760031
Assam,Silchar,Silchar Central,Apartment,1,2780,1,4,10,13,Furnished,0,0,35781674
Assam,Jorhat,Jorhat Central,Apartment,4,1880,3,11,11,1,Furnished,2,3,26550285
Assam,Jorhat,Jorhat Central,Apartment,5,1880,5,6,18,18,Unfurnished,2,1,24084649
Assam,Jorhat,Jorhat Central,Apartment,5,3130,4,6,8,5,Unfurnished,1,0,41907054
Assam,Jorhat,Jorhat Central,Apartment,3,1030,4,6,7,13,Semi-Furnished,0,2,12084413
Assam,Jorhat,Jorhat Central,Apartment,4,1500,5,0,19,2,Unfurnished,1,1,22704295
Assam,Jorhat,Jorhat Central,Apartment,3,1860,2,5,5,14,Semi-Furnished,0,3,22523609
Assam,Jorhat,Jorhat Central,Independent House,2,2150,3,7,7,3,Furnished,1,0,29033925
Assam,Jorhat,Jorhat Central,Apartment,5,1960,4,1,19,20,Unfurnished,1,1,25374875
Assam,Jorhat,Jorhat Central,Apartment,5,830,4,5,6,19,Unfurnished,0,0,11196403
Assam,Jorhat,Jorhat Central,Apartment,3,1570,3,9,9,25,Unfurnished,0,0,19799252
Assam,Jorhat,Jorhat Central,Apartment,3,3170,4,14,14,9,Semi-Furnished,0,3,42485236
Assam,Jorhat,Jorhat Central,Apartment,4,2780,5,11,17,12,Semi-Furnished,2,1,33682397
Assam,Jorhat,Jorhat Central,Independent House,3,800,4,4,14,24,Unfurnished,0,0,9603062
Assam,Jorhat,Jorhat Central,Independent House,4,2660,4,12,12,20,Unfurnished,2,1,36782464
Assam,Jorhat,Jorhat Central,Apartment,4,1730,3,0,18,12,Semi-Furnished,0,1,23799322
Assam,Jorhat,Jorhat Central,Apartment,5,1670,4,7,7,19,Semi-Furnished,1,2,23145688
Assam,Jorhat,Jorhat Central,Apartment,4,1480,4,15,15,15,Furnished,2,3,18756681
Assam,Jorhat,Jorhat Central,Apartment,3,3110,4,8,8,15,Semi-Furnished,0,3,45914674
Assam,Tezpur,Tezpur Central,Apartment,2,1240,3,6,15,4,Semi-Furnished,0,0,13046836
Assam,Tezpur,Tezpur Central,Apartment,1,2710,1,1,14,0,Unfurnished,1,0,27363681
Assam,Tezpur,Tezpur Central,Apartment,2,2920,1,5,15,6,Semi-Furnished,1,1,32227540
Assam,Tezpur,Tezpur Central,Apartment,4,820,5,4,10,18,Furnished,2,3,11438731
Assam,Tezpur,Tezpur Central,Villa,5,850,5,5,8,15,Semi-Furnished,2,1,10995741
Assam,Tezpur,Tezpur Central,Apartment,2,1050,3,9,9,14,Semi-Furnished,1,0,11447356
Assam,Tezpur,Tezpur Central,Apartment,1,1440,1,14,15,15,Furnished,1,3,15493084
Assam,Tezpur,Tezpur Central,Apartment,5,1390,5,13,13,24,Unfurnished,1,1,17191611
Assam,Tezpur,Tezpur Central,Apartment,4,1570,3,5,8,4,Semi-Furnished,0,1,18741570
Assam,Tezpur,Tezpur Central,Apartment,5,2590,5,4,11,0,Furnished,0,3,36511486
Assam,Tezpur,Tezpur Central,Independent House,2,700,2,12,12,18,Furnished,0,0,7046001
Assam,Tezpur,Tezpur Central,Apartment,1,880,2,13,18,18,Semi-Furnished,1,2,8614669
Assam,Tezpur,Tezpur Central,Independent House,3,2550,4,1,12,15,Unfurnished,2,0,38042846
Assam,Tezpur,Tezpur Central,Apartment,4,2260,4,11,15,12,Semi-Furnished,0,0,24520617
Assam,Tezpur,Tezpur Central,Apartment,3,2900,4,3,20,18,Unfurnished,0,2,28216111
Assam,Tezpur,Tezpur Central,Apartment,2,1360,1,9,9,15,Semi-Furnished,2,0,17624157
Assam,Tezpur,Tezpur Central,Apartment,5,3060,5,13,13,8,Semi-Furnished,0,1,41471981
Assam,Tezpur,Tezpur Central,Independent House,3,1690,3,13,13,7,Furnished,1,1,20100401
Assam,Nagaon,Nagaon Central,Apartment,4,1480,3,13,13,3,Semi-Furnished,1,3,22516195
Assam,Nagaon,Nagaon Central,Apartment,5,720,5,6,20,0,Unfurnished,0,0,13310441
Assam,Nagaon,Nagaon Central,Apartment,1,2070,1,5,17,10,Semi-Furnished,0,0,28007897
Assam,Nagaon,Nagaon Central,Apartment,1,2370,2,10,10,5,Semi-Furnished,0,0,35164153
Assam,Nagaon,Nagaon Central,Independent House,3,2470,2,15,18,24,Unfurnished,2,3,30374505
Assam,Nagaon,Nagaon Central,Independent House,2,610,1,7,11,23,Unfurnished,2,1,7282559
Assam,Nagaon,Nagaon Central,Villa,5,1840,5,9,17,0,Unfurnished,2,0,33792956
Assam,Nagaon,Nagaon Central,Independent House,1,2890,1,13,13,2,Unfurnished,0,1,36867350
Assam,Nagaon,Nagaon Central,Apartment,2,1770,1,13,13,11,Unfurnished,0,0,17179847
Assam,Nagaon,Nagaon Central,Independent House,2,2140,1,1,5,14,Furnished,1,0,27909617
Assam,Nagaon,Nagaon Central,Villa,1,670,2,5,15,7,Unfurnished,0,0,10776788
Assam,Nagaon,Nagaon Central,Apartment,2,2550,2,3,20,21,Semi-Furnished,2,1,29882962
Assam,Nagaon,Nagaon Central,Apartment,3,870,3,11,16,10,Semi-Furnished,1,3,10242272
Assam,Nagaon,Nagaon Central,Apartment,2,1200,2,8,19,13,Semi-Furnished,1,2,13879242
Assam,Nagaon,Nagaon Central,Apartment,3,1650,3,6,6,5,Unfurnished,2,2,20577543
Assam,Nagaon,Nagaon Central,Apartment,5,3010,4,13,13,19,Semi-Furnished,0,3,30272889
Assam,Nagaon,Nagaon Central,Independent House,1,730,2,0,17,1,Semi-Furnished,2,2,7881199
Assam,Nagaon,Nagaon Central,Villa,3,1400,4,3,14,23,Semi-Furnished,1,1,19270935
Bihar,Patna,Patna Central,Apartment,2,3190,1,5,10,12,Semi-Furnished,2,2,34461695
Bihar,Patna,Patna Central,Apartment,3,1620,3,9,15,22,Semi-Furnished,0,2,16933971
Bihar,Patna,Patna Central,Apartment,4,2200,4,1,6,24,Unfurnished,2,2,18519771
Bihar,Patna,Patna Central,Apartment,3,2350,2,0,15,8,Unfurnished,2,3,32895115
Bihar,Patna,Patna Central,Apartment,5,2110,5,0,15,7,Furnished,1,2,32489069
Bihar,Patna,Patna Central,Apartment,2,680,1,14,19,20,Semi-Furnished,1,2,9155250
Bihar,Patna,Patna Central,Independent House,5,830,5,13,16,5,Semi-Furnished,2,3,9570519
Bihar,Patna,Patna Central,Villa,1,1610,1,10,11,5,Furnished,2,2,20987568
Bihar,Patna,Patna Central,Apartment,4,2720,4,12,20,17,Semi-Furnished,1,3,30755425
Bihar,Patna,Patna Central,Villa,5,690,5,12,13,15,Semi-Furnished,2,1,8525908
Bihar,Patna,Patna Central,Apartment,5,860,4,5,5,6,Furnished,0,0,10259230
Bihar,Patna,Patna Central,Apartment,5,1120,4,12,13,9,Semi-Furnished,0,3,13689442
Bihar,Patna,Patna Central,Independent House,5,2970,5,8,13,1,Semi-Furnished,1,2,42961310
Bihar,Patna,Patna Central,Apartment,3,590,4,2,8,0,Semi-Furnished,0,0,7214468
Bihar,Patna,Patna Central,Apartment,2,1890,2,2,11,0,Unfurnished,2,1,24791061
Bihar,Patna,Patna Central,Apartment,3,1000,2,3,10,16,Semi-Furnished,0,2,8605455
Bihar,Patna,Patna Central,Apartment,2,1300,3,4,10,14,Unfurnished,2,0,16863420
Bihar,Patna,Patna Central,Apartment,4,2340,5,5,8,3,Semi-Furnished,1,0,35841246
Bihar,Gaya,Gaya Central,Apartment,3,2280,4,10,16,2,Semi-Furnished,1,3,27930520
Bihar,Gaya,Gaya Central,Independent House,1,2190,2,2,19,6,Unfurnished,1,0,17863653
Bihar,Gaya,Gaya Central,Apartment,2,750,1,13,13,18,Semi-Furnished,0,0,8802231
Bihar,Gaya,Gaya Central,Independent House,1,1610,2,13,13,22,Semi-Furnished,2,1,13973665
Bihar,Gaya,Gaya Central,Villa,3,780,3,6,9,9,Furnished,2,2,10133515
Bihar,Gaya,Gaya Central,Apartment,4,2540,3,12,12,12,Semi-Furnished,2,2,23293951
Bihar,Gaya,Gaya Central,Apartment,2,2900,3,1,6,23,Semi-Furnished,0,1,32208980
Bihar,Gaya,Gaya Central,Villa,2,2830,3,14,20,14,Furnished,1,0,35991464
Bihar,Gaya,Gaya Central,Apartment,5,2060,5,0,6,3,Semi-Furnished,2,0,27372484
Bihar,Gaya,Gaya Central,Independent House,3,1860,4,2,9,21,Semi-Furnished,0,1,22776246
Bihar,Gaya,Gaya Central,Independent House,2,2730,1,15,15,9,Semi-Furnished,0,3,32757620
Bihar,Gaya,Gaya Central,Independent House,5,2880,5,2,17,8,Semi-Furnished,0,3,36858319
Bihar,Gaya,Gaya Central,Apartment,2,2700,3,3,8,10,Furnished,1,2,32413622
Bihar,Gaya,Gaya Central,Apartment,4,1140,5,9,9,8,Semi-Furnished,0,1,11713739
Bihar,Gaya,Gaya Central,Apartment,2,2920,1,4,13,15,Semi-Furnished,1,1,29077783
Bihar,Gaya,Gaya Central,Apartment,3,1800,3,12,17,8,Semi-Furnished,2,2,18528698
Bihar,Gaya,Gaya Central,Apartment,4,2670,5,10,10,15,Semi-Furnished,2,2,35636394
Bihar,Gaya,Gaya Central,Apartment,4,2320,3,6,8,4,Furnished,0,3,31240400
Bihar,Muzaffarpur,Muzaffarpur Central,Independent House,3,2860,2,15,15,4,Unfurnished,2,3,29641684
Bihar,Muzaffarpur,Muzaffarpur Central,Independent House,4,1960,4,0,10,0,Semi-Furnished,1,3,27626611
Bihar,Muzaffarpur,Muzaffarpur Central,Villa,2,1000,2,4,5,14,Unfurnished,2,0,12637112
Bihar,Muzaffarpur,Muzaffarpur Central,Villa,5,1150,5,6,12,8,Unfurnished,1,2,15232136
Bihar,Muzaffarpur,Muzaffarpur Central,Apartment,2,1490,2,13,16,17,Semi-Furnished,0,0,14344480
Bihar,Muzaffarpur,Muzaffarpur Central,Apartment,3,2910,2,0,7,23,Semi-Furnished,1,1,31693495
Bihar,Muzaffarpur,Muzaffarpur Central,Independent House,4,1030,4,15,15,1,Semi-Furnished,0,3,13871701
Bihar,Muzaffarpur,Muzaffarpur Central,Independent House,2,2570,2,12,12,22,Unfurnished,2,1,24678483
Bihar,Muzaffarpur,Muzaffarpur Central,Independent House,5,1140,5,9,18,0,Unfurnished,1,3,16279046
Bihar,Muzaffarpur,Muzaffarpur Central,Apartment,3,2400,4,12,19,13,Semi-Furnished,1,0,22340465
Bihar,Muzaffarpur,Muzaffarpur Central,Apartment,1,740,2,0,17,15,Semi-Furnished,2,3,7478226
Bihar,Muzaffarpur,Muzaffarpur Central,Apartment,2,2660,3,9,9,5,Semi-Furnished,1,2,28564007
Bihar,Muzaffarpur,Muzaffarpur Central,Apartment,1,1230,1,1,13,13,Unfurnished,0,1,9585822
Bihar,Muzaffarpur,Muzaffarpur Central,Apartment,4,2380,5,7,8,6,Furnished,1,3,23231230
Bihar,Muzaffarpur,Muzaffarpur Central,Independent House,3,2510,4,8,13,5,Semi-Furnished,2,1,24707935
Bihar,Muzaffarpur,Muzaffarpur Central,Apartment,4,2590,5,7,12,8,Unfurnished,1,0,23266753
Bihar,Muzaffarpur,Muzaffarpur Central,Apartment,4,1420,5,0,1,14,Unfurnished,0,3,13830514
Bihar,Muzaffarpur,Muzaffarpur Central,Apartment,3,650,2,12,12,11,Unfurnished,0,1,7580483
Bihar,Bhagalpur,Bhagalpur Central,Apartment,4,1310,5,15,20,17,Furnished,2,2,18749881
Bihar,Bhagalpur,Bhagalpur Central,Independent House,2,1130,3,13,13,21,Unfurnished,1,1,14949278
Bihar,Bhagalpur,Bhagalpur Central,Independent House,4,2360,4,8,8,9,Unfurnished,1,0,29625459
Bihar,Bhagalpur,Bhagalpur Central,Apartment,2,1690,2,5,12,14,Unfurnished,2,0,21513395
Bihar,Bhagalpur,Bhagalpur Central,Apartment,1,2580,1,4,17,18,Semi-Furnished,1,1,29380320
Bihar,Bhagalpur,Bhagalpur Central,Apartment,2,3040,2,0,10,12,Semi-Furnished,2,1,36112747
Bihar,Bhagalpur,Bhagalpur Central,Apartment,2,1390,1,13,13,13,Unfurnished,1,2,15233248
Bihar,Bhagalpur,Bhagalpur Central,Apartment,2,640,2,6,6,19,Unfurnished,2,0,7061695
Bihar,Bhagalpur,Bhagalpur Central,Apartment,1,1270,1,1,4,3,Unfurnished,0,0,16962046
Bihar,Bhagalpur,Bhagalpur Central,Apartment,2,1420,2,7,19,12,Unfurnished,1,0,17425515
Bihar,Bhagalpur,Bhagalpur Central,Apartment,1,930,2,8,20,22,Semi-Furnished,2,0,11805991
Bihar,Bhagalpur,Bhagalpur Central,Apartment,3,1090,3,6,19,22,Semi-Furnished,0,0,15279362
Bihar,Bhagalpur,Bhagalpur Central,Villa,3,1550,3,6,19,17,Unfurnished,1,2,17870621
Bihar,Bhagalpur,Bhagalpur Central,Independent House,5,940,5,5,5,13,Semi-Furnished,2,0,14842846
Bihar,Bhagalpur,Bhagalpur Central,Villa,5,640,5,13,13,7,Unfurnished,0,2,8307992
Bihar,Bhagalpur,Bhagalpur Central,Apartment,1,2110,2,5,14,6,Semi-Furnished,1,2,27044652
Bihar,Bhagalpur,Bhagalpur Central,Independent House,5,2040,5,11,11,18,Semi-Furnished,2,0,21021920
Bihar,Bhagalpur,Bhagalpur Central,Apartment,4,570,5,15,15,4,Furnished,1,1,7987807
Bihar,Darbhanga,Darbhanga Central,Villa,1,1400,2,14,14,14,Furnished,0,3,13736801
Bihar,Darbhanga,Darbhanga Central,Apartment,3,2970,3,8,8,20,Unfurnished,0,0,26267998
Bihar,Darbhanga,Darbhanga Central,Apartment,1,2660,2,1,6,17,Semi-Furnished,2,2,25717103
Bihar,Darbhanga,Darbhanga Central,Apartment,5,1300,5,3,14,4,Semi-Furnished,0,0,16553370
Bihar,Darbhanga,Darbhanga Central,Independent House,5,1890,5,3,15,10,Semi-Furnished,1,3,15114446
Bihar,Darbhanga,Darbhanga Central,Apartment,5,1280,4,11,11,19,Unfurnished,1,0,12302452
Bihar,Darbhanga,Darbhanga Central,Independent House,5,970,5,2,7,5,Furnished,2,2,11177776
Bihar,Darbhanga,Darbhanga Central,Apartment,1,1800,1,12,12,21,Furnished,1,3,14131115
Bihar,Darbhanga,Darbhanga Central,Apartment,3,1190,4,10,12,7,Semi-Furnished,1,0,13930062
Bihar,Darbhanga,Darbhanga Central,Independent House,4,2540,3,7,14,6,Semi-Furnished,1,1,29429857
Bihar,Darbhanga,Darbhanga Central,Apartment,4,3060,3,6,8,6,Unfurnished,1,2,24284630
Bihar,Darbhanga,Darbhanga Central,Apartment,1,2060,1,13,18,4,Unfurnished,0,2,19296140
Bihar,Darbhanga,Darbhanga Central,Apartment,3,2640,2,2,20,9,Unfurnished,0,2,33075162
Bihar,Darbhanga,Darbhanga Central,Independent House,5,560,4,3,19,7,Semi-Furnished,2,3,6431689
Bihar,Darbhanga,Darbhanga Central,Apartment,2,2530,3,10,19,5,Semi-Furnished,2,0,24534525
Bihar,Darbhanga,Darbhanga Central,Independent House,3,800,3,13,13,21,Semi-Furnished,1,2,7819072
Bihar,Darbhanga,Darbhanga Central,Apartment,5,1120,4,2,5,13,Semi-Furnished,0,3,15555362
Bihar,Darbhanga,Darbhanga Central,Apartment,1,1730,1,1,9,23,Semi-Furnished,0,0,16994558
Bihar,Purnia,Purnia Central,Independent House,1,2710,2,10,10,14,Furnished,0,2,33887089
Bihar,Purnia,Purnia Central,Apartment,4,1250,3,4,16,6,Semi-Furnished,2,3,17899704
Bihar,Purnia,Purnia Central,Apartment,5,1090,5,6,18,12,Furnished,0,3,10679158
Bihar,Purnia,Purnia Central,Apartment,2,3100,2,5,8,3,Unfurnished,1,1,34878561
Bihar,Purnia,Purnia Central,Villa,5,3070,4,4,13,5,Semi-Furnished,0,2,36633449
Bihar,Purnia,Purnia Central,Villa,4,2260,3,10,10,11,Semi-Furnished,1,2,29749005
Bihar,Purnia,Purnia Central,Apartment,1,1740,1,12,12,12,Semi-Furnished,2,1,20591601
Bihar,Purnia,Purnia Central,Apartment,5,1430,4,10,10,20,Unfurnished,0,2,17886756
Bihar,Purnia,Purnia Central,Apartment,4,2370,5,8,8,19,Furnished,2,0,33051530
Bihar,Purnia,Purnia Central,Apartment,3,2560,4,0,8,14,Semi-Furnished,0,1,32305654
Bihar,Purnia,Purnia Central,Independent House,3,3190,2,0,15,1,Semi-Furnished,0,2,46227234
Bihar,Purnia,Purnia Central,Apartment,2,1030,1,12,12,8,Semi-Furnished,1,0,10548438
Bihar,Purnia,Purnia Central,Villa,1,730,1,12,20,22,Semi-Furnished,0,3,8500403
Bihar,Purnia,Purnia Central,Independent House,1,2440,1,1,4,2,Unfurnished,1,0,24522727
Bihar,Purnia,Purnia Central,Independent House,2,3160,3,7,14,17,Furnished,1,0,39428590
Bihar,Purnia,Purnia Central,Apartment,4,1510,3,12,12,18,Furnished,2,1,16710651
Bihar,Purnia,Purnia Central,Independent House,1,700,1,2,3,25,Furnished,1,1,6825035
Bihar,Purnia,Purnia Central,Independent House,4,620,4,12,12,6,Semi-Furnished,0,2,8458053
Chhattisgarh,Raipur,Raipur Central,Independent House,3,950,4,13,19,14,Furnished,2,2,5865434
Chhattisgarh,Raipur,Raipur Central,Apartment,5,1650,4,15,15,2,Unfurnished,1,1,13316770
Chhattisgarh,Raipur,Raipur Central,Apartment,5,2640,5,4,8,25,Semi-Furnished,1,0,16653436
Chhattisgarh,Raipur,Raipur Central,Independent House,1,1420,1,4,14,21,Semi-Furnished,0,0,6598412
Chhattisgarh,Raipur,Raipur Central,Independent House,5,2340,4,2,9,12,Semi-Furnished,0,0,15195186
Chhattisgarh,Raipur,Raipur Central,Apartment,2,810,1,3,6,13,Furnished,0,1,3968779
Chhattisgarh,Raipur,Raipur Central,Villa,4,2930,4,2,3,24,Unfurnished,2,2,20351296
Chhattisgarh,Raipur,Raipur Central,Apartment,2,2670,3,8,12,15,Furnished,1,1,14988199
Chhattisgarh,Raipur,Raipur Central,Apartment,4,640,5,4,12,7,Semi-Furnished,0,0,3466791
Chhattisgarh,Raipur,Raipur Central,Apartment,1,2390,1,1,5,7,Semi-Furnished,1,0,12389258
Chhattisgarh,Raipur,Raipur Central,Villa,2,3070,1,2,13,8,Semi-Furnished,2,2,18182695
Chhattisgarh,Raipur,Raipur Central,Apartment,3,2720,3,15,15,4,Semi-Furnished,1,2,17736030
Chhattisgarh,Raipur,Raipur Central,Apartment,1,1280,1,0,13,2,Semi-Furnished,0,1,6011930
Chhattisgarh,Raipur,Raipur Central,Independent House,1,1690,1,8,10,12,Semi-Furnished,0,1,9710276
Chhattisgarh,Raipur,Raipur Central,Apartment,2,2550,2,2,19,24,Unfurnished,1,1,12187533
Chhattisgarh,Raipur,Raipur Central,Apartment,5,3190,5,3,3,2,Unfurnished,1,2,19881209
Chhattisgarh,Raipur,Raipur Central,Apartment,1,3020,2,6,6,20,Semi-Furnished,1,0,11830883
Chhattisgarh,Raipur,Raipur Central,Apartment,5,810,4,15,15,2,Unfurnished,2,2,5209207
Chhattisgarh,Bhilai,Bhilai Central,Apartment,3,2150,4,14,14,5,Furnished,1,0,19027786
Chhattisgarh,Bhilai,Bhilai Central,Apartment,3,1270,2,2,8,18,Semi-Furnished,1,2,9449307
Chhattisgarh,Bhilai,Bhilai Central,Apartment,5,1320,5,5,5,23,Furnished,0,0,10537845
Chhattisgarh,Bhilai,Bhilai Central,Apartment,3,2330,4,5,8,21,Semi-Furnished,2,0,12936389
Chhattisgarh,Bhilai,Bhilai Central,Apartment,5,650,4,9,12,0,Semi-Furnished,2,1,6429093
Chhattisgarh,Bhilai,Bhilai Central,Apartment,1,2310,1,13,13,22,Semi-Furnished,0,1,13768340
Chhattisgarh,Bhilai,Bhilai Central,Apartment,3,2380,3,0,18,8,Semi-Furnished,1,0,19934956
Chhattisgarh,Bhilai,Bhilai Central,Apartment,1,980,1,10,19,9,Unfurnished,1,1,7470506
Chhattisgarh,Bhilai,Bhilai Central,Villa,1,1310,2,8,8,3,Semi-Furnished,1,2,9699359
Chhattisgarh,Bhilai,Bhilai Central,Apartment,5,3050,5,6,14,13,Unfurnished,0,3,25334210
Chhattisgarh,Bhilai,Bhilai Central,Apartment,2,2510,3,1,14,22,Unfurnished,1,2,18431758
Chhattisgarh,Bhilai,Bhilai Central,Villa,3,2760,3,13,17,11,Furnished,1,2,23128078
Chhattisgarh,Bhilai,Bhilai Central,Independent House,5,1890,4,8,11,18,Unfurnished,1,0,16496947
Chhattisgarh,Bhilai,Bhilai Central,Independent House,4,1160,4,1,18,11,Unfurnished,0,3,7750714
Chhattisgarh,Bhilai,Bhilai Central,Apartment,2,2290,2,10,10,2,Semi-Furnished,2,3,18319566
Chhattisgarh,Bhilai,Bhilai Central,Apartment,3,2720,3,7,7,18,Furnished,2,0,18722909
Chhattisgarh,Bhilai,Bhilai Central,Apartment,5,1420,4,5,6,11,Semi-Furnished,2,0,12864667
Chhattisgarh,Bhilai,Bhilai Central,Apartment,5,1510,5,11,16,2,Semi-Furnished,0,1,11042384
Chhattisgarh,Bilaspur,Bilaspur Central,Apartment,1,2380,1,2,20,21,Unfurnished,1,3,10464480
Chhattisgarh,Bilaspur,Bilaspur Central,Independent House,1,2940,1,7,16,0,Semi-Furnished,1,0,18287638
Chhattisgarh,Bilaspur,Bilaspur Central,Apartment,4,2540,5,7,7,2,Semi-Furnished,2,3,16490566
Chhattisgarh,Bilaspur,Bilaspur Central,Apartment,3,1730,3,11,11,20,Semi-Furnished,2,3,9630292
Chhattisgarh,Bilaspur,Bilaspur Central,Apartment,1,3020,1,1,17,7,Semi-Furnished,2,2,18361015
Chhattisgarh,Bilaspur,Bilaspur Central,Independent House,1,2530,2,9,10,5,Unfurnished,0,2,14332769
Chhattisgarh,Bilaspur,Bilaspur Central,Apartment,5,2810,5,3,15,13,Furnished,2,3,20319752
Chhattisgarh,Bilaspur,Bilaspur Central,Apartment,3,2810,3,9,13,23,Unfurnished,2,2,14341462
Chhattisgarh,Bilaspur,Bilaspur Central,Independent House,4,1860,5,8,20,11,Unfurnished,1,2,10170890
Chhattisgarh,Bilaspur,Bilaspur Central,Independent House,2,3120,3,13,13,11,Semi-Furnished,0,2,18543023
Chhattisgarh,Bilaspur,Bilaspur Central,Apartment,3,1930,4,12,12,15,Semi-Furnished,2,1,13428837
Chhattisgarh,Bilaspur,Bilaspur Central,Apartment,5,950,5,15,15,9,Unfurnished,0,1,7534096
Chhattisgarh,Bilaspur,Bilaspur Central,Apartment,4,2410,5,12,12,7,Semi-Furnished,0,1,16297998
Chhattisgarh,Bilaspur,Bilaspur Central,Apartment,4,1990,5,10,10,14,Semi-Furnished,1,1,16480429
Chhattisgarh,Bilaspur,Bilaspur Central,Independent House,1,850,2,4,7,6,Semi-Furnished,0,2,5431623
Chhattisgarh,Bilaspur,Bilaspur Central,Villa,1,2660,1,6,11,24,Semi-Furnished,1,2,14762756
Chhattisgarh,Bilaspur,Bilaspur Central,Villa,1,2940,1,12,18,23,Furnished,0,1,17856609
Chhattisgarh,Bilaspur,Bilaspur Central,Apartment,2,1360,3,14,14,4,Semi-Furnished,0,1,8659077
Chhattisgarh,Korba,Korba Central,Independent House,1,2720,1,0,16,10,Unfurnished,1,3,15749824
Chhattisgarh,Korba,Korba Central,Independent House,3,2460,4,1,10,10,Semi-Furnished,2,3,17794399
Chhattisgarh,Korba,Korba Central,Independent House,3,2680,2,4,4,1,Unfurnished,1,3,20316827
Chhattisgarh,Korba,Korba Central,Apartment,2,1710,1,15,15,17,Semi-Furnished,1,3,10480948
Chhattisgarh,Korba,Korba Central,Apartment,3,920,2,5,14,6,Unfurnished,1,1,5283125
Chhattisgarh,Korba,Korba Central,Independent House,1,2910,1,5,5,23,Semi-Furnished,2,1,13145617
Chhattisgarh,Korba,Korba Central,Apartment,3,2190,2,6,14,6,Furnished,1,2,15142691
Chhattisgarh,Korba,Korba Central,Apartment,2,2330,2,12,20,23,Unfurnished,1,2,14509718
Chhattisgarh,Korba,Korba Central,Independent House,3,2110,2,4,17,7,Unfurnished,1,2,14394407
Chhattisgarh,Korba,Korba Central,Apartment,4,630,5,10,16,2,Unfurnished,0,1,4736489
Chhattisgarh,Korba,Korba Central,Apartment,2,1200,3,14,14,11,Unfurnished,1,0,8309266
Chhattisgarh,Korba,Korba Central,Apartment,5,760,4,8,8,13,Furnished,0,0,6034892
Chhattisgarh,Korba,Korba Central,Apartment,3,2900,4,5,5,6,Semi-Furnished,1,0,20278410
Chhattisgarh,Korba,Korba Central,Apartment,1,2070,1,0,7,22,Unfurnished,2,3,11162275
Chhattisgarh,Korba,Korba Central,Apartment,2,1400,2,0,15,24,Unfurnished,0,0,7543513
Chhattisgarh,Korba,Korba Central,Apartment,4,1840,3,5,20,2,Semi-Furnished,1,2,14240270
Chhattisgarh,Korba,Korba Central,Apartment,4,650,4,3,16,6,Semi-Furnished,2,1,4424048
Chhattisgarh,Korba,Korba Central,Apartment,3,670,2,1,5,12,Furnished,1,2,5188082
Chhattisgarh,Durg,Durg Central,Apartment,3,710,2,13,13,2,Semi-Furnished,2,2,5600404
Chhattisgarh,Durg,Durg Central,Independent House,1,2560,2,14,17,24,Furnished,1,2,14232895
Chhattisgarh,Durg,Durg Central,Independent House,5,3020,5,10,18,15,Semi-Furnished,0,1,25646896
Chhattisgarh,Durg,Durg Central,Apartment,4,2660,5,1,16,22,Semi-Furnished,1,3,16859628
Chhattisgarh,Durg,Durg Central,Apartment,3,2070,3,3,6,17,Furnished,1,2,13503913
Chhattisgarh,Durg,Durg Central,Apartment,4,1710,3,12,12,16,Furnished,0,0,10398590
Chhattisgarh,Durg,Durg Central,Apartment,2,1210,3,13,13,22,Unfurnished,2,2,5542310
Chhattisgarh,Durg,Durg Central,Apartment,1,2540,1,4,6,16,Unfurnished,0,3,14849415
Chhattisgarh,Durg,Durg Central,Apartment,1,3160,1,12,12,12,Unfurnished,1,3,18036453
Chhattisgarh,Durg,Durg Central,Independent House,2,1440,2,5,20,5,Furnished,1,2,7897821
Chhattisgarh,Durg,Durg Central,Independent House,3,2650,3,12,16,9,Unfurnished,0,3,14912509
Chhattisgarh,Durg,Durg Central,Apartment,3,2760,4,11,19,7,Semi-Furnished,0,3,18595851
Chhattisgarh,Durg,Durg Central,Apartment,5,1470,5,0,1,16,Semi-Furnished,2,0,11458245
Chhattisgarh,Durg,Durg Central,Independent House,1,2280,1,0,6,14,Semi-Furnished,0,0,11495141
Chhattisgarh,Durg,Durg Central,Apartment,1,1370,1,7,14,13,Unfurnished,2,2,8326037
Chhattisgarh,Durg,Durg Central,Apartment,2,2660,2,3,3,24,Semi-Furnished,2,1,15300369
Chhattisgarh,Durg,Durg Central,Independent House,5,1680,4,10,16,2,Furnished,1,2,12567215
Chhattisgarh,Durg,Durg Central,Apartment,3,630,4,2,7,14,Unfurnished,2,3,3237304
Chhattisgarh,Jagdalpur,Jagdalpur Central,Apartment,4,1810,4,4,6,10,Semi-Furnished,0,1,15659593
Chhattisgarh,Jagdalpur,Jagdalpur Central,Apartment,5,650,5,13,13,19,Semi-Furnished,1,2,4777518
Chhattisgarh,Jagdalpur,Jagdalpur Central,Apartment,2,2490,3,8,9,16,Unfurnished,1,1,16837398
Chhattisgarh,Jagdalpur,Jagdalpur Central,Apartment,5,1580,5,2,9,11,Furnished,2,2,11808315
Chhattisgarh,Jagdalpur,Jagdalpur Central,Independent House,1,1790,1,3,19,21,Semi-Furnished,1,1,10652161
Chhattisgarh,Jagdalpur,Jagdalpur Central,Apartment,1,1230,1,13,13,4,Semi-Furnished,0,0,9602878
Chhattisgarh,Jagdalpur,Jagdalpur Central,Apartment,3,3190,3,2,2,16,Furnished,2,1,25589802
Chhattisgarh,Jagdalpur,Jagdalpur Central,Apartment,3,2970,4,3,3,12,Furnished,1,3,18013425
Chhattisgarh,Jagdalpur,Jagdalpur Central,Apartment,5,3010,4,7,11,10,Semi-Furnished,2,2,26700447
Chhattisgarh,Jagdalpur,Jagdalpur Central,Apartment,5,2190,4,8,8,19,Unfurnished,1,0,15886737
Chhattisgarh,Jagdalpur,Jagdalpur Central,Apartment,4,2410,4,1,17,6,Semi-Furnished,1,3,18878292
Chhattisgarh,Jagdalpur,Jagdalpur Central,Apartment,4,2720,4,4,8,4,Furnished,1,1,20259865
Chhattisgarh,Jagdalpur,Jagdalpur Central,Independent House,3,1920,3,7,7,23,Semi-Furnished,2,3,15568573
Chhattisgarh,Jagdalpur,Jagdalpur Central,Apartment,2,2990,1,11,17,1,Semi-Furnished,0,0,20099958
Chhattisgarh,Jagdalpur,Jagdalpur Central,Apartment,4,1950,4,9,10,20,Unfurnished,0,1,9875309
Chhattisgarh,Jagdalpur,Jagdalpur Central,Apartment,2,2270,2,14,14,10,Unfurnished,2,0,12518953
Chhattisgarh,Jagdalpur,Jagdalpur Central,Apartment,5,1020,5,13,18,5,Unfurnished,2,1,8717194
Chhattisgarh,Jagdalpur,Jagdalpur Central,Independent House,2,3090,3,0,12,16,Unfurnished,0,3,20489644
Goa,Panaji,Panaji Central,Apartment,4,830,4,2,14,1,Unfurnished,2,1,10589339
Goa,Panaji,Panaji Central,Apartment,2,780,2,1,3,11,Semi-Furnished,1,3,10968654
Goa,Panaji,Panaji Central,Apartment,5,1930,4,14,14,18,Unfurnished,1,0,24885132
Goa,Panaji,Panaji Central,Apartment,5,2270,4,3,5,9,Semi-Furnished,0,1,29772248
Goa,Panaji,Panaji Central,Villa,3,1130,3,14,20,3,Furnished,1,1,18365297
Goa,Panaji,Panaji Central,Apartment,5,1400,4,13,13,0,Unfurnished,2,1,18878908
Goa,Panaji,Panaji Central,Independent House,4,2440,4,4,11,6,Unfurnished,1,0,26247791
Goa,Panaji,Panaji Central,Apartment,4,950,3,15,15,10,Unfurnished,0,3,13274758
Goa,Panaji,Panaji Central,Apartment,3,2040,3,15,15,6,Semi-Furnished,0,2,24074311
Goa,Panaji,Panaji Central,Villa,5,1060,4,4,19,10,Semi-Furnished,1,2,17030880
Goa,Panaji,Panaji Central,Apartment,4,1820,5,12,13,16,Semi-Furnished,0,2,23334750
Goa,Panaji,Panaji Central,Apartment,4,1380,5,14,14,21,Furnished,1,3,19267438
Goa,Panaji,Panaji Central,Apartment,4,3000,4,5,6,19,Unfurnished,1,1,32177958
Goa,Panaji,Panaji Central,Apartment,3,3060,4,10,17,4,Semi-Furnished,0,3,46617029
Goa,Panaji,Panaji Central,Independent House,2,3070,2,11,15,3,Furnished,2,0,37480414
Goa,Panaji,Panaji Central,Apartment,2,860,3,13,19,3,Semi-Furnished,2,0,12437746
Goa,Panaji,Panaji Central,Apartment,3,2260,3,13,13,15,Unfurnished,1,2,26162442
Goa,Panaji,Panaji Central,Apartment,1,960,1,4,15,24,Unfurnished,0,1,12452242
Goa,Margao,Margao Central,Apartment,5,2990,5,10,10,7,Unfurnished,1,0,42539201
Goa,Margao,Margao Central,Apartment,3,2760,2,3,12,11,Semi-Furnished,0,2,43909649
Goa,Margao,Margao Central,Independent House,3,2940,2,7,7,11,Semi-Furnished,0,3,41152120
Goa,Margao,Margao Central,Villa,5,2430,5,5,7,1,Semi-Furnished,1,3,36516595
Goa,Margao,Margao Central,Apartment,4,1870,5,5,18,8,Semi-Furnished,2,1,23421036
Goa,Margao,Margao Central,Independent House,4,3070,5,6,20,14,Semi-Furnished,1,0,45661843
Goa,Margao,Margao Central,Villa,5,1820,5,12,13,14,Semi-Furnished,0,1,26809899
Goa,Margao,Margao Central,Apartment,1,1900,1,12,15,8,Furnished,0,3,23864522
Goa,Margao,Margao Central,Apartment,1,1950,1,6,6,20,Semi-Furnished,0,0,22379513
Goa,Margao,Margao Central,Apartment,4,1700,4,5,9,2,Semi-Furnished,1,1,26272104
Goa,Margao,Margao Central,Apartment,1,560,2,3,5,10,Semi-Furnished,1,2,7480768
Goa,Margao,Margao Central,Independent House,3,2820,3,11,11,8,Unfurnished,2,1,37930730
Goa,Margao,Margao Central,Independent House,4,1760,5,4,6,22,Furnished,2,3,22362812
Goa,Margao,Margao Central,Independent House,2,2170,3,2,15,14,Furnished,2,0,25429058
Goa,Margao,Margao Central,Independent House,2,1830,3,14,14,12,Unfurnished,0,0,20539670
Goa,Margao,Margao Central,Apartment,2,760,3,14,14,10,Furnished,2,2,10691333
Goa,Margao,Margao Central,Apartment,1,2890,1,1,17,17,Unfurnished,2,0,41356602
Goa,Margao,Margao Central,Apartment,1,2520,2,8,9,23,Unfurnished,2,0,27622870
Goa,Vasco da Gama,Vasco da Gama Central,Apartment,2,1490,2,1,4,1,Semi-Furnished,0,2,21887356
Goa,Vasco da Gama,Vasco da Gama Central,Apartment,1,3130,2,11,11,6,Unfurnished,1,0,39119449
Goa,Vasco da Gama,Vasco da Gama Central,Apartment,3,2860,3,6,6,18,Semi-Furnished,2,3,34959247
Goa,Vasco da Gama,Vasco da Gama Central,Apartment,3,2490,4,7,8,10,Unfurnished,2,3,32878488
Goa,Vasco da Gama,Vasco da Gama Central,Independent House,4,2280,5,7,11,16,Semi-Furnished,1,2,30862077
Goa,Vasco da Gama,Vasco da Gama Central,Apartment,3,2810,2,4,7,8,Furnished,0,0,35747327
Goa,Vasco da Gama,Vasco da Gama Central,Apartment,3,1950,4,8,10,0,Unfurnished,1,3,29041565
Goa,Vasco da Gama,Vasco da Gama Central,Apartment,3,3090,4,14,14,18,Furnished,2,2,43211900
Goa,Vasco da Gama,Vasco da Gama Central,Independent House,3,2710,4,7,10,14,Furnished,0,3,31570366
Goa,Vasco da Gama,Vasco da Gama Central,Apartment,1,1110,1,14,14,22,Furnished,1,2,13566978
Goa,Vasco da Gama,Vasco da Gama Central,Apartment,5,1490,5,14,14,3,Furnished,2,3,20075550
Goa,Vasco da Gama,Vasco da Gama Central,Apartment,3,3180,3,3,3,23,Unfurnished,2,2,37049952
Goa,Vasco da Gama,Vasco da Gama Central,Apartment,3,1610,3,4,14,5,Semi-Furnished,2,1,23612054
Goa,Vasco da Gama,Vasco da Gama Central,Apartment,1,3190,1,6,12,8,Unfurnished,0,1,38957306
Goa,Vasco da Gama,Vasco da Gama Central,Independent House,1,2210,1,12,17,0,Unfurnished,0,0,33738037
Goa,Vasco da Gama,Vasco da Gama Central,Independent House,3,3020,4,9,17,21,Semi-Furnished,2,2,54890874
Goa,Vasco da Gama,Vasco da Gama Central,Apartment,4,700,3,0,15,21,Unfurnished,1,3,10478050
Goa,Vasco da Gama,Vasco da Gama Central,Apartment,5,810,5,0,17,16,Semi-Furnished,2,0,11765304
Goa,Mapusa,Mapusa Central,Independent House,5,610,5,0,3,20,Unfurnished,2,2,7910632
Goa,Mapusa,Mapusa Central,Independent House,3,2480,4,11,11,8,Furnished,1,3,32286154
Goa,Mapusa,Mapusa Central,Apartment,5,730,5,3,14,18,Furnished,2,3,11854341
Goa,Mapusa,Mapusa Central,Apartment,4,1830,5,14,14,16,Semi-Furnished,2,3,24475834
Goa,Mapusa,Mapusa Central,Apartment,2,1810,2,0,6,20,Semi-Furnished,2,0,23166630
Goa,Mapusa,Mapusa Central,Apartment,1,980,1,11,11,24,Semi-Furnished,2,3,13331787
Goa,Mapusa,Mapusa Central,Apartment,5,1930,4,1,17,20,Semi-Furnished,1,3,26315402
Goa,Mapusa,Mapusa Central,Apartment,3,950,4,1,16,21,Unfurnished,0,2,12139058
Goa,Mapusa,Mapusa Central,Apartment,1,1500,1,5,5,14,Semi-Furnished,2,3,17830266
Goa,Mapusa,Mapusa Central,Apartment,4,2520,3,14,14,13,Semi-Furnished,1,3,36088920
Goa,Mapusa,Mapusa Central,Apartment,2,2860,1,11,15,19,Unfurnished,0,0,37732299
Goa,Mapusa,Mapusa Central,Apartment,5,2600,5,10,11,24,Unfurnished,0,1,34660358
Goa,Mapusa,Mapusa Central,Apartment,3,2170,2,8,8,6,Semi-Furnished,1,0,27302362
Goa,Mapusa,Mapusa Central,Villa,2,620,1,1,8,25,Furnished,2,2,7206567
Goa,Mapusa,Mapusa Central,Apartment,5,2740,4,7,7,9,Semi-Furnished,0,1,41060137
Goa,Mapusa,Mapusa Central,Apartment,4,2960,3,7,10,14,Semi-Furnished,0,2,44020351
Goa,Mapusa,Mapusa Central,Independent House,1,2780,2,5,11,14,Semi-Furnished,0,1,36268365
Goa,Mapusa,Mapusa Central,Independent House,4,2090,3,10,10,8,Semi-Furnished,1,1,37486745
Goa,Porvorim,Porvorim Central,Apartment,4,1010,3,15,20,22,Semi-Furnished,2,0,16800969
Goa,Porvorim,Porvorim Central,Apartment,5,1280,5,1,14,0,Semi-Furnished,1,2,26735628
Goa,Porvorim,Porvorim Central,Apartment,4,2740,5,13,16,11,Semi-Furnished,2,0,55018641
Goa,Porvorim,Porvorim Central,Apartment,4,1290,5,12,12,8,Unfurnished,2,2,22728503
Goa,Porvorim,Porvorim Central,Apartment,2,3190,1,15,15,19,Semi-Furnished,0,1,41234405
Goa,Porvorim,Porvorim Central,Apartment,1,2590,1,12,12,11,Semi-Furnished,0,0,36509272
Goa,Porvorim,Porvorim Central,Independent House,4,1640,3,12,12,22,Semi-Furnished,2,2,25715736
Goa,Porvorim,Porvorim Central,Apartment,5,870,4,13,13,15,Semi-Furnished,1,3,12901057
Goa,Porvorim,Porvorim Central,Independent House,4,770,4,6,15,14,Furnished,0,2,10310983
Goa,Porvorim,Porvorim Central,Apartment,5,2350,4,10,10,21,Semi-Furnished,1,2,31399385
Goa,Porvorim,Porvorim Central,Independent House,3,1880,2,11,11,2,Furnished,0,1,33628088
Goa,Porvorim,Porvorim Central,Apartment,1,620,2,8,8,10,Semi-Furnished,2,3,9243352
Goa,Porvorim,Porvorim Central,Apartment,1,2470,1,3,3,12,Semi-Furnished,1,2,36796681
Goa,Porvorim,Porvorim Central,Independent House,1,2520,2,5,15,22,Unfurnished,1,3,33662758
Goa,Porvorim,Porvorim Central,Apartment,1,1270,2,15,16,22,Semi-Furnished,0,0,16975645
Goa,Porvorim,Porvorim Central,Independent House,5,2070,4,11,11,13,Unfurnished,1,3,35677154
Goa,Porvorim,Porvorim Central,Apartment,2,2720,1,10,14,23,Unfurnished,1,3,37863437
Goa,Porvorim,Porvorim Central,Independent House,4,3150,5,6,19,17,Semi-Furnished,0,2,50790428
Gujarat,Ahmedabad,Ahmedabad Central,Independent House,5,1170,5,6,6,22,Unfurnished,0,3,14994073
Gujarat,Ahmedabad,Ahmedabad Central,Apartment,2,1030,1,5,19,23,Semi-Furnished,1,3,13753872
Gujarat,Ahmedabad,Ahmedabad Central,Independent House,2,2400,1,11,11,19,Unfurnished,0,3,37650728
Gujarat,Ahmedabad,Ahmedabad Central,Apartment,3,1350,4,8,8,1,Semi-Furnished,1,0,22437176
Gujarat,Ahmedabad,Ahmedabad Central,Apartment,3,1730,3,12,13,16,Furnished,2,3,18815601
Gujarat,Ahmedabad,Ahmedabad Central,Apartment,4,2200,5,2,6,7,Unfurnished,1,1,36122797
Gujarat,Ahmedabad,Ahmedabad Central,Independent House,4,1410,3,13,13,13,Unfurnished,0,2,20907056
Gujarat,Ahmedabad,Ahmedabad Central,Apartment,5,1130,4,6,6,14,Semi-Furnished,1,1,14438376
Gujarat,Ahmedabad,Ahmedabad Central,Apartment,4,2980,3,3,17,4,Semi-Furnished,1,3,44018497
Gujarat,Ahmedabad,Ahmedabad Central,Independent House,4,870,4,1,3,17,Furnished,2,2,11308660
Gujarat,Ahmedabad,Ahmedabad Central,Apartment,2,2360,3,7,12,21,Unfurnished,0,1,33771842
Gujarat,Ahmedabad,Ahmedabad Central,Apartment,5,1450,5,7,7,10,Unfurnished,2,0,21034770
Gujarat,Ahmedabad,Ahmedabad Central,Apartment,1,2290,1,11,11,17,Unfurnished,2,3,26149934
Gujarat,Ahmedabad,Ahmedabad Central,Independent House,5,670,5,5,7,8,Furnished,0,1,10580533
Gujarat,Ahmedabad,Ahmedabad Central,Apartment,3,2820,4,6,15,20,Unfurnished,2,3,36629281
Gujarat,Ahmedabad,Ahmedabad Central,Apartment,2,2320,2,14,16,10,Semi-Furnished,1,3,37138382
Gujarat,Ahmedabad,Ahmedabad Central,Apartment,4,1450,4,13,13,22,Unfurnished,1,1,19480402
Gujarat,Ahmedabad,Ahmedabad Central,Apartment,1,1460,2,6,19,12,Semi-Furnished,1,2,21708485
Gujarat,Vadodara,Vadodara Central,Apartment,5,1460,5,6,9,10,Unfurnished,0,2,22075581
Gujarat,Vadodara,Vadodara Central,Apartment,5,2170,4,4,6,20,Furnished,0,2,29526729
Gujarat,Vadodara,Vadodara Central,Apartment,1,1380,2,14,19,10,Unfurnished,1,2,19188150
Gujarat,Vadodara,Vadodara Central,Independent House,1,680,1,0,5,9,Unfurnished,1,3,8285725
Gujarat,Vadodara,Vadodara Central,Apartment,3,730,2,6,18,5,Semi-Furnished,2,0,8843774
Gujarat,Vadodara,Vadodara Central,Apartment,2,1950,2,3,11,0,Furnished,1,1,32010118
Gujarat,Vadodara,Vadodara Central,Apartment,3,720,4,7,19,23,Semi-Furnished,2,2,8696046
Gujarat,Vadodara,Vadodara Central,Apartment,4,1270,4,8,15,13,Unfurnished,0,2,18347343
Gujarat,Vadodara,Vadodara Central,Apartment,4,560,4,7,9,0,Unfurnished,1,0,7922676
Gujarat,Vadodara,Vadodara Central,Villa,4,2280,3,3,12,14,Furnished,1,3,41396782
Gujarat,Vadodara,Vadodara Central,Apartment,1,1390,2,7,10,18,Semi-Furnished,2,0,18127170
Gujarat,Vadodara,Vadodara Central,Apartment,5,3080,4,7,10,13,Unfurnished,2,3,45664689
Gujarat,Vadodara,Vadodara Central,Apartment,3,1700,2,7,17,4,Semi-Furnished,2,2,23498454
Gujarat,Vadodara,Vadodara Central,Apartment,4,2120,4,3,14,11,Semi-Furnished,2,2,31604581
Gujarat,Vadodara,Vadodara Central,Apartment,4,1680,3,15,15,0,Semi-Furnished,2,2,19434556
Gujarat,Vadodara,Vadodara Central,Independent House,3,1270,3,4,9,12,Semi-Furnished,2,0,18677992
Gujarat,Vadodara,Vadodara Central,Apartment,5,2630,5,0,14,20,Unfurnished,1,2,41627218
Gujarat,Vadodara,Vadodara Central,Apartment,4,2740,3,13,13,23,Unfurnished,0,3,36059683
Gujarat,Surat,Surat Central,Apartment,4,1270,4,9,9,17,Semi-Furnished,0,2,15781863
Gujarat,Surat,Surat Central,Independent House,4,2600,3,5,5,0,Furnished,2,0,38685036
Gujarat,Surat,Surat Central,Apartment,3,1770,3,12,12,17,Unfurnished,0,3,21130764
Gujarat,Surat,Surat Central,Apartment,5,2600,5,6,6,22,Unfurnished,0,1,34517579
Gujarat,Surat,Surat Central,Independent House,2,1690,1,11,11,13,Semi-Furnished,0,2,17794398
Gujarat,Surat,Surat Central,Apartment,3,2350,3,14,14,8,Unfurnished,2,2,30963811
Gujarat,Surat,Surat Central,Apartment,4,2820,5,13,13,3,Semi-Furnished,1,3,45759834
Gujarat,Surat,Surat Central,Apartment,5,1290,5,3,10,12,Semi-Furnished,0,0,17059563
Gujarat,Surat,Surat Central,Apartment,4,2900,5,14,14,18,Unfurnished,2,3,29758511
Gujarat,Surat,Surat Central,Apartment,5,2060,5,7,7,8,Semi-Furnished,2,0,30298542
Gujarat,Surat,Surat Central,Apartment,1,1570,2,5,15,23,Furnished,0,2,16407790
Gujarat,Surat,Surat Central,Apartment,1,1630,1,9,18,25,Unfurnished,1,1,16865010
Gujarat,Surat,Surat Central,Independent House,5,1120,5,8,16,17,Unfurnished,2,2,14005957
Gujarat,Surat,Surat Central,Apartment,2,1210,2,14,15,12,Semi-Furnished,2,2,15517216
Gujarat,Surat,Surat Central,Apartment,2,2820,1,14,14,9,Furnished,1,3,31520711
Gujarat,Surat,Surat Central,Independent House,3,2620,3,4,15,20,Unfurnished,1,0,27516647
Gujarat,Surat,Surat Central,Independent House,4,1150,3,1,8,24,Unfurnished,2,2,14888921
Gujarat,Surat,Surat Central,Apartment,4,970,4,5,5,1,Unfurnished,0,1,14388090
Gujarat,Rajkot,Rajkot Central,Independent House,3,630,3,2,7,16,Unfurnished,2,3,6290801
Gujarat,Rajkot,Rajkot Central,Apartment,3,1640,3,4,19,1,Furnished,0,3,17684834
Gujarat,Rajkot,Rajkot Central,Apartment,4,1370,3,9,13,20,Semi-Furnished,1,0,17010821
Gujarat,Rajkot,Rajkot Central,Independent House,2,820,1,7,8,11,Semi-Furnished,1,2,8924806
Gujarat,Rajkot,Rajkot Central,Apartment,5,990,5,5,5,24,Semi-Furnished,1,2,13497432
Gujarat,Rajkot,Rajkot Central,Apartment,4,990,3,10,14,24,Semi-Furnished,2,2,12364927
Gujarat,Rajkot,Rajkot Central,Apartment,2,1170,2,12,12,15,Semi-Furnished,0,1,14186269
Gujarat,Rajkot,Rajkot Central,Apartment,4,1840,4,5,17,12,Furnished,1,3,24534439
Gujarat,Rajkot,Rajkot Central,Apartment,2,2230,2,11,12,8,Semi-Furnished,1,0,27718301
Gujarat,Rajkot,Rajkot Central,Apartment,5,2800,4,3,4,1,Semi-Furnished,1,3,31594195
Gujarat,Rajkot,Rajkot Central,Apartment,3,2890,4,2,7,24,Unfurnished,1,1,29944332
Gujarat,Rajkot,Rajkot Central,Independent House,1,3190,1,10,20,15,Unfurnished,2,0,40756995
Gujarat,Rajkot,Rajkot Central,Independent House,3,2030,2,0,11,20,Unfurnished,2,2,20258755
Gujarat,Rajkot,Rajkot Central,Apartment,3,690,2,6,6,14,Semi-Furnished,0,3,8629203
Gujarat,Rajkot,Rajkot Central,Apartment,5,2200,5,6,6,1,Semi-Furnished,1,1,28204110
Gujarat,Rajkot,Rajkot Central,Apartment,5,1890,5,7,7,15,Semi-Furnished,0,1,27597985
Gujarat,Rajkot,Rajkot Central,Apartment,5,1010,5,13,19,10,Unfurnished,0,1,14182124
Gujarat,Rajkot,Rajkot Central,Apartment,5,1650,5,0,16,19,Semi-Furnished,2,1,24785551
Gujarat,Gandhinagar,Gandhinagar Central,Independent House,1,3180,1,9,17,0,Semi-Furnished,2,3,32669613
Gujarat,Gandhinagar,Gandhinagar Central,Apartment,5,1330,4,3,10,17,Furnished,2,0,17081123
Gujarat,Gandhinagar,Gandhinagar Central,Apartment,3,1900,4,12,16,17,Semi-Furnished,1,3,19845153
Gujarat,Gandhinagar,Gandhinagar Central,Independent House,1,3000,1,6,11,4,Unfurnished,2,2,32134993
Gujarat,Gandhinagar,Gandhinagar Central,Apartment,1,1690,1,10,10,6,Unfurnished,0,0,19473139
Gujarat,Gandhinagar,Gandhinagar Central,Apartment,3,3130,2,5,10,4,Unfurnished,1,3,37412661
Gujarat,Gandhinagar,Gandhinagar Central,Apartment,3,690,2,11,13,6,Furnished,0,2,7423019
Gujarat,Gandhinagar,Gandhinagar Central,Independent House,4,3010,3,12,12,6,Furnished,1,3,36307971
Gujarat,Gandhinagar,Gandhinagar Central,Apartment,1,2290,1,1,2,3,Unfurnished,1,0,28508657
Gujarat,Gandhinagar,Gandhinagar Central,Apartment,3,2110,3,7,19,8,Furnished,1,0,22385430
Gujarat,Gandhinagar,Gandhinagar Central,Apartment,4,2270,5,3,3,8,Semi-Furnished,2,1,24254170
Gujarat,Gandhinagar,Gandhinagar Central,Apartment,5,2200,5,14,14,18,Unfurnished,0,0,26993035
Gujarat,Gandhinagar,Gandhinagar Central,Independent House,1,1880,1,9,9,25,Semi-Furnished,0,2,20833132
Gujarat,Gandhinagar,Gandhinagar Central,Apartment,1,2840,1,5,12,8,Furnished,2,2,28372878
Gujarat,Gandhinagar,Gandhinagar Central,Independent House,4,870,5,10,10,4,Furnished,0,1,10841891
Gujarat,Gandhinagar,Gandhinagar Central,Apartment,2,1980,1,4,10,25,Unfurnished,1,0,21156629
Gujarat,Gandhinagar,Gandhinagar Central,Apartment,5,680,5,14,14,8,Unfurnished,2,0,10717982
Gujarat,Gandhinagar,Gandhinagar Central,Apartment,4,2960,4,9,9,8,Semi-Furnished,1,1,40853138
Gujarat,Bhavnagar,Bhavnagar Central,Apartment,3,820,3,6,10,8,Unfurnished,2,1,9548343
Gujarat,Bhavnagar,Bhavnagar Central,Apartment,1,560,1,0,19,9,Furnished,0,1,5961824
Gujarat,Bhavnagar,Bhavnagar Central,Apartment,4,2430,4,11,11,15,Unfurnished,1,2,28393853
Gujarat,Bhavnagar,Bhavnagar Central,Apartment,5,1320,4,13,14,2,Semi-Furnished,0,2,16117325
Gujarat,Bhavnagar,Bhavnagar Central,Apartment,3,820,4,6,6,18,Unfurnished,0,3,9350565
Gujarat,Bhavnagar,Bhavnagar Central,Apartment,3,2870,3,8,8,25,Semi-Furnished,2,2,29559497
Gujarat,Bhavnagar,Bhavnagar Central,Apartment,3,960,4,11,11,22,Unfurnished,2,3,10904041
Gujarat,Bhavnagar,Bhavnagar Central,Independent House,1,1850,2,13,18,12,Furnished,1,1,20011476
Gujarat,Bhavnagar,Bhavnagar Central,Apartment,5,2080,5,12,20,24,Semi-Furnished,0,1,18644541
Gujarat,Bhavnagar,Bhavnagar Central,Apartment,1,1550,1,9,12,24,Semi-Furnished,2,1,12245603
Gujarat,Bhavnagar,Bhavnagar Central,Independent House,4,1430,4,15,16,16,Semi-Furnished,2,2,15097757
Gujarat,Bhavnagar,Bhavnagar Central,Apartment,4,1180,3,1,13,8,Semi-Furnished,2,2,13334441
Gujarat,Bhavnagar,Bhavnagar Central,Villa,1,580,1,15,15,9,Unfurnished,2,1,7220653
Gujarat,Bhavnagar,Bhavnagar Central,Independent House,5,1210,5,2,8,25,Semi-Furnished,1,0,15055382
Gujarat,Bhavnagar,Bhavnagar Central,Apartment,1,1620,1,13,18,19,Semi-Furnished,1,0,16469933
Gujarat,Bhavnagar,Bhavnagar Central,Villa,3,930,3,2,7,23,Semi-Furnished,1,3,9085986
Gujarat,Bhavnagar,Bhavnagar Central,Apartment,2,1200,1,5,14,11,Semi-Furnished,2,2,12794093
Gujarat,Bhavnagar,Bhavnagar Central,Apartment,2,1280,2,11,12,22,Furnished,2,1,15298134
Gujarat,Jamnagar,Jamnagar Central,Independent House,4,2460,5,7,19,19,Unfurnished,1,3,26824513
Gujarat,Jamnagar,Jamnagar Central,Villa,4,2270,5,5,9,20,Semi-Furnished,1,1,25050342
Gujarat,Jamnagar,Jamnagar Central,Apartment,3,2250,2,7,18,0,Furnished,1,3,24080146
Gujarat,Jamnagar,Jamnagar Central,Apartment,2,2620,3,7,20,1,Unfurnished,2,0,33018428
Gujarat,Jamnagar,Jamnagar Central,Apartment,1,2270,2,2,5,13,Semi-Furnished,1,3,25327760
Gujarat,Jamnagar,Jamnagar Central,Apartment,5,2390,5,0,16,23,Unfurnished,1,0,30588568
Gujarat,Jamnagar,Jamnagar Central,Apartment,3,1750,4,13,20,7,Semi-Furnished,0,1,21659887
Gujarat,Jamnagar,Jamnagar Central,Apartment,4,1640,3,1,1,8,Semi-Furnished,1,2,15029457
Gujarat,Jamnagar,Jamnagar Central,Apartment,4,1560,3,8,8,19,Semi-Furnished,0,0,15491790
Gujarat,Jamnagar,Jamnagar Central,Independent House,3,2710,2,9,9,23,Semi-Furnished,2,2,34984020
Gujarat,Jamnagar,Jamnagar Central,Apartment,2,630,3,15,15,3,Semi-Furnished,2,1,6369924
Gujarat,Jamnagar,Jamnagar Central,Independent House,1,560,2,4,17,23,Furnished,1,3,6238673
Gujarat,Jamnagar,Jamnagar Central,Independent House,1,1490,1,5,15,0,Semi-Furnished,0,0,14170954
Gujarat,Jamnagar,Jamnagar Central,Apartment,3,1090,4,6,17,1,Unfurnished,0,3,14708338
Gujarat,Jamnagar,Jamnagar Central,Independent House,2,3090,1,11,11,12,Semi-Furnished,1,1,33123769
Gujarat,Jamnagar,Jamnagar Central,Apartment,1,2070,2,9,11,13,Furnished,0,0,22118005
Gujarat,Jamnagar,Jamnagar Central,Independent House,3,1050,2,0,3,3,Unfurnished,2,2,12582415
Gujarat,Jamnagar,Jamnagar Central,Apartment,2,2690,3,10,10,3,Semi-Furnished,1,2,27456754
Gujarat,Junagadh,Junagadh Central,Independent House,4,3050,3,14,14,20,Unfurnished,0,1,37424894
Gujarat,Junagadh,Junagadh Central,Apartment,4,3190,3,14,14,19,Semi-Furnished,0,3,33315099
Gujarat,Junagadh,Junagadh Central,Apartment,4,2880,3,8,8,21,Semi-Furnished,2,2,38980630
Gujarat,Junagadh,Junagadh Central,Apartment,5,1400,5,4,7,11,Furnished,0,0,16418822
Gujarat,Junagadh,Junagadh Central,Apartment,5,1000,5,5,18,16,Semi-Furnished,1,1,11155247
Gujarat,Junagadh,Junagadh Central,Apartment,3,1610,4,10,11,22,Unfurnished,0,1,19862443
Gujarat,Junagadh,Junagadh Central,Apartment,2,840,3,7,7,5,Unfurnished,1,2,7482080
Gujarat,Junagadh,Junagadh Central,Independent House,2,1210,2,13,19,5,Unfurnished,2,1,14829962
Gujarat,Junagadh,Junagadh Central,Apartment,4,1450,5,6,17,12,Semi-Furnished,1,3,16888067
Gujarat,Junagadh,Junagadh Central,Apartment,2,2150,2,10,11,12,Furnished,0,2,25877841
Gujarat,Junagadh,Junagadh Central,Villa,1,2000,1,12,14,15,Semi-Furnished,0,1,20427129
Gujarat,Junagadh,Junagadh Central,Apartment,5,720,5,4,18,8,Semi-Furnished,2,1,7960896
Gujarat,Junagadh,Junagadh Central,Villa,2,2320,1,10,10,7,Semi-Furnished,0,0,22900392
Gujarat,Junagadh,Junagadh Central,Apartment,4,1200,4,9,18,16,Unfurnished,0,0,14151333
Gujarat,Junagadh,Junagadh Central,Apartment,4,1870,5,1,20,9,Unfurnished,1,2,17311001
Gujarat,Junagadh,Junagadh Central,Apartment,4,2540,5,15,15,12,Semi-Furnished,2,2,25213297
Gujarat,Junagadh,Junagadh Central,Apartment,2,2050,1,6,9,1,Semi-Furnished,1,3,23887090
Gujarat,Junagadh,Junagadh Central,Independent House,3,570,3,0,9,23,Furnished,0,2,6965677
Gujarat,Anand,Anand Central,Independent House,5,1950,4,8,11,10,Furnished,1,2,25945073
Gujarat,Anand,Anand Central,Independent House,3,2130,3,7,15,14,Unfurnished,2,1,23544826
Gujarat,Anand,Anand Central,Apartment,3,2210,2,15,15,22,Furnished,2,0,22308566
Gujarat,Anand,Anand Central,Apartment,2,1370,2,14,14,14,Unfurnished,1,2,16219698
Gujarat,Anand,Anand Central,Apartment,1,700,1,15,15,16,Unfurnished,0,0,6582007
Gujarat,Anand,Anand Central,Independent House,3,2320,2,2,12,13,Unfurnished,0,1,28905782
Gujarat,Anand,Anand Central,Independent House,4,2620,4,12,12,1,Unfurnished,2,0,32006082
Gujarat,Anand,Anand Central,Apartment,2,1030,3,3,8,25,Semi-Furnished,1,1,12049520
Gujarat,Anand,Anand Central,Apartment,4,2960,5,11,11,20,Semi-Furnished,1,0,34517379
Gujarat,Anand,Anand Central,Independent House,1,890,1,9,18,1,Unfurnished,1,2,8812205
Gujarat,Anand,Anand Central,Apartment,5,2180,5,3,11,15,Semi-Furnished,1,3,29602652
Gujarat,Anand,Anand Central,Apartment,5,2080,5,8,8,7,Furnished,2,0,23822214
Gujarat,Anand,Anand Central,Apartment,5,1660,4,15,16,21,Unfurnished,0,3,21181777
Gujarat,Anand,Anand Central,Independent House,1,820,1,0,6,6,Semi-Furnished,0,0,9736562
Gujarat,Anand,Anand Central,Independent House,4,2810,3,13,13,15,Unfurnished,2,3,35127801
Gujarat,Anand,Anand Central,Independent House,1,1640,2,9,13,21,Unfurnished,1,3,18218748
Gujarat,Anand,Anand Central,Apartment,2,3150,3,8,17,25,Unfurnished,0,3,29889317
Gujarat,Anand,Anand Central,Apartment,5,810,5,10,18,19,Unfurnished,2,3,10191709
Gujarat,Nadiad,Nadiad Central,Villa,4,2270,3,2,6,25,Unfurnished,1,3,29674889
Gujarat,Nadiad,Nadiad Central,Villa,4,2920,3,15,15,19,Semi-Furnished,0,3,42100619
Gujarat,Nadiad,Nadiad Central,Independent House,2,2450,2,5,14,0,Furnished,1,0,31062060
Gujarat,Nadiad,Nadiad Central,Villa,5,3070,5,12,12,10,Unfurnished,0,3,47539803
Gujarat,Nadiad,Nadiad Central,Apartment,1,770,1,6,6,8,Semi-Furnished,0,0,11500920
Gujarat,Nadiad,Nadiad Central,Villa,2,2960,3,10,10,8,Semi-Furnished,2,1,31890288
Gujarat,Nadiad,Nadiad Central,Independent House,4,1480,5,13,13,21,Furnished,2,2,23213960
Gujarat,Nadiad,Nadiad Central,Apartment,2,640,3,13,13,17,Semi-Furnished,1,3,9492707
Gujarat,Nadiad,Nadiad Central,Apartment,1,1780,2,12,18,3,Semi-Furnished,2,3,19525046
Gujarat,Nadiad,Nadiad Central,Independent House,5,1770,5,2,3,19,Unfurnished,2,3,25372099
Gujarat,Nadiad,Nadiad Central,Independent House,4,1920,5,14,14,15,Semi-Furnished,2,2,26670329
Gujarat,Nadiad,Nadiad Central,Independent House,4,2040,4,12,17,16,Semi-Furnished,1,0,28670811
Gujarat,Nadiad,Nadiad Central,Independent House,5,1910,4,7,11,20,Semi-Furnished,1,3,30049072
Gujarat,Nadiad,Nadiad Central,Apartment,3,1080,3,4,17,8,Semi-Furnished,1,2,17794453
Gujarat,Nadiad,Nadiad Central,Independent House,3,1520,2,5,11,12,Unfurnished,1,3,24481170
Gujarat,Nadiad,Nadiad Central,Independent House,5,1340,4,3,3,21,Semi-Furnished,2,3,18433088
Gujarat,Nadiad,Nadiad Central,Apartment,5,1800,4,9,9,1,Semi-Furnished,1,2,28645084
Gujarat,Nadiad,Nadiad Central,Apartment,1,2900,2,15,16,18,Unfurnished,2,3,29847296
Gujarat,Bharuch,Bharuch Central,Apartment,1,610,1,13,13,24,Furnished,1,2,6107361
Gujarat,Bharuch,Bharuch Central,Apartment,5,1210,5,11,15,12,Semi-Furnished,2,2,15800368
Gujarat,Bharuch,Bharuch Central,Apartment,2,2740,3,9,13,12,Unfurnished,1,1,21561427
Gujarat,Bharuch,Bharuch Central,Apartment,3,960,2,7,7,1,Semi-Furnished,0,2,11374253
Gujarat,Bharuch,Bharuch Central,Independent House,2,1370,1,5,10,5,Furnished,1,0,14083798
Gujarat,Bharuch,Bharuch Central,Apartment,3,960,4,13,13,19,Furnished,0,2,8849942
Gujarat,Bharuch,Bharuch Central,Apartment,3,620,4,7,11,18,Furnished,2,0,7868957
Gujarat,Bharuch,Bharuch Central,Independent House,3,620,2,4,18,18,Semi-Furnished,1,2,7314036
Gujarat,Bharuch,Bharuch Central,Villa,3,1320,2,8,11,19,Unfurnished,1,1,14767228
Gujarat,Bharuch,Bharuch Central,Independent House,3,2120,4,3,6,16,Furnished,1,1,21895429
Gujarat,Bharuch,Bharuch Central,Apartment,1,2520,1,8,17,21,Unfurnished,2,3,23446460
Gujarat,Bharuch,Bharuch Central,Apartment,2,670,3,9,9,2,Semi-Furnished,0,1,7261790
Gujarat,Bharuch,Bharuch Central,Independent House,1,1180,1,3,14,14,Furnished,1,2,10891538
Gujarat,Bharuch,Bharuch Central,Apartment,2,2710,1,8,14,23,Unfurnished,1,1,27566295
Gujarat,Bharuch,Bharuch Central,Apartment,5,1460,5,8,9,6,Unfurnished,0,2,18054282
Gujarat,Bharuch,Bharuch Central,Apartment,1,740,2,1,4,10,Unfurnished,2,1,7668529
Gujarat,Bharuch,Bharuch Central,Independent House,5,2390,4,5,13,5,Unfurnished,1,3,28869134
Gujarat,Bharuch,Bharuch Central,Villa,2,670,2,10,10,19,Furnished,2,3,5837708
Gujarat,Vapi,Vapi Central,Apartment,5,970,5,4,17,0,Semi-Furnished,1,1,13220722
Gujarat,Vapi,Vapi Central,Apartment,4,1520,3,15,15,14,Furnished,1,0,13975618
Gujarat,Vapi,Vapi Central,Apartment,4,3100,5,12,12,12,Semi-Furnished,2,3,39818448
Gujarat,Vapi,Vapi Central,Apartment,2,2720,2,8,8,13,Semi-Furnished,1,0,22436686
Gujarat,Vapi,Vapi Central,Independent House,4,2280,5,6,16,25,Furnished,2,2,24784895
Gujarat,Vapi,Vapi Central,Apartment,1,2200,1,7,17,14,Unfurnished,1,2,24528557
Gujarat,Vapi,Vapi Central,Apartment,3,3140,4,2,17,13,Furnished,0,3,35193188
Gujarat,Vapi,Vapi Central,Apartment,4,850,5,0,10,14,Semi-Furnished,0,0,9182588
Gujarat,Vapi,Vapi Central,Villa,5,3180,5,11,11,9,Unfurnished,2,1,41964486
Gujarat,Vapi,Vapi Central,Villa,4,560,5,7,8,19,Semi-Furnished,2,1,7844633
Gujarat,Vapi,Vapi Central,Apartment,2,1250,2,0,17,11,Semi-Furnished,2,0,13283734
Gujarat,Vapi,Vapi Central,Apartment,2,650,1,1,18,24,Furnished,2,2,6707793
Gujarat,Vapi,Vapi Central,Apartment,2,950,2,4,10,24,Furnished,2,0,8231274
Gujarat,Vapi,Vapi Central,Apartment,3,910,4,0,4,8,Unfurnished,0,3,9680390
Gujarat,Vapi,Vapi Central,Apartment,4,2200,4,1,4,17,Furnished,0,0,25983559
Gujarat,Vapi,Vapi Central,Independent House,4,770,3,1,5,24,Semi-Furnished,2,1,9063325
Gujarat,Vapi,Vapi Central,Apartment,4,720,3,2,20,1,Semi-Furnished,2,1,7817256
Gujarat,Vapi,Vapi Central,Apartment,1,1970,1,11,11,0,Semi-Furnished,1,3,23583255
Gujarat,Gandhidham,Gandhidham Central,Villa,4,1680,5,0,8,22,Unfurnished,2,2,18444575
Gujarat,Gandhidham,Gandhidham Central,Villa,3,1560,2,1,16,12,Semi-Furnished,1,1,18826337
Gujarat,Gandhidham,Gandhidham Central,Apartment,3,2830,2,2,14,12,Semi-Furnished,0,1,29464679
Gujarat,Gandhidham,Gandhidham Central,Apartment,2,1390,1,0,3,13,Semi-Furnished,0,1,14921471
Gujarat,Gandhidham,Gandhidham Central,Apartment,2,2470,1,4,20,7,Unfurnished,1,0,26661809
Gujarat,Gandhidham,Gandhidham Central,Apartment,1,1720,1,7,13,17,Unfurnished,0,2,18224305
Gujarat,Gandhidham,Gandhidham Central,Villa,2,2600,1,12,17,19,Semi-Furnished,0,2,24533225
Gujarat,Gandhidham,Gandhidham Central,Apartment,5,1300,5,8,8,21,Semi-Furnished,0,0,13902234
Gujarat,Gandhidham,Gandhidham Central,Apartment,1,2370,1,4,18,0,Semi-Furnished,2,2,20880599
Gujarat,Gandhidham,Gandhidham Central,Independent House,4,1770,4,6,9,25,Furnished,1,1,18467060
Gujarat,Gandhidham,Gandhidham Central,Independent House,4,1670,5,15,15,5,Semi-Furnished,2,1,19647415
Gujarat,Gandhidham,Gandhidham Central,Independent House,5,1940,5,1,15,10,Unfurnished,0,2,23938647
Gujarat,Gandhidham,Gandhidham Central,Independent House,4,2200,4,14,14,20,Unfurnished,1,1,27898772
Gujarat,Gandhidham,Gandhidham Central,Apartment,1,1650,2,15,20,12,Semi-Furnished,0,2,18739297
Gujarat,Gandhidham,Gandhidham Central,Apartment,2,940,3,14,14,21,Unfurnished,0,3,10137272
Gujarat,Gandhidham,Gandhidham Central,Apartment,3,2530,3,4,4,8,Unfurnished,1,2,31941104
Gujarat,Gandhidham,Gandhidham Central,Apartment,2,1060,2,4,12,14,Unfurnished,0,0,11666175
Gujarat,Gandhidham,Gandhidham Central,Apartment,4,850,4,7,9,22,Semi-Furnished,1,3,7154682
Gujarat,Mehsana,Mehsana Central,Apartment,5,2710,4,9,9,21,Unfurnished,2,2,46954689
Gujarat,Mehsana,Mehsana Central,Apartment,3,2050,3,2,16,25,Unfurnished,0,0,30251667
Gujarat,Mehsana,Mehsana Central,Apartment,2,3030,3,2,17,16,Semi-Furnished,0,0,37045233
Gujarat,Mehsana,Mehsana Central,Villa,2,1490,3,13,13,7,Semi-Furnished,2,1,19343350
Gujarat,Mehsana,Mehsana Central,Apartment,1,2890,1,11,11,11,Semi-Furnished,1,3,31359955
Gujarat,Mehsana,Mehsana Central,Apartment,1,2670,1,1,5,12,Semi-Furnished,1,2,33187014
Gujarat,Mehsana,Mehsana Central,Apartment,1,640,2,3,15,10,Semi-Furnished,1,0,8063862
Gujarat,Mehsana,Mehsana Central,Apartment,4,1260,4,3,12,19,Furnished,2,2,15258095
Gujarat,Mehsana,Mehsana Central,Independent House,2,1430,3,13,19,9,Furnished,2,3,19094312
Gujarat,Mehsana,Mehsana Central,Independent House,1,2660,2,6,20,8,Unfurnished,2,0,31958796
Gujarat,Mehsana,Mehsana Central,Independent House,2,2460,1,1,7,21,Furnished,0,2,30341430
Gujarat,Mehsana,Mehsana Central,Apartment,2,2790,3,0,11,1,Semi-Furnished,0,2,45899681
Gujarat,Mehsana,Mehsana Central,Apartment,5,1840,5,11,18,16,Semi-Furnished,0,0,20704527
Gujarat,Mehsana,Mehsana Central,Apartment,2,1030,3,1,5,22,Semi-Furnished,1,1,12003723
Gujarat,Mehsana,Mehsana Central,Independent House,2,1890,2,4,9,12,Semi-Furnished,1,1,23963510
Gujarat,Mehsana,Mehsana Central,Villa,3,2440,4,5,10,13,Furnished,1,1,34392946
Gujarat,Mehsana,Mehsana Central,Apartment,5,3080,5,14,16,10,Semi-Furnished,1,3,44602526
Gujarat,Mehsana,Mehsana Central,Apartment,2,1690,1,6,19,20,Semi-Furnished,0,2,25753621
Haryana,Gurugram,Gurugram Central,Apartment,3,1470,3,15,18,3,Unfurnished,2,1,14918942
Haryana,Gurugram,Gurugram Central,Independent House,2,1090,2,4,4,9,Furnished,0,3,12771706
Haryana,Gurugram,Gurugram Central,Apartment,5,1300,4,4,6,16,Furnished,2,1,13710320
Haryana,Gurugram,Gurugram Central,Independent House,1,2860,1,3,18,9,Unfurnished,1,1,28549995
Haryana,Gurugram,Gurugram Central,Apartment,5,3130,4,15,15,10,Semi-Furnished,0,0,44848005
Haryana,Gurugram,Gurugram Central,Apartment,1,2560,2,8,17,11,Semi-Furnished,2,0,28881604
Haryana,Gurugram,Gurugram Central,Apartment,1,550,1,10,20,2,Semi-Furnished,0,0,5345717
Haryana,Gurugram,Gurugram Central,Independent House,1,1110,1,7,19,10,Semi-Furnished,1,2,11362231
Haryana,Gurugram,Gurugram Central,Independent House,1,1740,1,1,7,8,Semi-Furnished,1,2,18513246
Haryana,Gurugram,Gurugram Central,Apartment,3,2620,2,3,8,6,Unfurnished,0,1,28685206
Haryana,Gurugram,Gurugram Central,Apartment,5,1630,5,8,12,15,Furnished,1,1,18555143
Haryana,Gurugram,Gurugram Central,Apartment,5,1380,5,11,19,22,Semi-Furnished,1,3,16660301
Haryana,Gurugram,Gurugram Central,Independent House,5,1140,4,0,14,0,Semi-Furnished,1,3,12500545
Haryana,Gurugram,Gurugram Central,Apartment,1,1300,1,15,15,24,Semi-Furnished,2,1,10322823
Haryana,Gurugram,Gurugram Central,Apartment,5,1900,5,5,15,2,Semi-Furnished,2,1,20067251
Haryana,Gurugram,Gurugram Central,Independent House,3,2810,2,12,18,9,Furnished,2,1,35337907
Haryana,Gurugram,Gurugram Central,Apartment,4,3170,4,14,16,17,Unfurnished,0,1,42271384
Haryana,Gurugram,Gurugram Central,Apartment,3,1470,4,12,15,18,Furnished,0,3,14986584
Haryana,Faridabad,Faridabad Central,Apartment,5,1220,5,5,6,0,Furnished,1,2,20722115
Haryana,Faridabad,Faridabad Central,Apartment,3,970,4,4,10,8,Semi-Furnished,0,1,10498248
Haryana,Faridabad,Faridabad Central,Apartment,4,2970,3,14,16,1,Furnished,0,0,46745466
Haryana,Faridabad,Faridabad Central,Apartment,2,670,2,0,3,17,Semi-Furnished,2,0,8736513
Haryana,Faridabad,Faridabad Central,Independent House,2,940,2,12,12,0,Semi-Furnished,1,1,14218679
Haryana,Faridabad,Faridabad Central,Apartment,2,1730,1,2,20,9,Semi-Furnished,0,1,22438237
Haryana,Faridabad,Faridabad Central,Apartment,1,1900,1,4,15,6,Furnished,2,0,29634805
Haryana,Faridabad,Faridabad Central,Apartment,3,1000,2,14,15,12,Semi-Furnished,0,3,10783866
Haryana,Faridabad,Faridabad Central,Apartment,1,2990,1,15,15,18,Furnished,0,2,32201326
Haryana,Faridabad,Faridabad Central,Apartment,5,1290,5,14,14,7,Furnished,2,0,18963741
Haryana,Faridabad,Faridabad Central,Independent House,3,2810,2,2,10,18,Unfurnished,1,1,32001624
Haryana,Faridabad,Faridabad Central,Independent House,3,3050,3,12,12,15,Semi-Furnished,1,2,40475354
Haryana,Faridabad,Faridabad Central,Independent House,2,2400,2,5,9,0,Semi-Furnished,0,2,36682811
Haryana,Faridabad,Faridabad Central,Villa,5,2550,5,15,15,10,Furnished,1,2,38575033
Haryana,Faridabad,Faridabad Central,Apartment,2,1810,1,13,18,19,Furnished,0,2,23275823
Haryana,Faridabad,Faridabad Central,Independent House,4,2380,4,12,12,10,Furnished,2,0,32825790
Haryana,Faridabad,Faridabad Central,Apartment,3,790,3,15,15,2,Unfurnished,1,0,12387181
Haryana,Faridabad,Faridabad Central,Apartment,1,820,2,4,4,15,Unfurnished,1,2,10272517
Haryana,Panipat,Panipat Central,Villa,3,1900,2,4,9,4,Unfurnished,0,3,30722244
Haryana,Panipat,Panipat Central,Apartment,1,1250,2,0,9,15,Unfurnished,1,0,16325959
Haryana,Panipat,Panipat Central,Apartment,5,2250,5,10,14,13,Semi-Furnished,1,0,33038346
Haryana,Panipat,Panipat Central,Apartment,4,2080,5,14,15,5,Unfurnished,0,3,30970992
Haryana,Panipat,Panipat Central,Apartment,4,610,5,11,13,18,Semi-Furnished,0,0,7909547
Haryana,Panipat,Panipat Central,Apartment,2,610,3,9,20,24,Semi-Furnished,1,2,7227608
Haryana,Panipat,Panipat Central,Apartment,2,1930,2,8,16,23,Furnished,0,1,21370966
Haryana,Panipat,Panipat Central,Independent House,4,2890,3,11,15,8,Unfurnished,2,3,52467919
Haryana,Panipat,Panipat Central,Apartment,1,1050,2,10,11,23,Semi-Furnished,1,1,12045955
Haryana,Panipat,Panipat Central,Independent House,1,910,1,1,10,8,Unfurnished,1,2,11609993
Haryana,Panipat,Panipat Central,Apartment,3,2120,4,0,19,1,Semi-Furnished,2,3,33922678
Haryana,Panipat,Panipat Central,Apartment,3,1810,3,14,17,15,Furnished,1,1,25646769
Haryana,Panipat,Panipat Central,Independent House,4,1450,3,14,14,12,Semi-Furnished,0,2,16938164
Haryana,Panipat,Panipat Central,Apartment,1,870,1,6,11,8,Unfurnished,1,2,12166328
Haryana,Panipat,Panipat Central,Apartment,1,960,2,0,13,16,Semi-Furnished,1,3,7990026
Haryana,Panipat,Panipat Central,Apartment,3,2770,3,0,8,13,Semi-Furnished,1,1,38096343
Haryana,Panipat,Panipat Central,Apartment,2,1670,2,2,16,0,Unfurnished,0,2,24291788
Haryana,Panipat,Panipat Central,Independent House,3,1980,4,9,20,19,Unfurnished,0,0,22538490
Haryana,Ambala,Ambala Central,Apartment,2,2650,1,4,4,10,Semi-Furnished,2,0,34620666
Haryana,Ambala,Ambala Central,Apartment,2,810,2,1,14,9,Semi-Furnished,0,0,10418803
Haryana,Ambala,Ambala Central,Apartment,1,2610,2,5,16,15,Unfurnished,0,3,31481396
Haryana,Ambala,Ambala Central,Apartment,5,1190,4,15,15,25,Furnished,1,1,15065016
Haryana,Ambala,Ambala Central,Independent House,1,2750,1,0,7,9,Semi-Furnished,0,2,35257823
Haryana,Ambala,Ambala Central,Apartment,5,3140,5,0,11,1,Semi-Furnished,0,1,38148923
Haryana,Ambala,Ambala Central,Apartment,2,1550,2,9,14,1,Unfurnished,0,2,22138146
Haryana,Ambala,Ambala Central,Independent House,4,2450,5,12,12,18,Semi-Furnished,0,2,28577751
Haryana,Ambala,Ambala Central,Independent House,1,2220,1,1,12,5,Unfurnished,2,0,25456302
Haryana,Ambala,Ambala Central,Apartment,2,2310,2,4,16,7,Furnished,2,2,31068108
Haryana,Ambala,Ambala Central,Apartment,4,1670,5,1,7,22,Unfurnished,0,0,21035726
Haryana,Ambala,Ambala Central,Apartment,2,1050,2,0,20,20,Unfurnished,1,2,11104516
Haryana,Ambala,Ambala Central,Apartment,2,1840,1,11,11,12,Semi-Furnished,1,3,17450992
Haryana,Ambala,Ambala Central,Apartment,1,2520,1,12,20,19,Unfurnished,0,1,27169858
Haryana,Ambala,Ambala Central,Villa,2,690,2,11,15,6,Furnished,1,3,7245950
Haryana,Ambala,Ambala Central,Apartment,1,1440,1,1,9,6,Unfurnished,1,0,20845358
Haryana,Ambala,Ambala Central,Independent House,2,3180,2,5,5,21,Semi-Furnished,0,1,40904681
Haryana,Ambala,Ambala Central,Apartment,1,1410,1,13,19,15,Unfurnished,1,0,17476457
Haryana,Karnal,Karnal Central,Apartment,3,1950,3,7,13,7,Unfurnished,2,2,22854433
Haryana,Karnal,Karnal Central,Apartment,2,2050,2,6,11,8,Unfurnished,2,0,24459170
Haryana,Karnal,Karnal Central,Apartment,4,2340,3,7,8,25,Semi-Furnished,0,3,25933782
Haryana,Karnal,Karnal Central,Apartment,4,3080,4,7,13,23,Semi-Furnished,0,2,44275961
Haryana,Karnal,Karnal Central,Apartment,5,710,4,13,19,19,Unfurnished,1,0,11517819
Haryana,Karnal,Karnal Central,Apartment,3,3060,3,13,13,10,Semi-Furnished,0,1,42361208
Haryana,Karnal,Karnal Central,Villa,2,2520,3,6,15,21,Semi-Furnished,0,2,28694693
Haryana,Karnal,Karnal Central,Independent House,3,2510,4,0,14,1,Semi-Furnished,0,1,35784766
Haryana,Karnal,Karnal Central,Apartment,4,2540,5,8,8,4,Semi-Furnished,0,0,34088744
Haryana,Karnal,Karnal Central,Villa,3,2960,2,6,15,2,Unfurnished,2,2,39129393
Haryana,Karnal,Karnal Central,Villa,4,2250,5,10,10,1,Semi-Furnished,2,1,39165477
Haryana,Karnal,Karnal Central,Apartment,5,1850,5,12,16,13,Semi-Furnished,2,2,28364288
Haryana,Karnal,Karnal Central,Apartment,5,2440,5,6,6,21,Furnished,2,2,27767463
Haryana,Karnal,Karnal Central,Apartment,1,1810,1,3,19,6,Semi-Furnished,0,1,20238380
Haryana,Karnal,Karnal Central,Apartment,4,2070,4,3,11,11,Semi-Furnished,2,0,33646884
Haryana,Karnal,Karnal Central,Apartment,5,2050,5,13,20,19,Unfurnished,0,2,26861193
Haryana,Karnal,Karnal Central,Independent House,4,2720,3,10,20,22,Semi-Furnished,0,3,32964371
Haryana,Karnal,Karnal Central,Independent House,2,2580,1,12,12,25,Semi-Furnished,0,0,28180197
Haryana,Hisar,Hisar Central,Villa,5,880,4,12,16,1,Semi-Furnished,0,3,14159164
Haryana,Hisar,Hisar Central,Independent House,3,1580,4,1,19,23,Semi-Furnished,1,2,17939044
Haryana,Hisar,Hisar Central,Independent House,1,2900,1,4,4,19,Unfurnished,1,2,29816805
Haryana,Hisar,Hisar Central,Independent House,5,3130,4,13,20,15,Unfurnished,1,1,38926157
Haryana,Hisar,Hisar Central,Villa,3,620,3,12,12,0,Furnished,2,1,10205276
Haryana,Hisar,Hisar Central,Independent House,1,1210,1,9,9,17,Unfurnished,0,0,16972307
Haryana,Hisar,Hisar Central,Apartment,3,990,3,4,18,13,Semi-Furnished,0,3,12707969
Haryana,Hisar,Hisar Central,Apartment,1,1070,1,15,20,10,Furnished,0,1,13858387
Haryana,Hisar,Hisar Central,Villa,3,1900,2,8,8,12,Unfurnished,2,1,24476236
Haryana,Hisar,Hisar Central,Apartment,1,1560,2,4,9,8,Semi-Furnished,1,0,18226983
Haryana,Hisar,Hisar Central,Apartment,1,1270,1,14,15,3,Furnished,1,3,12380196
Haryana,Hisar,Hisar Central,Apartment,1,2420,1,6,11,2,Semi-Furnished,0,3,24867404
Haryana,Hisar,Hisar Central,Apartment,5,1150,5,12,17,11,Furnished,0,3,16470222
Haryana,Hisar,Hisar Central,Independent House,5,1100,5,3,6,24,Semi-Furnished,0,0,14928675
Haryana,Hisar,Hisar Central,Independent House,2,1820,2,14,14,18,Semi-Furnished,0,1,17593822
Haryana,Hisar,Hisar Central,Apartment,2,1430,1,12,12,2,Semi-Furnished,2,2,14599281
Haryana,Hisar,Hisar Central,Independent House,4,1260,3,2,7,9,Semi-Furnished,1,0,16451084
Haryana,Hisar,Hisar Central,Apartment,3,2090,4,9,18,18,Furnished,1,1,22411732
Haryana,Rohtak,Rohtak Central,Apartment,5,1150,5,4,20,7,Unfurnished,1,3,15237658
Haryana,Rohtak,Rohtak Central,Apartment,5,3190,4,6,7,22,Furnished,2,1,35683862
Haryana,Rohtak,Rohtak Central,Apartment,5,890,5,9,9,25,Semi-Furnished,1,0,12172593
Haryana,Rohtak,Rohtak Central,Independent House,5,960,5,6,6,15,Semi-Furnished,2,3,14566638
Haryana,Rohtak,Rohtak Central,Independent House,1,1440,2,3,12,9,Semi-Furnished,0,2,11457098
Haryana,Rohtak,Rohtak Central,Independent House,5,2080,5,13,20,23,Furnished,1,0,22486538
Haryana,Rohtak,Rohtak Central,Apartment,5,2100,5,0,19,9,Semi-Furnished,0,1,21627981
Haryana,Rohtak,Rohtak Central,Apartment,4,1070,4,4,11,12,Semi-Furnished,0,2,11814777
Haryana,Rohtak,Rohtak Central,Apartment,5,1500,4,15,19,3,Furnished,1,1,18024415
Haryana,Rohtak,Rohtak Central,Apartment,5,1700,5,0,9,10,Unfurnished,2,1,16851115
Haryana,Rohtak,Rohtak Central,Apartment,2,980,2,11,12,14,Unfurnished,0,1,10870646
Haryana,Rohtak,Rohtak Central,Independent House,2,3080,1,12,14,15,Semi-Furnished,0,1,26346777
Haryana,Rohtak,Rohtak Central,Apartment,5,560,5,9,11,14,Semi-Furnished,0,0,6480586
Haryana,Rohtak,Rohtak Central,Independent House,2,2200,2,15,15,14,Semi-Furnished,1,3,20784503
Haryana,Rohtak,Rohtak Central,Apartment,5,2380,5,4,5,23,Unfurnished,1,0,25800666
Haryana,Rohtak,Rohtak Central,Apartment,4,900,4,3,7,13,Unfurnished,2,0,12453737
Haryana,Rohtak,Rohtak Central,Apartment,5,1350,4,12,13,2,Semi-Furnished,1,3,19694269
Haryana,Rohtak,Rohtak Central,Independent House,3,2200,3,1,6,21,Semi-Furnished,1,2,24579089
Haryana,Sonipat,Sonipat Central,Independent House,1,1780,2,13,16,18,Unfurnished,2,2,18154597
Haryana,Sonipat,Sonipat Central,Apartment,3,1910,4,9,9,7,Semi-Furnished,0,1,23970048
Haryana,Sonipat,Sonipat Central,Independent House,5,2430,4,14,14,9,Furnished,0,0,28678860
Haryana,Sonipat,Sonipat Central,Independent House,1,690,1,10,10,25,Furnished,0,3,6674605
Haryana,Sonipat,Sonipat Central,Independent House,2,600,1,1,8,23,Semi-Furnished,1,2,7507400
Haryana,Sonipat,Sonipat Central,Apartment,3,2510,4,12,12,4,Unfurnished,0,3,31882834
Haryana,Sonipat,Sonipat Central,Apartment,2,2660,1,2,8,24,Unfurnished,0,1,23681046
Haryana,Sonipat,Sonipat Central,Villa,4,930,4,0,2,13,Semi-Furnished,1,3,12276333
Haryana,Sonipat,Sonipat Central,Independent House,2,1750,2,5,11,19,Semi-Furnished,2,1,17584664
Haryana,Sonipat,Sonipat Central,Apartment,5,2630,4,8,8,20,Semi-Furnished,0,1,42349228
Haryana,Sonipat,Sonipat Central,Independent House,2,1370,1,0,10,15,Furnished,2,1,13732569
Haryana,Sonipat,Sonipat Central,Villa,4,640,4,8,8,12,Semi-Furnished,0,3,8745881
Haryana,Sonipat,Sonipat Central,Apartment,1,1280,1,6,8,16,Furnished,0,2,14120015
Haryana,Sonipat,Sonipat Central,Apartment,5,2940,5,10,19,5,Unfurnished,0,2,39929666
Haryana,Sonipat,Sonipat Central,Apartment,4,2870,3,0,7,6,Semi-Furnished,2,1,35426687
Haryana,Sonipat,Sonipat Central,Apartment,2,890,1,11,12,2,Furnished,0,1,10399566
Haryana,Sonipat,Sonipat Central,Apartment,5,2420,4,9,10,6,Semi-Furnished,2,3,32249845
Haryana,Sonipat,Sonipat Central,Apartment,2,2730,1,13,16,10,Unfurnished,1,3,27302893
Haryana,Panchkula,Panchkula Central,Apartment,3,1340,4,4,11,1,Furnished,1,0,14266825
Haryana,Panchkula,Panchkula Central,Apartment,5,3080,5,9,9,11,Semi-Furnished,1,3,34925497
Haryana,Panchkula,Panchkula Central,Apartment,3,860,4,7,7,6,Unfurnished,1,0,10446558
Haryana,Panchkula,Panchkula Central,Independent House,2,580,1,15,18,3,Furnished,1,1,6010215
Haryana,Panchkula,Panchkula Central,Apartment,4,3200,5,2,7,5,Unfurnished,2,2,35899058
Haryana,Panchkula,Panchkula Central,Apartment,5,580,5,8,8,0,Semi-Furnished,2,3,8542979
Haryana,Panchkula,Panchkula Central,Independent House,4,800,4,7,7,4,Furnished,0,3,12140471
Haryana,Panchkula,Panchkula Central,Apartment,2,800,1,11,11,3,Unfurnished,0,2,9781622
Haryana,Panchkula,Panchkula Central,Apartment,4,3180,3,14,17,14,Furnished,1,2,33691275
Haryana,Panchkula,Panchkula Central,Apartment,4,900,3,7,8,22,Unfurnished,0,0,9154130
Haryana,Panchkula,Panchkula Central,Independent House,2,2880,3,11,11,19,Unfurnished,2,2,29246550
Haryana,Panchkula,Panchkula Central,Apartment,2,1520,2,10,10,15,Unfurnished,0,1,18132034
Haryana,Panchkula,Panchkula Central,Independent House,4,3080,4,13,13,7,Furnished,1,2,34515211
Haryana,Panchkula,Panchkula Central,Villa,1,2060,1,5,5,19,Furnished,2,0,24377560
Haryana,Panchkula,Panchkula Central,Apartment,5,2620,5,5,8,7,Furnished,2,1,32626931
Haryana,Panchkula,Panchkula Central,Apartment,3,1930,3,5,19,1,Semi-Furnished,1,2,23588936
Haryana,Panchkula,Panchkula Central,Independent House,1,2580,1,13,13,9,Unfurnished,1,0,29104245
Haryana,Panchkula,Panchkula Central,Independent House,1,3060,2,0,18,11,Unfurnished,2,2,39394179
Haryana,Yamunanagar,Yamunanagar Central,Apartment,4,1880,4,9,15,14,Semi-Furnished,1,0,22533941
Haryana,Yamunanagar,Yamunanagar Central,Villa,5,1960,5,11,13,16,Furnished,0,2,33300410
Haryana,Yamunanagar,Yamunanagar Central,Independent House,4,1990,3,12,12,8,Semi-Furnished,0,3,26210531
Haryana,Yamunanagar,Yamunanagar Central,Apartment,5,1510,4,0,10,16,Semi-Furnished,2,0,18340442
Haryana,Yamunanagar,Yamunanagar Central,Independent House,1,1160,2,14,14,14,Semi-Furnished,2,0,16276456
Haryana,Yamunanagar,Yamunanagar Central,Apartment,2,1580,1,9,11,18,Furnished,1,3,19765461
Haryana,Yamunanagar,Yamunanagar Central,Apartment,2,1260,3,4,20,12,Semi-Furnished,1,2,14913181
Haryana,Yamunanagar,Yamunanagar Central,Apartment,3,1960,2,5,18,7,Unfurnished,1,2,27659937
Haryana,Yamunanagar,Yamunanagar Central,Villa,4,1130,5,8,8,16,Unfurnished,1,3,15557176
Haryana,Yamunanagar,Yamunanagar Central,Apartment,5,2970,4,1,6,1,Semi-Furnished,2,3,39073105
Haryana,Yamunanagar,Yamunanagar Central,Villa,4,2230,5,2,19,3,Semi-Furnished,1,0,27264923
Haryana,Yamunanagar,Yamunanagar Central,Villa,1,570,2,11,11,24,Unfurnished,2,1,7083102
Haryana,Yamunanagar,Yamunanagar Central,Apartment,3,970,4,0,3,23,Semi-Furnished,1,3,10088990
Haryana,Yamunanagar,Yamunanagar Central,Villa,2,1710,2,0,17,0,Furnished,0,2,24517069
Haryana,Yamunanagar,Yamunanagar Central,Apartment,4,1340,5,0,20,13,Semi-Furnished,0,3,17659466
Haryana,Yamunanagar,Yamunanagar Central,Villa,3,2070,4,2,2,11,Semi-Furnished,1,1,29442909
Haryana,Yamunanagar,Yamunanagar Central,Independent House,3,2580,4,4,9,1,Semi-Furnished,2,3,32152147
Haryana,Yamunanagar,Yamunanagar Central,Independent House,3,2360,4,5,15,4,Semi-Furnished,1,0,32296875
Himachal Pradesh,Shimla,Shimla Central,Villa,5,1650,4,15,15,8,Furnished,1,3,15378010
Himachal Pradesh,Shimla,Shimla Central,Apartment,3,2410,4,11,11,24,Unfurnished,2,1,14890827
Himachal Pradesh,Shimla,Shimla Central,Apartment,3,2060,3,0,7,12,Furnished,1,2,14568877
Himachal Pradesh,Shimla,Shimla Central,Apartment,1,1220,1,15,15,12,Semi-Furnished,2,3,6673845
Himachal Pradesh,Shimla,Shimla Central,Apartment,3,1950,2,3,16,25,Semi-Furnished,2,3,14427721
Himachal Pradesh,Shimla,Shimla Central,Villa,3,2010,3,11,19,20,Semi-Furnished,1,0,11505426
Himachal Pradesh,Shimla,Shimla Central,Independent House,4,2590,4,8,20,12,Semi-Furnished,0,0,21868540
Himachal Pradesh,Shimla,Shimla Central,Apartment,4,1610,4,8,20,9,Unfurnished,0,3,11270418
Himachal Pradesh,Shimla,Shimla Central,Apartment,2,3190,3,12,12,17,Furnished,2,3,17504688
Himachal Pradesh,Shimla,Shimla Central,Apartment,2,2330,2,1,9,17,Unfurnished,1,1,14864927
Himachal Pradesh,Shimla,Shimla Central,Apartment,2,1200,2,3,3,7,Furnished,0,2,9249313
Himachal Pradesh,Shimla,Shimla Central,Independent House,1,1950,1,12,12,25,Semi-Furnished,0,0,9876096
Himachal Pradesh,Shimla,Shimla Central,Apartment,3,1530,3,11,11,8,Semi-Furnished,0,0,11339138
Himachal Pradesh,Shimla,Shimla Central,Independent House,4,670,4,7,9,0,Semi-Furnished,1,0,6878352
Himachal Pradesh,Shimla,Shimla Central,Independent House,2,700,2,14,14,14,Semi-Furnished,1,1,4403524
Himachal Pradesh,Shimla,Shimla Central,Apartment,2,950,2,9,9,20,Semi-Furnished,0,3,6335200
Himachal Pradesh,Shimla,Shimla Central,Apartment,3,2500,3,8,11,0,Semi-Furnished,2,1,22363777
Himachal Pradesh,Shimla,Shimla Central,Apartment,4,2960,5,13,13,5,Semi-Furnished,0,1,23125054
Himachal Pradesh,Dharamshala,Dharamshala Central,Villa,3,2820,2,14,14,20,Furnished,0,3,17567580
Himachal Pradesh,Dharamshala,Dharamshala Central,Apartment,3,620,3,11,19,7,Semi-Furnished,2,1,3205828
Himachal Pradesh,Dharamshala,Dharamshala Central,Independent House,3,2230,2,4,20,7,Semi-Furnished,2,2,12748389
Himachal Pradesh,Dharamshala,Dharamshala Central,Villa,2,790,1,14,14,20,Semi-Furnished,1,0,4845837
Himachal Pradesh,Dharamshala,Dharamshala Central,Independent House,4,1080,5,6,11,13,Unfurnished,2,0,5901170
Himachal Pradesh,Dharamshala,Dharamshala Central,Independent House,5,3100,5,15,15,11,Semi-Furnished,1,2,18624665
Himachal Pradesh,Dharamshala,Dharamshala Central,Independent House,5,1010,5,0,5,20,Semi-Furnished,2,3,5608843
Himachal Pradesh,Dharamshala,Dharamshala Central,Independent House,1,1260,1,11,11,25,Semi-Furnished,0,0,4965497
Himachal Pradesh,Dharamshala,Dharamshala Central,Villa,3,2620,3,12,12,17,Unfurnished,2,2,13073102
Himachal Pradesh,Dharamshala,Dharamshala Central,Apartment,4,1210,4,5,14,20,Semi-Furnished,1,3,4859834
Himachal Pradesh,Dharamshala,Dharamshala Central,Apartment,4,2260,4,9,20,16,Unfurnished,1,0,11470185
Himachal Pradesh,Dharamshala,Dharamshala Central,Apartment,3,930,4,7,14,10,Furnished,1,0,5502610
Himachal Pradesh,Dharamshala,Dharamshala Central,Apartment,2,2150,2,5,15,11,Semi-Furnished,0,1,10001915
Himachal Pradesh,Dharamshala,Dharamshala Central,Apartment,3,1260,2,0,6,18,Unfurnished,0,2,6212999
Himachal Pradesh,Dharamshala,Dharamshala Central,Apartment,3,1110,4,2,12,1,Furnished,2,1,6076616
Himachal Pradesh,Dharamshala,Dharamshala Central,Apartment,4,2640,3,0,15,8,Furnished,2,2,13949658
Himachal Pradesh,Dharamshala,Dharamshala Central,Independent House,4,880,4,4,4,23,Semi-Furnished,2,0,4206604
Himachal Pradesh,Dharamshala,Dharamshala Central,Apartment,4,2390,3,13,13,22,Unfurnished,1,2,9904225
Himachal Pradesh,Solan,Solan Central,Villa,1,2260,2,2,6,1,Furnished,1,0,13397872
Himachal Pradesh,Solan,Solan Central,Apartment,4,2420,3,5,5,2,Unfurnished,0,2,19497850
Himachal Pradesh,Solan,Solan Central,Apartment,1,1960,2,14,14,11,Unfurnished,2,2,13564574
Himachal Pradesh,Solan,Solan Central,Apartment,1,740,2,11,13,19,Semi-Furnished,2,3,3630188
Himachal Pradesh,Solan,Solan Central,Apartment,3,3080,2,0,11,9,Furnished,0,1,17416074
Himachal Pradesh,Solan,Solan Central,Independent House,1,920,1,12,20,18,Furnished,2,3,5857233
Himachal Pradesh,Solan,Solan Central,Independent House,5,3010,5,13,17,8,Semi-Furnished,2,2,27193810
Himachal Pradesh,Solan,Solan Central,Apartment,1,1060,1,3,14,7,Unfurnished,2,1,6675762
Himachal Pradesh,Solan,Solan Central,Independent House,4,730,3,2,5,20,Semi-Furnished,2,0,4104952
Himachal Pradesh,Solan,Solan Central,Apartment,1,2200,1,3,11,25,Semi-Furnished,1,2,11171619
Himachal Pradesh,Solan,Solan Central,Apartment,4,3020,4,15,15,0,Furnished,2,2,23200030
Himachal Pradesh,Solan,Solan Central,Independent House,1,700,2,6,6,15,Semi-Furnished,1,0,3203528
Himachal Pradesh,Solan,Solan Central,Independent House,4,920,3,7,7,7,Semi-Furnished,0,3,6592769
Himachal Pradesh,Solan,Solan Central,Apartment,3,2790,2,3,4,21,Semi-Furnished,1,2,16811654
Himachal Pradesh,Solan,Solan Central,Independent House,2,2610,3,6,19,17,Furnished,1,1,14770780
Himachal Pradesh,Solan,Solan Central,Villa,1,2920,2,12,12,11,Semi-Furnished,2,3,16044538
Himachal Pradesh,Solan,Solan Central,Apartment,5,2310,5,4,4,12,Furnished,1,3,18422707
Himachal Pradesh,Solan,Solan Central,Apartment,1,1440,1,10,20,8,Unfurnished,2,2,8821919
Himachal Pradesh,Baddi,Baddi Central,Independent House,5,1280,4,6,11,10,Semi-Furnished,0,3,8113023
Himachal Pradesh,Baddi,Baddi Central,Independent House,1,2100,2,1,8,8,Semi-Furnished,0,0,12098088
Himachal Pradesh,Baddi,Baddi Central,Apartment,3,2570,4,10,10,4,Semi-Furnished,1,1,18213426
Himachal Pradesh,Baddi,Baddi Central,Apartment,1,1640,1,14,15,11,Semi-Furnished,0,3,7047380
Himachal Pradesh,Baddi,Baddi Central,Apartment,1,2110,1,7,7,17,Semi-Furnished,2,3,9774919
Himachal Pradesh,Baddi,Baddi Central,Independent House,1,1850,1,0,9,24,Unfurnished,1,3,8768607
Himachal Pradesh,Baddi,Baddi Central,Independent House,3,3010,2,4,11,20,Furnished,1,2,16916381
Himachal Pradesh,Baddi,Baddi Central,Independent House,2,2540,3,0,12,24,Furnished,0,2,11849713
Himachal Pradesh,Baddi,Baddi Central,Independent House,5,2430,5,2,11,14,Unfurnished,1,3,18291576
Himachal Pradesh,Baddi,Baddi Central,Apartment,2,960,1,4,20,0,Unfurnished,0,1,6073540
Himachal Pradesh,Baddi,Baddi Central,Villa,5,1150,5,12,12,9,Semi-Furnished,2,0,7530683
Himachal Pradesh,Baddi,Baddi Central,Apartment,4,3170,3,10,12,15,Unfurnished,2,0,18466156
Himachal Pradesh,Baddi,Baddi Central,Apartment,5,3040,4,2,7,5,Unfurnished,2,0,20969147
Himachal Pradesh,Baddi,Baddi Central,Independent House,5,3170,4,13,13,11,Unfurnished,1,1,23511954
Himachal Pradesh,Baddi,Baddi Central,Independent House,4,1070,3,3,14,19,Semi-Furnished,1,0,6296212
Himachal Pradesh,Baddi,Baddi Central,Apartment,5,2770,5,10,10,5,Unfurnished,2,3,24956693
Himachal Pradesh,Baddi,Baddi Central,Apartment,5,880,5,3,8,19,Semi-Furnished,1,2,5686946
Himachal Pradesh,Baddi,Baddi Central,Apartment,5,2080,5,0,8,24,Furnished,1,1,11817957
Himachal Pradesh,Mandi,Mandi Central,Independent House,2,2160,2,0,17,25,Furnished,0,3,10656088
Himachal Pradesh,Mandi,Mandi Central,Apartment,1,1660,1,5,7,7,Semi-Furnished,0,1,8921073
Himachal Pradesh,Mandi,Mandi Central,Apartment,2,1300,2,14,14,17,Semi-Furnished,2,0,6621680
Himachal Pradesh,Mandi,Mandi Central,Apartment,5,790,5,8,18,15,Semi-Furnished,0,2,4369865
Himachal Pradesh,Mandi,Mandi Central,Apartment,2,2850,1,10,10,16,Semi-Furnished,1,2,13854913
Himachal Pradesh,Mandi,Mandi Central,Independent House,2,1130,2,8,20,23,Semi-Furnished,2,0,5646716
Himachal Pradesh,Mandi,Mandi Central,Apartment,5,3100,5,3,3,18,Semi-Furnished,2,3,20639674
Himachal Pradesh,Mandi,Mandi Central,Apartment,2,2060,2,15,16,19,Unfurnished,2,2,10351740
Himachal Pradesh,Mandi,Mandi Central,Apartment,3,1600,4,7,13,2,Semi-Furnished,1,3,9726872
Himachal Pradesh,Mandi,Mandi Central,Villa,5,2800,4,2,11,1,Furnished,2,2,22084560
Himachal Pradesh,Mandi,Mandi Central,Apartment,3,1730,2,13,13,24,Furnished,2,2,9271879
Himachal Pradesh,Mandi,Mandi Central,Apartment,5,1530,5,4,20,18,Semi-Furnished,2,1,11587981
Himachal Pradesh,Mandi,Mandi Central,Apartment,4,2320,4,11,18,21,Unfurnished,0,2,15335844
Himachal Pradesh,Mandi,Mandi Central,Independent House,4,2700,3,1,19,24,Semi-Furnished,0,1,16270236
Himachal Pradesh,Mandi,Mandi Central,Villa,5,2400,4,2,5,4,Semi-Furnished,1,0,18855214
Himachal Pradesh,Mandi,Mandi Central,Apartment,2,2160,3,5,11,23,Furnished,1,2,8245412
Himachal Pradesh,Mandi,Mandi Central,Villa,5,700,5,0,19,0,Semi-Furnished,1,0,5970094
Himachal Pradesh,Mandi,Mandi Central,Apartment,4,740,4,2,3,12,Semi-Furnished,2,2,5515489
Himachal Pradesh,Kullu,Kullu Central,Independent House,1,2370,1,10,16,19,Unfurnished,0,2,15319643
Himachal Pradesh,Kullu,Kullu Central,Villa,1,770,2,9,20,19,Semi-Furnished,1,3,5658236
Himachal Pradesh,Kullu,Kullu Central,Apartment,4,2480,4,5,20,21,Unfurnished,2,2,16904486
Himachal Pradesh,Kullu,Kullu Central,Independent House,4,1530,4,12,12,22,Furnished,1,1,8937282
Himachal Pradesh,Kullu,Kullu Central,Apartment,3,1590,3,2,9,2,Unfurnished,1,3,13244796
Himachal Pradesh,Kullu,Kullu Central,Villa,4,1210,5,11,11,25,Semi-Furnished,1,2,8252366
Himachal Pradesh,Kullu,Kullu Central,Apartment,5,2330,4,15,15,1,Semi-Furnished,0,1,16365793
Himachal Pradesh,Kullu,Kullu Central,Apartment,3,1780,4,6,14,19,Semi-Furnished,1,1,10433335
Himachal Pradesh,Kullu,Kullu Central,Apartment,5,2920,4,15,15,7,Semi-Furnished,1,2,24708688
Himachal Pradesh,Kullu,Kullu Central,Apartment,1,2850,1,0,11,19,Unfurnished,2,0,14450310
Himachal Pradesh,Kullu,Kullu Central,Independent House,3,2840,2,10,17,19,Semi-Furnished,2,1,16664249
Himachal Pradesh,Kullu,Kullu Central,Apartment,1,2240,1,4,14,24,Unfurnished,0,3,13029162
Himachal Pradesh,Kullu,Kullu Central,Apartment,1,1610,2,5,14,10,Semi-Furnished,2,1,8181695
Himachal Pradesh,Kullu,Kullu Central,Apartment,2,1900,2,0,2,7,Unfurnished,2,3,12264584
Himachal Pradesh,Kullu,Kullu Central,Apartment,4,2690,3,1,14,19,Semi-Furnished,2,0,18788574
Himachal Pradesh,Kullu,Kullu Central,Apartment,5,1000,5,6,12,18,Semi-Furnished,2,3,8413167
Himachal Pradesh,Kullu,Kullu Central,Apartment,2,2550,2,6,11,14,Semi-Furnished,0,0,15387125
Himachal Pradesh,Kullu,Kullu Central,Independent House,2,2230,2,6,9,14,Furnished,1,1,17090778
Jharkhand,Ranchi,Ranchi Central,Apartment,1,2050,1,5,8,6,Unfurnished,0,3,22214898
Jharkhand,Ranchi,Ranchi Central,Independent House,3,1680,3,5,9,15,Semi-Furnished,0,2,14801751
Jharkhand,Ranchi,Ranchi Central,Independent House,1,1980,1,14,16,17,Furnished,1,2,17477595
Jharkhand,Ranchi,Ranchi Central,Villa,4,2100,5,4,4,13,Furnished,0,2,22639787
Jharkhand,Ranchi,Ranchi Central,Apartment,4,2350,5,10,10,24,Semi-Furnished,0,0,18848844
Jharkhand,Ranchi,Ranchi Central,Apartment,4,3050,5,3,6,24,Unfurnished,0,3,26790265
Jharkhand,Ranchi,Ranchi Central,Apartment,4,3110,4,8,8,3,Semi-Furnished,1,3,29829523
Jharkhand,Ranchi,Ranchi Central,Independent House,1,570,1,13,16,5,Semi-Furnished,1,3,4944211
Jharkhand,Ranchi,Ranchi Central,Apartment,2,2660,3,10,10,10,Semi-Furnished,0,1,25695402
Jharkhand,Ranchi,Ranchi Central,Apartment,5,2830,4,4,4,20,Semi-Furnished,0,3,24729367
Jharkhand,Ranchi,Ranchi Central,Villa,3,790,2,8,8,25,Unfurnished,0,3,7472146
Jharkhand,Ranchi,Ranchi Central,Villa,3,2280,3,8,14,18,Semi-Furnished,1,3,23511736
Jharkhand,Ranchi,Ranchi Central,Apartment,3,1880,3,12,12,0,Semi-Furnished,0,1,18242037
Jharkhand,Ranchi,Ranchi Central,Apartment,5,1650,4,8,16,20,Unfurnished,1,1,16080582
Jharkhand,Ranchi,Ranchi Central,Apartment,5,2690,4,12,12,2,Furnished,1,3,28079422
Jharkhand,Ranchi,Ranchi Central,Independent House,3,3040,2,5,5,20,Semi-Furnished,1,3,29601715
Jharkhand,Ranchi,Ranchi Central,Apartment,1,2900,1,2,19,23,Unfurnished,0,2,23525142
Jharkhand,Ranchi,Ranchi Central,Apartment,5,590,5,6,14,22,Semi-Furnished,1,1,6140285
Jharkhand,Jamshedpur,Jamshedpur Central,Independent House,4,1180,5,4,11,6,Unfurnished,2,2,9568275
Jharkhand,Jamshedpur,Jamshedpur Central,Villa,3,1590,3,15,15,0,Unfurnished,0,0,11390277
Jharkhand,Jamshedpur,Jamshedpur Central,Apartment,2,1510,3,0,17,19,Unfurnished,0,3,11422106
Jharkhand,Jamshedpur,Jamshedpur Central,Independent House,5,2530,4,14,14,18,Unfurnished,2,3,20628446
Jharkhand,Jamshedpur,Jamshedpur Central,Villa,4,1160,3,2,6,21,Unfurnished,0,0,11035760
Jharkhand,Jamshedpur,Jamshedpur Central,Apartment,2,1380,3,13,15,25,Semi-Furnished,2,2,8459832
Jharkhand,Jamshedpur,Jamshedpur Central,Independent House,4,2300,4,9,15,8,Semi-Furnished,0,3,20996120
Jharkhand,Jamshedpur,Jamshedpur Central,Apartment,2,2340,3,14,14,22,Furnished,1,0,22701612
Jharkhand,Jamshedpur,Jamshedpur Central,Apartment,1,1200,1,14,14,14,Furnished,2,2,9737578
Jharkhand,Jamshedpur,Jamshedpur Central,Independent House,2,2210,3,7,20,18,Semi-Furnished,0,2,17012393
Jharkhand,Jamshedpur,Jamshedpur Central,Apartment,4,1230,4,1,8,7,Semi-Furnished,0,2,11791288
Jharkhand,Jamshedpur,Jamshedpur Central,Apartment,3,2790,3,9,10,15,Semi-Furnished,2,2,25368856
Jharkhand,Jamshedpur,Jamshedpur Central,Apartment,3,660,4,5,16,10,Unfurnished,2,2,5759627
Jharkhand,Jamshedpur,Jamshedpur Central,Apartment,4,1680,4,3,6,1,Unfurnished,1,3,18031537
Jharkhand,Jamshedpur,Jamshedpur Central,Independent House,4,1660,3,13,13,25,Unfurnished,0,0,15811977
Jharkhand,Jamshedpur,Jamshedpur Central,Apartment,4,2250,3,12,12,22,Semi-Furnished,1,2,18125263
Jharkhand,Jamshedpur,Jamshedpur Central,Apartment,5,2470,5,10,14,2,Unfurnished,2,1,26550766
Jharkhand,Jamshedpur,Jamshedpur Central,Apartment,5,1350,5,3,11,16,Furnished,0,2,13031646
Jharkhand,Dhanbad,Dhanbad Central,Apartment,5,2230,4,11,11,12,Unfurnished,0,2,22882398
Jharkhand,Dhanbad,Dhanbad Central,Apartment,1,1300,2,3,7,13,Semi-Furnished,2,1,9894435
Jharkhand,Dhanbad,Dhanbad Central,Independent House,1,1200,1,9,19,10,Semi-Furnished,2,3,11441723
Jharkhand,Dhanbad,Dhanbad Central,Apartment,2,1460,1,0,12,7,Semi-Furnished,2,1,13200351
Jharkhand,Dhanbad,Dhanbad Central,Villa,2,1280,3,7,14,24,Unfurnished,1,1,12097934
Jharkhand,Dhanbad,Dhanbad Central,Apartment,2,2130,3,9,20,6,Semi-Furnished,1,0,20057029
Jharkhand,Dhanbad,Dhanbad Central,Independent House,3,2480,4,10,14,0,Semi-Furnished,0,0,20176370
Jharkhand,Dhanbad,Dhanbad Central,Apartment,4,2600,5,6,16,8,Unfurnished,2,1,27161246
Jharkhand,Dhanbad,Dhanbad Central,Apartment,1,2730,1,10,10,20,Unfurnished,0,3,17758043
Jharkhand,Dhanbad,Dhanbad Central,Apartment,2,940,2,6,6,12,Unfurnished,0,2,9594845
Jharkhand,Dhanbad,Dhanbad Central,Apartment,4,1460,4,9,9,8,Unfurnished,1,0,12314521
Jharkhand,Dhanbad,Dhanbad Central,Independent House,4,2450,3,6,6,12,Semi-Furnished,2,0,21112172
Jharkhand,Dhanbad,Dhanbad Central,Apartment,3,690,3,4,10,2,Furnished,2,2,6922508
Jharkhand,Dhanbad,Dhanbad Central,Villa,4,1890,5,1,3,11,Semi-Furnished,2,1,24152222
Jharkhand,Dhanbad,Dhanbad Central,Apartment,1,1950,1,1,6,15,Semi-Furnished,2,2,18122381
Jharkhand,Dhanbad,Dhanbad Central,Apartment,1,2630,1,10,10,20,Semi-Furnished,2,2,25056582
Jharkhand,Dhanbad,Dhanbad Central,Independent House,4,1610,5,12,12,18,Semi-Furnished,1,2,14258082
Jharkhand,Dhanbad,Dhanbad Central,Apartment,5,2640,5,3,6,5,Unfurnished,1,0,27450674
Jharkhand,Bokaro,Bokaro Central,Apartment,2,1060,2,2,14,23,Unfurnished,2,1,7435099
Jharkhand,Bokaro,Bokaro Central,Apartment,1,2660,2,15,15,23,Unfurnished,0,3,18912732
Jharkhand,Bokaro,Bokaro Central,Apartment,3,2540,4,2,16,2,Semi-Furnished,0,3,19751778
Jharkhand,Bokaro,Bokaro Central,Villa,2,2120,1,7,15,10,Unfurnished,0,0,14514551
Jharkhand,Bokaro,Bokaro Central,Independent House,1,2290,1,3,18,11,Furnished,0,1,15796696
Jharkhand,Bokaro,Bokaro Central,Apartment,3,2030,3,5,5,9,Semi-Furnished,0,1,17033244
Jharkhand,Bokaro,Bokaro Central,Apartment,5,1290,4,3,11,19,Semi-Furnished,2,0,12740632
Jharkhand,Bokaro,Bokaro Central,Independent House,2,2960,3,5,12,24,Furnished,0,3,21026480
Jharkhand,Bokaro,Bokaro Central,Independent House,2,1380,3,11,18,13,Semi-Furnished,0,1,10479831
Jharkhand,Bokaro,Bokaro Central,Independent House,4,2240,5,0,15,19,Furnished,1,3,18689218
Jharkhand,Bokaro,Bokaro Central,Apartment,4,3060,3,9,12,0,Unfurnished,2,1,33564622
Jharkhand,Bokaro,Bokaro Central,Apartment,3,2260,4,0,4,7,Semi-Furnished,1,0,20000888
Jharkhand,Bokaro,Bokaro Central,Apartment,5,2130,5,3,12,8,Furnished,2,3,15746578
Jharkhand,Bokaro,Bokaro Central,Apartment,2,1580,1,6,11,4,Semi-Furnished,1,0,12973094
Jharkhand,Bokaro,Bokaro Central,Apartment,1,3080,1,12,12,25,Unfurnished,2,3,17306957
Jharkhand,Bokaro,Bokaro Central,Apartment,1,720,1,7,9,13,Semi-Furnished,1,2,5757641
Jharkhand,Bokaro,Bokaro Central,Independent House,1,2860,1,12,12,7,Unfurnished,2,3,24085848
Jharkhand,Bokaro,Bokaro Central,Independent House,4,1000,4,12,13,8,Furnished,0,0,5941827
Jharkhand,Deoghar,Deoghar Central,Independent House,4,670,4,4,16,6,Unfurnished,0,2,6776836
Jharkhand,Deoghar,Deoghar Central,Apartment,2,1190,2,8,8,5,Unfurnished,2,1,9800225
Jharkhand,Deoghar,Deoghar Central,Independent House,1,1050,2,5,19,10,Semi-Furnished,2,0,8688106
Jharkhand,Deoghar,Deoghar Central,Apartment,1,2700,1,4,11,22,Semi-Furnished,0,2,20231290
Jharkhand,Deoghar,Deoghar Central,Apartment,4,1690,3,3,18,25,Unfurnished,2,2,14625594
Jharkhand,Deoghar,Deoghar Central,Apartment,4,2530,3,9,10,7,Semi-Furnished,0,2,29861890
Jharkhand,Deoghar,Deoghar Central,Apartment,5,1550,5,0,3,18,Unfurnished,1,3,16901518
Jharkhand,Deoghar,Deoghar Central,Apartment,3,3090,2,4,19,24,Semi-Furnished,1,0,30608493
Jharkhand,Deoghar,Deoghar Central,Independent House,2,730,3,15,15,6,Semi-Furnished,2,2,6299161
Jharkhand,Deoghar,Deoghar Central,Apartment,3,960,2,2,20,5,Semi-Furnished,2,1,6951523
Jharkhand,Deoghar,Deoghar Central,Apartment,2,2330,2,6,6,20,Semi-Furnished,2,1,24824176
Jharkhand,Deoghar,Deoghar Central,Apartment,3,2020,3,6,7,16,Semi-Furnished,2,3,17131471
Jharkhand,Deoghar,Deoghar Central,Independent House,3,2840,3,2,6,22,Unfurnished,2,0,26823856
Jharkhand,Deoghar,Deoghar Central,Independent House,1,2980,2,13,13,18,Semi-Furnished,0,2,20186303
Jharkhand,Deoghar,Deoghar Central,Apartment,3,2130,4,1,1,25,Furnished,0,1,18686513
Jharkhand,Deoghar,Deoghar Central,Apartment,5,1020,4,13,19,21,Semi-Furnished,0,3,12168154
Jharkhand,Deoghar,Deoghar Central,Independent House,1,3120,1,0,10,20,Unfurnished,1,0,25987851
Jharkhand,Deoghar,Deoghar Central,Apartment,4,2420,3,10,10,21,Semi-Furnished,2,1,25166015
Jharkhand,Hazaribagh,Hazaribagh Central,Villa,1,2900,1,3,14,1,Furnished,0,1,28346522
Jharkhand,Hazaribagh,Hazaribagh Central,Villa,5,2710,4,6,10,13,Furnished,2,2,27279734
Jharkhand,Hazaribagh,Hazaribagh Central,Apartment,2,2560,3,5,7,0,Unfurnished,1,3,22706238
Jharkhand,Hazaribagh,Hazaribagh Central,Apartment,1,2900,1,5,12,8,Furnished,2,1,26251321
Jharkhand,Hazaribagh,Hazaribagh Central,Apartment,5,840,4,0,7,5,Semi-Furnished,0,0,8790167
Jharkhand,Hazaribagh,Hazaribagh Central,Apartment,1,1630,2,6,12,11,Unfurnished,0,3,14705712
Jharkhand,Hazaribagh,Hazaribagh Central,Independent House,2,2760,3,3,3,9,Furnished,1,3,27787840
Jharkhand,Hazaribagh,Hazaribagh Central,Independent House,3,2980,3,5,13,12,Unfurnished,0,1,30134351
Jharkhand,Hazaribagh,Hazaribagh Central,Apartment,4,2340,4,10,14,3,Semi-Furnished,0,2,28973251
Jharkhand,Hazaribagh,Hazaribagh Central,Independent House,3,880,4,14,14,9,Unfurnished,2,1,9537209
Jharkhand,Hazaribagh,Hazaribagh Central,Apartment,5,860,4,8,8,23,Unfurnished,1,3,7704298
Jharkhand,Hazaribagh,Hazaribagh Central,Apartment,4,1670,4,15,15,24,Unfurnished,0,0,15910251
Jharkhand,Hazaribagh,Hazaribagh Central,Apartment,5,1770,5,6,7,3,Furnished,2,2,19978685
Jharkhand,Hazaribagh,Hazaribagh Central,Independent House,2,2440,3,8,9,14,Unfurnished,0,3,20572724
Jharkhand,Hazaribagh,Hazaribagh Central,Apartment,4,3150,4,1,9,0,Semi-Furnished,1,3,32457051
Jharkhand,Hazaribagh,Hazaribagh Central,Independent House,1,2050,1,3,20,25,Semi-Furnished,2,3,13190411
Jharkhand,Hazaribagh,Hazaribagh Central,Apartment,1,2820,2,6,6,12,Semi-Furnished,0,2,20048763
Jharkhand,Hazaribagh,Hazaribagh Central,Apartment,1,2490,1,6,14,0,Unfurnished,0,1,21720819
Karnataka,Bengaluru,Bengaluru Central,Apartment,4,1380,3,11,11,24,Furnished,0,2,9721067
Karnataka,Bengaluru,Bengaluru Central,Apartment,5,2450,4,3,3,12,Semi-Furnished,0,1,14222431
Karnataka,Bengaluru,Bengaluru Central,Apartment,4,1930,5,11,11,5,Furnished,0,0,15105963
Karnataka,Bengaluru,Bengaluru Central,Independent House,2,1630,1,15,15,1,Semi-Furnished,1,1,12917424
Karnataka,Bengaluru,Bengaluru Central,Apartment,5,2170,4,4,4,11,Semi-Furnished,1,2,17706177
Karnataka,Bengaluru,Bengaluru Central,Villa,2,970,3,0,10,10,Semi-Furnished,1,3,7264002
Karnataka,Bengaluru,Bengaluru Central,Apartment,3,1680,2,3,16,16,Furnished,0,3,10536472
Karnataka,Bengaluru,Bengaluru Central,Independent House,4,2160,5,1,6,9,Semi-Furnished,2,2,17701528
Karnataka,Bengaluru,Bengaluru Central,Apartment,4,1840,3,4,6,5,Unfurnished,2,1,13264789
Karnataka,Bengaluru,Bengaluru Central,Apartment,3,3100,3,12,17,19,Unfurnished,2,2,24406815
Karnataka,Bengaluru,Bengaluru Central,Villa,2,1200,3,11,11,6,Semi-Furnished,1,0,9647579
Karnataka,Bengaluru,Bengaluru Central,Villa,4,2520,5,11,11,23,Semi-Furnished,0,3,16242941
Karnataka,Bengaluru,Bengaluru Central,Apartment,1,1430,2,14,20,0,Furnished,0,3,9610420
Karnataka,Bengaluru,Bengaluru Central,Independent House,2,1580,1,12,19,24,Semi-Furnished,2,0,10700369
Karnataka,Bengaluru,Bengaluru Central,Independent House,2,1500,3,0,6,5,Furnished,2,1,10998297
Karnataka,Bengaluru,Bengaluru Central,Apartment,5,1540,5,6,13,4,Semi-Furnished,0,3,15571644
Karnataka,Bengaluru,Bengaluru Central,Independent House,1,1450,2,3,5,15,Furnished,1,2,9371861
Karnataka,Bengaluru,Bengaluru Central,Villa,2,1580,2,11,15,15,Unfurnished,0,3,11446068
Karnataka,Mysuru,Mysuru Central,Independent House,1,2440,1,4,18,5,Furnished,0,0,16928003
Karnataka,Mysuru,Mysuru Central,Apartment,5,2990,5,10,18,2,Unfurnished,0,0,29786976
Karnataka,Mysuru,Mysuru Central,Villa,5,3000,5,0,4,14,Semi-Furnished,0,1,29018504
Karnataka,Mysuru,Mysuru Central,Apartment,4,2860,4,14,14,1,Unfurnished,0,3,22498086
Karnataka,Mysuru,Mysuru Central,Apartment,1,760,1,11,19,5,Unfurnished,0,2,4979010
Karnataka,Mysuru,Mysuru Central,Apartment,2,2630,2,6,6,22,Semi-Furnished,2,1,13891784
Karnataka,Mysuru,Mysuru Central,Independent House,3,3010,3,10,12,14,Unfurnished,0,1,26635944
Karnataka,Mysuru,Mysuru Central,Independent House,4,1000,5,15,16,5,Semi-Furnished,0,0,7012358
Karnataka,Mysuru,Mysuru Central,Independent House,1,1290,1,11,11,11,Semi-Furnished,1,2,9709391
Karnataka,Mysuru,Mysuru Central,Independent House,3,680,3,15,15,22,Unfurnished,0,2,5110866
Karnataka,Mysuru,Mysuru Central,Apartment,1,2740,1,10,10,10,Semi-Furnished,0,0,18595712
Karnataka,Mysuru,Mysuru Central,Independent House,3,2760,2,0,8,9,Semi-Furnished,0,3,18789428
Karnataka,Mysuru,Mysuru Central,Apartment,4,610,5,10,15,1,Semi-Furnished,0,2,5831557
Karnataka,Mysuru,Mysuru Central,Apartment,4,3150,4,11,11,1,Unfurnished,0,1,27253313
Karnataka,Mysuru,Mysuru Central,Apartment,3,1900,4,6,17,0,Semi-Furnished,2,3,15884594
Karnataka,Mysuru,Mysuru Central,Independent House,2,2900,1,8,12,25,Furnished,2,0,21934783
Karnataka,Mysuru,Mysuru Central,Apartment,1,1010,1,5,9,3,Semi-Furnished,2,1,7997380
Karnataka,Mysuru,Mysuru Central,Independent House,1,1810,1,3,5,19,Furnished,2,0,11513493
Karnataka,Mangaluru,Mangaluru Central,Apartment,3,2780,3,3,14,6,Semi-Furnished,1,2,25034949
Karnataka,Mangaluru,Mangaluru Central,Independent House,1,2620,2,6,11,24,Semi-Furnished,1,1,14369321
Karnataka,Mangaluru,Mangaluru Central,Apartment,2,2160,2,14,14,19,Semi-Furnished,1,1,16913045
Karnataka,Mangaluru,Mangaluru Central,Independent House,1,1200,2,12,12,15,Semi-Furnished,1,2,7247708
Karnataka,Mangaluru,Mangaluru Central,Apartment,3,3130,2,6,6,1,Semi-Furnished,0,2,23124395
Karnataka,Mangaluru,Mangaluru Central,Independent House,3,910,3,4,10,6,Furnished,2,0,5717892
Karnataka,Mangaluru,Mangaluru Central,Apartment,4,1750,5,8,16,24,Unfurnished,0,2,11236097
Karnataka,Mangaluru,Mangaluru Central,Independent House,1,2040,2,7,15,4,Unfurnished,1,1,14522349
Karnataka,Mangaluru,Mangaluru Central,Apartment,4,1940,3,5,6,6,Furnished,1,3,16912453
Karnataka,Mangaluru,Mangaluru Central,Apartment,1,1960,1,12,12,1,Unfurnished,1,3,13491437
Karnataka,Mangaluru,Mangaluru Central,Apartment,2,610,1,3,5,2,Furnished,2,0,4155223
Karnataka,Mangaluru,Mangaluru Central,Independent House,5,2020,4,2,2,15,Unfurnished,2,0,13152638
Karnataka,Mangaluru,Mangaluru Central,Independent House,2,3130,2,15,15,18,Semi-Furnished,2,3,16813681
Karnataka,Mangaluru,Mangaluru Central,Independent House,5,3190,5,15,15,3,Unfurnished,0,2,24696792
Karnataka,Mangaluru,Mangaluru Central,Villa,4,2940,4,6,12,15,Furnished,2,0,23963040
Karnataka,Mangaluru,Mangaluru Central,Villa,4,750,3,7,14,15,Unfurnished,2,2,6209096
Karnataka,Mangaluru,Mangaluru Central,Independent House,2,1090,2,11,11,24,Semi-Furnished,1,2,5534828
Karnataka,Mangaluru,Mangaluru Central,Apartment,1,2110,1,7,7,6,Furnished,1,3,13897168
Karnataka,Hubballi,Hubballi Central,Apartment,3,1500,2,13,13,8,Furnished,2,0,14407665
Karnataka,Hubballi,Hubballi Central,Apartment,5,770,5,8,17,24,Unfurnished,0,1,8349404
Karnataka,Hubballi,Hubballi Central,Apartment,1,2240,2,13,13,12,Furnished,1,3,15115192
Karnataka,Hubballi,Hubballi Central,Villa,2,2420,1,4,9,5,Furnished,1,2,19112503
Karnataka,Hubballi,Hubballi Central,Independent House,1,1270,2,8,8,7,Semi-Furnished,2,3,8706964
Karnataka,Hubballi,Hubballi Central,Apartment,1,2210,1,11,11,0,Unfurnished,0,2,19912096
Karnataka,Hubballi,Hubballi Central,Apartment,3,2330,4,7,13,16,Unfurnished,2,2,20350635
Karnataka,Hubballi,Hubballi Central,Apartment,3,1200,4,10,10,17,Semi-Furnished,0,2,10824336
Karnataka,Hubballi,Hubballi Central,Apartment,2,2450,1,2,14,19,Unfurnished,1,0,19937201
Karnataka,Hubballi,Hubballi Central,Apartment,2,2440,1,15,17,5,Furnished,1,3,25164637
Karnataka,Hubballi,Hubballi Central,Apartment,1,1940,2,7,7,23,Semi-Furnished,0,3,15595544
Karnataka,Hubballi,Hubballi Central,Apartment,5,1850,5,10,15,5,Semi-Furnished,1,2,20279188
Karnataka,Hubballi,Hubballi Central,Apartment,4,1060,5,9,19,6,Unfurnished,1,2,10540248
Karnataka,Hubballi,Hubballi Central,Villa,3,3150,3,14,14,5,Semi-Furnished,1,0,29591324
Karnataka,Hubballi,Hubballi Central,Apartment,1,1710,1,14,15,3,Semi-Furnished,0,0,16801759
Karnataka,Hubballi,Hubballi Central,Independent House,2,3060,3,15,15,23,Semi-Furnished,0,1,23201363
Karnataka,Hubballi,Hubballi Central,Villa,3,2300,4,11,11,25,Unfurnished,0,2,21796098
Karnataka,Hubballi,Hubballi Central,Apartment,5,2060,5,13,15,17,Unfurnished,0,0,20601306
Karnataka,Dharwad,Dharwad Central,Apartment,5,810,5,0,11,23,Semi-Furnished,0,0,6875513
Karnataka,Dharwad,Dharwad Central,Apartment,1,2800,2,0,18,23,Semi-Furnished,1,3,25041969
Karnataka,Dharwad,Dharwad Central,Apartment,3,670,4,5,16,18,Semi-Furnished,1,1,5203634
Karnataka,Dharwad,Dharwad Central,Villa,3,750,4,6,19,22,Furnished,2,3,6921852
Karnataka,Dharwad,Dharwad Central,Apartment,2,3110,3,8,8,13,Semi-Furnished,0,2,32944574
Karnataka,Dharwad,Dharwad Central,Apartment,3,1620,3,14,20,3,Unfurnished,2,1,16801234
Karnataka,Dharwad,Dharwad Central,Independent House,5,560,5,0,4,12,Unfurnished,0,1,5374500
Karnataka,Dharwad,Dharwad Central,Apartment,3,2500,2,13,13,17,Semi-Furnished,0,1,22803424
Karnataka,Dharwad,Dharwad Central,Apartment,2,1130,1,0,6,9,Furnished,1,1,10494113
Karnataka,Dharwad,Dharwad Central,Independent House,3,2550,4,9,17,15,Semi-Furnished,1,1,20859726
Karnataka,Dharwad,Dharwad Central,Apartment,3,2660,2,10,10,17,Unfurnished,1,3,24321172
Karnataka,Dharwad,Dharwad Central,Apartment,1,2480,2,4,13,22,Semi-Furnished,2,3,25092453
Karnataka,Dharwad,Dharwad Central,Villa,2,1210,2,2,8,9,Unfurnished,2,3,12595887
Karnataka,Dharwad,Dharwad Central,Apartment,1,750,1,5,13,16,Unfurnished,0,2,6505093
Karnataka,Dharwad,Dharwad Central,Independent House,3,1560,3,0,16,3,Furnished,0,2,15250295
Karnataka,Dharwad,Dharwad Central,Villa,3,2770,2,6,7,16,Furnished,2,0,22956596
Karnataka,Dharwad,Dharwad Central,Apartment,4,1710,5,11,11,25,Unfurnished,1,3,17526465
Karnataka,Dharwad,Dharwad Central,Apartment,1,2500,1,15,15,24,Semi-Furnished,2,2,19149455
Karnataka,Belagavi,Belagavi Central,Independent House,3,770,3,5,11,22,Semi-Furnished,1,3,7211241
Karnataka,Belagavi,Belagavi Central,Independent House,3,860,3,6,6,6,Furnished,2,2,7318215
Karnataka,Belagavi,Belagavi Central,Independent House,4,1140,4,9,9,3,Unfurnished,1,0,10539404
Karnataka,Belagavi,Belagavi Central,Apartment,4,1170,3,8,8,21,Unfurnished,0,2,9917577
Karnataka,Belagavi,Belagavi Central,Apartment,1,1310,1,8,13,24,Unfurnished,0,2,11012376
Karnataka,Belagavi,Belagavi Central,Independent House,2,1140,3,0,9,5,Unfurnished,0,3,11001430
Karnataka,Belagavi,Belagavi Central,Apartment,3,1560,3,5,5,17,Furnished,0,0,13152120
Karnataka,Belagavi,Belagavi Central,Independent House,3,1600,4,11,11,2,Furnished,2,1,14542642
Karnataka,Belagavi,Belagavi Central,Apartment,3,670,4,11,11,22,Semi-Furnished,0,3,6002017
Karnataka,Belagavi,Belagavi Central,Independent House,4,2430,5,9,9,24,Unfurnished,1,1,22843697
Karnataka,Belagavi,Belagavi Central,Apartment,3,3100,3,15,15,12,Unfurnished,1,0,27920773
Karnataka,Belagavi,Belagavi Central,Apartment,5,2760,5,12,12,12,Unfurnished,1,2,17810885
Karnataka,Belagavi,Belagavi Central,Apartment,4,960,3,3,13,12,Semi-Furnished,1,2,8773171
Karnataka,Belagavi,Belagavi Central,Apartment,1,950,1,11,11,15,Furnished,2,1,7277988
Karnataka,Belagavi,Belagavi Central,Villa,2,2630,1,14,17,8,Unfurnished,1,2,20721628
Karnataka,Belagavi,Belagavi Central,Independent House,2,1490,3,4,8,3,Unfurnished,2,0,14014432
Karnataka,Belagavi,Belagavi Central,Independent House,2,1140,3,12,12,15,Semi-Furnished,0,3,10608535
Karnataka,Belagavi,Belagavi Central,Independent House,4,1880,3,14,17,0,Semi-Furnished,1,2,16499364
Karnataka,Kalaburagi,Kalaburagi Central,Apartment,3,2380,4,9,15,8,Unfurnished,2,2,32289352
Karnataka,Kalaburagi,Kalaburagi Central,Independent House,1,2420,1,13,18,0,Semi-Furnished,1,0,22588773
Karnataka,Kalaburagi,Kalaburagi Central,Apartment,5,2900,4,6,12,5,Semi-Furnished,0,1,24297030
Karnataka,Kalaburagi,Kalaburagi Central,Apartment,4,2910,3,11,11,12,Semi-Furnished,0,0,27953476
Karnataka,Kalaburagi,Kalaburagi Central,Independent House,4,2310,3,12,12,18,Semi-Furnished,2,2,27177628
Karnataka,Kalaburagi,Kalaburagi Central,Apartment,1,1090,2,0,6,6,Unfurnished,2,3,9239219
Karnataka,Kalaburagi,Kalaburagi Central,Independent House,4,2940,3,6,7,20,Semi-Furnished,0,0,32282369
Karnataka,Kalaburagi,Kalaburagi Central,Apartment,4,1180,4,9,20,0,Unfurnished,1,3,9677699
Karnataka,Kalaburagi,Kalaburagi Central,Independent House,2,2350,2,1,9,16,Unfurnished,0,1,27847738
Karnataka,Kalaburagi,Kalaburagi Central,Villa,4,1740,3,9,9,14,Unfurnished,0,1,25503562
Karnataka,Kalaburagi,Kalaburagi Central,Independent House,4,1020,4,14,20,4,Unfurnished,1,1,11189530
Karnataka,Kalaburagi,Kalaburagi Central,Independent House,5,840,5,12,12,13,Unfurnished,1,1,8739587
Karnataka,Kalaburagi,Kalaburagi Central,Apartment,2,3160,2,9,17,9,Furnished,1,3,36548864
Karnataka,Kalaburagi,Kalaburagi Central,Apartment,3,1430,2,7,7,10,Semi-Furnished,1,1,15847667
Karnataka,Kalaburagi,Kalaburagi Central,Apartment,1,1370,1,0,15,18,Semi-Furnished,0,2,13635004
Karnataka,Kalaburagi,Kalaburagi Central,Apartment,3,640,2,3,20,18,Semi-Furnished,0,0,4941995
Karnataka,Kalaburagi,Kalaburagi Central,Apartment,3,2470,3,5,19,2,Unfurnished,2,0,26020894
Karnataka,Kalaburagi,Kalaburagi Central,Independent House,3,2650,2,15,15,12,Unfurnished,2,1,20460905
Karnataka,Shivamogga,Shivamogga Central,Villa,3,1110,2,13,18,0,Unfurnished,0,2,10144760
Karnataka,Shivamogga,Shivamogga Central,Apartment,2,2540,3,8,19,22,Furnished,1,3,18005019
Karnataka,Shivamogga,Shivamogga Central,Apartment,4,1930,4,5,13,8,Semi-Furnished,1,2,16037335
Karnataka,Shivamogga,Shivamogga Central,Apartment,4,1790,4,0,15,18,Furnished,1,0,16768412
Karnataka,Shivamogga,Shivamogga Central,Independent House,2,2370,2,10,10,21,Unfurnished,2,1,28041799
Karnataka,Shivamogga,Shivamogga Central,Apartment,3,3120,4,7,7,20,Furnished,0,2,26994508
Karnataka,Shivamogga,Shivamogga Central,Apartment,1,1600,2,10,11,7,Unfurnished,1,3,15076609
Karnataka,Shivamogga,Shivamogga Central,Independent House,2,2670,1,9,9,13,Semi-Furnished,0,2,27858801
Karnataka,Shivamogga,Shivamogga Central,Apartment,2,1910,1,2,14,25,Furnished,1,3,17272884
Karnataka,Shivamogga,Shivamogga Central,Apartment,5,2740,4,12,12,18,Semi-Furnished,0,0,28275236
Karnataka,Shivamogga,Shivamogga Central,Apartment,1,2850,1,15,15,7,Furnished,1,0,29024016
Karnataka,Shivamogga,Shivamogga Central,Independent House,4,2590,5,1,6,10,Semi-Furnished,2,1,28595483
Karnataka,Shivamogga,Shivamogga Central,Apartment,3,2830,3,13,13,7,Unfurnished,1,3,28312750
Karnataka,Shivamogga,Shivamogga Central,Apartment,1,1700,2,7,7,16,Semi-Furnished,0,0,12526102
Karnataka,Shivamogga,Shivamogga Central,Apartment,2,780,1,4,4,1,Semi-Furnished,0,3,9202863
Karnataka,Shivamogga,Shivamogga Central,Apartment,2,1560,3,10,17,23,Semi-Furnished,0,2,15079121
Karnataka,Shivamogga,Shivamogga Central,Apartment,2,2490,3,14,14,11,Unfurnished,1,3,19304570
Karnataka,Shivamogga,Shivamogga Central,Villa,5,910,5,1,2,17,Unfurnished,1,1,8740723
Karnataka,Tumakuru,Tumakuru Central,Apartment,1,1810,2,7,8,20,Semi-Furnished,0,1,13290600
Karnataka,Tumakuru,Tumakuru Central,Independent House,1,2640,1,0,12,10,Unfurnished,1,1,23392334
Karnataka,Tumakuru,Tumakuru Central,Villa,1,830,2,14,18,20,Furnished,0,0,7409691
Karnataka,Tumakuru,Tumakuru Central,Apartment,5,1390,5,11,14,21,Unfurnished,1,0,12233411
Karnataka,Tumakuru,Tumakuru Central,Independent House,3,1260,3,13,13,15,Semi-Furnished,0,0,11610764
Karnataka,Tumakuru,Tumakuru Central,Apartment,4,780,4,8,8,18,Unfurnished,0,3,9817577
Karnataka,Tumakuru,Tumakuru Central,Apartment,4,1350,4,6,6,4,Furnished,1,2,13821567
Karnataka,Tumakuru,Tumakuru Central,Independent House,1,2690,1,8,10,20,Semi-Furnished,1,2,25160015
Karnataka,Tumakuru,Tumakuru Central,Apartment,1,1900,1,12,12,10,Semi-Furnished,1,1,16539239
Karnataka,Tumakuru,Tumakuru Central,Apartment,1,2040,2,8,8,4,Semi-Furnished,0,0,20366655
Karnataka,Tumakuru,Tumakuru Central,Independent House,3,2670,4,11,15,6,Semi-Furnished,1,2,24522905
Karnataka,Tumakuru,Tumakuru Central,Apartment,4,740,3,14,16,11,Semi-Furnished,1,1,7260487
Karnataka,Tumakuru,Tumakuru Central,Independent House,5,2620,4,8,8,17,Unfurnished,2,1,29416357
Karnataka,Tumakuru,Tumakuru Central,Apartment,2,550,1,9,16,6,Semi-Furnished,2,0,5026781
Karnataka,Tumakuru,Tumakuru Central,Independent House,5,640,5,11,19,16,Furnished,2,1,5645781
Karnataka,Tumakuru,Tumakuru Central,Apartment,1,1360,2,12,19,2,Semi-Furnished,1,3,11558069
Karnataka,Tumakuru,Tumakuru Central,Apartment,1,720,1,1,10,0,Semi-Furnished,0,1,7043988
Karnataka,Tumakuru,Tumakuru Central,Independent House,3,1140,4,4,8,18,Semi-Furnished,1,0,10682633
Karnataka,Udupi,Udupi Central,Apartment,1,2520,1,10,14,3,Furnished,0,3,18641955
Karnataka,Udupi,Udupi Central,Apartment,4,3080,3,3,18,15,Furnished,0,1,22693495
Karnataka,Udupi,Udupi Central,Independent House,1,1350,2,13,13,1,Semi-Furnished,1,2,9358319
Karnataka,Udupi,Udupi Central,Apartment,2,2090,3,6,13,22,Semi-Furnished,2,2,11711170
Karnataka,Udupi,Udupi Central,Apartment,3,2150,3,2,3,3,Semi-Furnished,0,0,12681537
Karnataka,Udupi,Udupi Central,Independent House,4,2060,5,5,7,13,Furnished,0,2,12519004
Karnataka,Udupi,Udupi Central,Apartment,1,1650,2,12,12,23,Unfurnished,1,0,9272862
Karnataka,Udupi,Udupi Central,Apartment,4,1170,3,12,12,10,Furnished,0,3,9724441
Karnataka,Udupi,Udupi Central,Villa,4,570,3,10,19,12,Semi-Furnished,0,1,4104657
Karnataka,Udupi,Udupi Central,Apartment,3,2590,4,0,8,12,Furnished,2,3,17455127
Karnataka,Udupi,Udupi Central,Independent House,1,2040,1,5,10,17,Unfurnished,0,2,11073438
Karnataka,Udupi,Udupi Central,Apartment,2,1800,3,2,14,14,Semi-Furnished,2,2,13189717
Karnataka,Udupi,Udupi Central,Independent House,3,1980,2,12,12,22,Unfurnished,2,3,14165922
Karnataka,Udupi,Udupi Central,Apartment,1,1870,2,8,8,1,Unfurnished,0,0,9693831
Karnataka,Udupi,Udupi Central,Apartment,5,2600,5,9,9,19,Semi-Furnished,1,2,21869080
Karnataka,Udupi,Udupi Central,Independent House,5,600,5,1,13,23,Semi-Furnished,2,2,4578506
Karnataka,Udupi,Udupi Central,Villa,5,1060,5,6,12,13,Semi-Furnished,2,2,10268270
Karnataka,Udupi,Udupi Central,Villa,1,690,1,9,19,10,Furnished,2,0,4766597
Kerala,Thiruvananthapuram,Thiruvananthapuram Central,Apartment,5,2100,4,7,14,0,Semi-Furnished,2,2,32804038
Kerala,Thiruvananthapuram,Thiruvananthapuram Central,Apartment,4,1890,3,5,7,19,Semi-Furnished,1,3,31444679
Kerala,Thiruvananthapuram,Thiruvananthapuram Central,Independent House,4,770,3,10,10,24,Unfurnished,0,1,11028822
Kerala,Thiruvananthapuram,Thiruvananthapuram Central,Apartment,5,2180,5,6,9,11,Semi-Furnished,2,2,33549430
Kerala,Thiruvananthapuram,Thiruvananthapuram Central,Apartment,5,2210,4,8,20,16,Unfurnished,0,0,30726298
Kerala,Thiruvananthapuram,Thiruvananthapuram Central,Apartment,3,2980,3,0,20,24,Semi-Furnished,0,2,47082397
Kerala,Thiruvananthapuram,Thiruvananthapuram Central,Apartment,4,640,5,14,14,18,Unfurnished,1,1,9292814
Kerala,Thiruvananthapuram,Thiruvananthapuram Central,Apartment,2,2640,1,13,13,7,Semi-Furnished,1,0,35736614
Kerala,Thiruvananthapuram,Thiruvananthapuram Central,Independent House,4,2200,5,8,15,24,Unfurnished,2,1,28293935
Kerala,Thiruvananthapuram,Thiruvananthapuram Central,Apartment,1,1560,1,12,12,24,Unfurnished,1,2,21163235
Kerala,Thiruvananthapuram,Thiruvananthapuram Central,Apartment,4,2760,4,7,9,7,Semi-Furnished,2,0,43122412
Kerala,Thiruvananthapuram,Thiruvananthapuram Central,Independent House,1,3130,1,12,12,6,Semi-Furnished,2,2,43429558
Kerala,Thiruvananthapuram,Thiruvananthapuram Central,Independent House,2,730,3,11,11,7,Unfurnished,0,3,9575603
Kerala,Thiruvananthapuram,Thiruvananthapuram Central,Apartment,5,2930,5,12,14,20,Semi-Furnished,1,3,54971608
Kerala,Thiruvananthapuram,Thiruvananthapuram Central,Apartment,4,680,3,8,16,23,Semi-Furnished,1,2,10400183
Kerala,Thiruvananthapuram,Thiruvananthapuram Central,Apartment,2,590,3,3,4,13,Semi-Furnished,0,1,7884775
Kerala,Thiruvananthapuram,Thiruvananthapuram Central,Independent House,3,1000,2,7,20,18,Semi-Furnished,0,3,9301385
Kerala,Thiruvananthapuram,Thiruvananthapuram Central,Apartment,4,1820,5,14,14,8,Furnished,0,0,28234304
Kerala,Kochi,Kochi Central,Apartment,1,2390,1,3,4,24,Semi-Furnished,2,1,31659053
Kerala,Kochi,Kochi Central,Villa,2,2600,2,3,10,1,Furnished,2,0,35388229
Kerala,Kochi,Kochi Central,Apartment,4,1190,5,2,12,21,Semi-Furnished,1,2,14842123
Kerala,Kochi,Kochi Central,Apartment,1,1110,2,9,19,5,Semi-Furnished,0,1,15986166
Kerala,Kochi,Kochi Central,Apartment,5,2680,5,3,17,3,Semi-Furnished,2,0,38898758
Kerala,Kochi,Kochi Central,Independent House,2,1690,1,4,19,21,Semi-Furnished,1,2,20082204
Kerala,Kochi,Kochi Central,Independent House,4,1670,4,6,16,10,Semi-Furnished,1,1,23451920
Kerala,Kochi,Kochi Central,Apartment,4,780,5,12,12,5,Semi-Furnished,0,1,10317306
Kerala,Kochi,Kochi Central,Apartment,1,2160,2,9,9,3,Semi-Furnished,0,3,33460164
Kerala,Kochi,Kochi Central,Apartment,5,1680,5,4,10,9,Unfurnished,0,0,23388335
Kerala,Kochi,Kochi Central,Independent House,2,2480,3,13,13,11,Semi-Furnished,2,0,24654507
Kerala,Kochi,Kochi Central,Independent House,5,3020,5,13,13,20,Unfurnished,0,3,41093655
Kerala,Kochi,Kochi Central,Apartment,3,2090,3,7,20,1,Semi-Furnished,0,3,36322208
Kerala,Kochi,Kochi Central,Apartment,4,1710,5,2,14,15,Semi-Furnished,2,0,21674395
Kerala,Kochi,Kochi Central,Apartment,2,2810,2,12,20,16,Unfurnished,0,2,36212563
Kerala,Kochi,Kochi Central,Independent House,3,740,4,14,14,17,Semi-Furnished,2,2,9066605
Kerala,Kochi,Kochi Central,Independent House,5,2630,5,14,14,15,Semi-Furnished,1,3,35719060
Kerala,Kochi,Kochi Central,Apartment,1,1160,2,8,8,13,Furnished,1,1,14816089
Kerala,Kozhikode,Kozhikode Central,Apartment,5,2400,5,9,9,3,Semi-Furnished,1,2,29627504
Kerala,Kozhikode,Kozhikode Central,Independent House,2,2610,1,14,14,11,Unfurnished,0,0,40579760
Kerala,Kozhikode,Kozhikode Central,Apartment,4,1060,5,7,19,17,Semi-Furnished,0,2,17261876
Kerala,Kozhikode,Kozhikode Central,Apartment,1,2530,1,7,17,15,Semi-Furnished,1,3,30887306
Kerala,Kozhikode,Kozhikode Central,Independent House,5,2400,5,11,11,14,Furnished,0,3,32700996
Kerala,Kozhikode,Kozhikode Central,Apartment,4,1140,5,0,13,2,Semi-Furnished,1,3,15574503
Kerala,Kozhikode,Kozhikode Central,Apartment,1,2570,1,11,11,20,Semi-Furnished,0,2,37519763
Kerala,Kozhikode,Kozhikode Central,Independent House,4,2000,4,13,13,15,Furnished,1,1,30204178
Kerala,Kozhikode,Kozhikode Central,Apartment,2,2170,1,0,1,18,Semi-Furnished,1,2,33415561
Kerala,Kozhikode,Kozhikode Central,Apartment,3,1290,2,10,20,18,Furnished,0,2,20121028
Kerala,Kozhikode,Kozhikode Central,Apartment,2,2600,3,4,15,3,Unfurnished,2,3,37425598
Kerala,Kozhikode,Kozhikode Central,Apartment,3,1770,3,10,10,10,Semi-Furnished,1,3,24808672
Kerala,Kozhikode,Kozhikode Central,Independent House,3,620,4,1,10,13,Semi-Furnished,0,3,9334152
Kerala,Kozhikode,Kozhikode Central,Apartment,2,970,1,8,8,1,Semi-Furnished,2,2,15679211
Kerala,Kozhikode,Kozhikode Central,Villa,3,2770,3,9,9,18,Furnished,2,2,32994675
Kerala,Kozhikode,Kozhikode Central,Apartment,5,2730,5,8,9,1,Unfurnished,1,3,49612190
Kerala,Kozhikode,Kozhikode Central,Apartment,2,630,1,11,11,11,Semi-Furnished,0,1,8824311
Kerala,Kozhikode,Kozhikode Central,Apartment,1,1810,2,12,13,10,Semi-Furnished,1,1,28489002
Kerala,Thrissur,Thrissur Central,Apartment,4,2500,3,0,19,1,Unfurnished,0,3,35333805
Kerala,Thrissur,Thrissur Central,Apartment,5,3110,4,3,7,3,Unfurnished,0,3,38576144
Kerala,Thrissur,Thrissur Central,Apartment,1,810,1,6,12,20,Unfurnished,1,2,9432404
Kerala,Thrissur,Thrissur Central,Villa,2,1320,1,6,12,14,Semi-Furnished,2,1,20036604
Kerala,Thrissur,Thrissur Central,Independent House,4,810,3,1,6,16,Semi-Furnished,2,1,9504901
Kerala,Thrissur,Thrissur Central,Apartment,5,820,4,3,13,4,Unfurnished,1,2,11348621
Kerala,Thrissur,Thrissur Central,Independent House,5,2170,5,2,7,24,Unfurnished,0,2,27823524
Kerala,Thrissur,Thrissur Central,Independent House,1,750,1,15,15,24,Unfurnished,0,3,9019745
Kerala,Thrissur,Thrissur Central,Apartment,1,1190,2,10,15,20,Furnished,1,0,14940862
Kerala,Thrissur,Thrissur Central,Apartment,3,1890,3,3,15,6,Semi-Furnished,1,3,24671923
Kerala,Thrissur,Thrissur Central,Independent House,2,2220,3,8,8,2,Semi-Furnished,1,3,28800655
Kerala,Thrissur,Thrissur Central,Apartment,2,1100,2,1,2,10,Unfurnished,0,2,12734383
Kerala,Thrissur,Thrissur Central,Independent House,3,1750,2,9,20,23,Unfurnished,0,2,18580696
Kerala,Thrissur,Thrissur Central,Independent House,4,1860,4,3,18,5,Unfurnished,2,3,29635843
Kerala,Thrissur,Thrissur Central,Apartment,2,2920,1,2,8,23,Furnished,2,0,31914074
Kerala,Thrissur,Thrissur Central,Apartment,1,1190,2,12,20,19,Semi-Furnished,1,1,14757908
Kerala,Thrissur,Thrissur Central,Apartment,3,610,2,10,10,24,Semi-Furnished,1,1,5650627
Kerala,Thrissur,Thrissur Central,Apartment,2,720,3,15,19,19,Furnished,0,2,11183626
Kerala,Kollam,Kollam Central,Villa,2,2290,2,13,13,24,Furnished,1,2,27522959
Kerala,Kollam,Kollam Central,Independent House,1,550,1,7,8,6,Semi-Furnished,2,1,6533419
Kerala,Kollam,Kollam Central,Independent House,2,2020,3,2,6,16,Semi-Furnished,1,3,28367225
Kerala,Kollam,Kollam Central,Apartment,1,1880,1,10,13,22,Semi-Furnished,2,1,24238956
Kerala,Kollam,Kollam Central,Apartment,1,2290,2,6,19,6,Semi-Furnished,0,3,33152828
Kerala,Kollam,Kollam Central,Apartment,4,2720,4,15,19,12,Semi-Furnished,2,1,37697150
Kerala,Kollam,Kollam Central,Villa,1,2990,2,2,10,22,Semi-Furnished,1,3,42671996
Kerala,Kollam,Kollam Central,Independent House,5,1040,5,11,11,23,Semi-Furnished,1,2,13278416
Kerala,Kollam,Kollam Central,Apartment,5,2140,5,12,19,10,Furnished,2,1,27019442
Kerala,Kollam,Kollam Central,Apartment,3,1290,3,14,14,18,Semi-Furnished,0,1,15831058
Kerala,Kollam,Kollam Central,Independent House,2,950,1,5,5,18,Unfurnished,1,3,11633270
Kerala,Kollam,Kollam Central,Independent House,2,2920,2,8,8,14,Semi-Furnished,1,3,31191540
Kerala,Kollam,Kollam Central,Apartment,3,1470,4,2,17,2,Furnished,1,0,20179639
Kerala,Kollam,Kollam Central,Apartment,2,3110,3,9,13,20,Furnished,2,1,38297561
Kerala,Kollam,Kollam Central,Independent House,4,2040,5,11,20,14,Unfurnished,0,2,27952443
Kerala,Kollam,Kollam Central,Independent House,5,1610,4,6,19,5,Semi-Furnished,2,3,24212008
Kerala,Kollam,Kollam Central,Apartment,3,1190,4,5,10,16,Furnished,0,3,15452140
Kerala,Kollam,Kollam Central,Apartment,3,1240,4,4,19,16,Furnished,1,2,13824735
Kerala,Kannur,Kannur Central,Villa,1,2010,2,0,15,10,Semi-Furnished,0,1,35202317
Kerala,Kannur,Kannur Central,Apartment,3,2680,4,11,11,20,Semi-Furnished,2,0,46217288
Kerala,Kannur,Kannur Central,Apartment,2,2860,2,2,5,9,Semi-Furnished,0,1,37745031
Kerala,Kannur,Kannur Central,Apartment,3,760,3,8,8,1,Unfurnished,1,0,10328974
Kerala,Kannur,Kannur Central,Apartment,2,2930,2,12,20,23,Semi-Furnished,1,0,34577934
Kerala,Kannur,Kannur Central,Apartment,3,1410,4,13,13,16,Unfurnished,0,0,20102851
Kerala,Kannur,Kannur Central,Apartment,1,2290,2,1,7,25,Semi-Furnished,2,3,27608102
Kerala,Kannur,Kannur Central,Apartment,3,2110,4,14,14,13,Semi-Furnished,2,2,28552229
Kerala,Kannur,Kannur Central,Independent House,5,2710,4,14,14,7,Unfurnished,2,3,38056151
Kerala,Kannur,Kannur Central,Independent House,5,2310,5,2,16,23,Unfurnished,0,1,38617059
Kerala,Kannur,Kannur Central,Apartment,1,1500,1,12,12,2,Unfurnished,0,2,22649710
Kerala,Kannur,Kannur Central,Independent House,5,1510,5,1,12,1,Furnished,0,2,29822527
Kerala,Kannur,Kannur Central,Apartment,1,3080,1,2,2,12,Unfurnished,2,3,35171935
Kerala,Kannur,Kannur Central,Villa,2,1290,1,3,19,14,Semi-Furnished,2,3,19830530
Kerala,Kannur,Kannur Central,Apartment,2,1810,1,5,15,1,Unfurnished,0,0,25505018
Kerala,Kannur,Kannur Central,Apartment,3,2360,2,8,14,13,Unfurnished,1,0,34581714
Kerala,Kannur,Kannur Central,Apartment,2,1160,3,13,19,19,Unfurnished,0,3,14405456
Kerala,Kannur,Kannur Central,Independent House,2,1250,1,12,19,19,Unfurnished,1,3,19362310
Kerala,Alappuzha,Alappuzha Central,Independent House,5,570,5,10,10,0,Semi-Furnished,1,2,9716698
Kerala,Alappuzha,Alappuzha Central,Apartment,5,3080,5,13,15,23,Semi-Furnished,0,3,50011732
Kerala,Alappuzha,Alappuzha Central,Apartment,1,1150,1,8,8,21,Furnished,0,1,14443548
Kerala,Alappuzha,Alappuzha Central,Apartment,2,1870,1,9,9,13,Semi-Furnished,2,2,21609932
Kerala,Alappuzha,Alappuzha Central,Apartment,2,2260,2,7,7,4,Unfurnished,0,0,25000539
Kerala,Alappuzha,Alappuzha Central,Apartment,2,860,3,6,6,22,Unfurnished,0,2,11626177
Kerala,Alappuzha,Alappuzha Central,Apartment,4,2700,3,11,11,25,Semi-Furnished,1,0,35849695
Kerala,Alappuzha,Alappuzha Central,Apartment,5,790,5,13,16,9,Semi-Furnished,1,1,12014334
Kerala,Alappuzha,Alappuzha Central,Apartment,5,750,5,1,6,19,Unfurnished,2,2,10434295
Kerala,Alappuzha,Alappuzha Central,Villa,3,2530,2,15,17,6,Unfurnished,1,2,44070721
Kerala,Alappuzha,Alappuzha Central,Independent House,5,1710,5,1,16,1,Unfurnished,2,0,27170196
Kerala,Alappuzha,Alappuzha Central,Apartment,2,2260,3,13,13,23,Unfurnished,1,1,31714229
Kerala,Alappuzha,Alappuzha Central,Apartment,3,1770,4,10,10,2,Unfurnished,2,0,28173114
Kerala,Alappuzha,Alappuzha Central,Apartment,5,1480,5,11,18,0,Semi-Furnished,1,2,24387302
Kerala,Alappuzha,Alappuzha Central,Apartment,4,710,3,3,3,9,Semi-Furnished,1,0,11127519
Kerala,Alappuzha,Alappuzha Central,Apartment,4,1390,5,14,14,3,Unfurnished,2,0,21447501
Kerala,Alappuzha,Alappuzha Central,Apartment,2,1630,1,7,11,22,Semi-Furnished,2,0,27328036
Kerala,Alappuzha,Alappuzha Central,Villa,4,1300,5,2,5,9,Semi-Furnished,0,3,18273663
Kerala,Kottayam,Kottayam Central,Apartment,5,980,5,15,15,17,Furnished,2,3,13547138
Kerala,Kottayam,Kottayam Central,Villa,2,2250,2,12,17,6,Furnished,0,3,33844922
Kerala,Kottayam,Kottayam Central,Apartment,3,1230,4,15,15,25,Unfurnished,0,2,17185829
Kerala,Kottayam,Kottayam Central,Apartment,3,1010,2,0,1,22,Semi-Furnished,0,2,12604391
Kerala,Kottayam,Kottayam Central,Apartment,4,1480,4,10,10,11,Furnished,0,1,24936991
Kerala,Kottayam,Kottayam Central,Villa,3,660,4,14,20,10,Semi-Furnished,1,1,10393805
Kerala,Kottayam,Kottayam Central,Apartment,1,830,1,8,11,14,Semi-Furnished,2,0,13677838
Kerala,Kottayam,Kottayam Central,Apartment,2,1030,1,13,13,1,Semi-Furnished,0,2,14831536
Kerala,Kottayam,Kottayam Central,Apartment,3,1670,4,12,12,8,Semi-Furnished,1,0,21333279
Kerala,Kottayam,Kottayam Central,Villa,4,960,4,12,12,21,Unfurnished,2,3,17379632
Kerala,Kottayam,Kottayam Central,Independent House,4,2880,3,7,7,3,Furnished,0,3,46611233
Kerala,Kottayam,Kottayam Central,Apartment,3,2700,2,4,20,5,Unfurnished,2,0,39379154
Kerala,Kottayam,Kottayam Central,Apartment,1,2930,1,5,13,3,Unfurnished,1,0,46464262
Kerala,Kottayam,Kottayam Central,Apartment,2,1960,2,11,15,8,Unfurnished,2,0,31667382
Kerala,Kottayam,Kottayam Central,Independent House,4,1440,4,13,18,10,Semi-Furnished,1,2,27830288
Kerala,Kottayam,Kottayam Central,Villa,2,2440,1,15,15,11,Semi-Furnished,2,0,40700660
Kerala,Kottayam,Kottayam Central,Independent House,5,2170,5,5,11,24,Semi-Furnished,0,0,32640699
Kerala,Kottayam,Kottayam Central,Apartment,1,750,2,3,15,1,Furnished,1,3,11551917
Kerala,Palakkad,Palakkad Central,Independent House,4,2710,5,8,14,9,Unfurnished,2,0,38487838
Kerala,Palakkad,Palakkad Central,Apartment,2,2380,3,11,18,7,Unfurnished,1,0,34712644
Kerala,Palakkad,Palakkad Central,Apartment,3,2460,4,7,7,3,Semi-Furnished,1,0,39055505
Kerala,Palakkad,Palakkad Central,Apartment,5,2800,4,11,11,8,Unfurnished,1,1,44415794
Kerala,Palakkad,Palakkad Central,Independent House,3,2640,2,5,17,22,Semi-Furnished,1,3,25086007
Kerala,Palakkad,Palakkad Central,Apartment,2,780,3,9,9,16,Unfurnished,0,3,11429549
Kerala,Palakkad,Palakkad Central,Independent House,1,1850,1,10,18,17,Unfurnished,0,2,24994612
Kerala,Palakkad,Palakkad Central,Independent House,4,1490,5,10,10,5,Semi-Furnished,2,0,26244188
Kerala,Palakkad,Palakkad Central,Apartment,2,690,1,11,16,9,Furnished,2,3,8475249
Kerala,Palakkad,Palakkad Central,Independent House,3,2200,2,12,12,9,Unfurnished,0,3,28840297
Kerala,Palakkad,Palakkad Central,Apartment,3,1160,4,12,12,0,Unfurnished,2,0,15101435
Kerala,Palakkad,Palakkad Central,Villa,5,1510,4,7,8,25,Semi-Furnished,2,2,23104176
Kerala,Palakkad,Palakkad Central,Independent House,5,1790,5,4,10,20,Semi-Furnished,1,0,27469652
Kerala,Palakkad,Palakkad Central,Apartment,5,1260,5,15,15,7,Unfurnished,2,1,19813319
Kerala,Palakkad,Palakkad Central,Apartment,3,1690,2,10,10,10,Semi-Furnished,2,3,25130677
Kerala,Palakkad,Palakkad Central,Apartment,3,2930,4,14,16,0,Semi-Furnished,1,2,45866029
Kerala,Palakkad,Palakkad Central,Apartment,2,700,3,8,10,20,Unfurnished,1,0,11015367
Kerala,Palakkad,Palakkad Central,Apartment,4,2690,5,11,17,23,Semi-Furnished,1,1,45148991
Madhya Pradesh,Bhopal,Bhopal Central,Apartment,4,2110,4,6,6,16,Semi-Furnished,0,3,21121075
Madhya Pradesh,Bhopal,Bhopal Central,Apartment,5,840,5,4,20,24,Unfurnished,0,2,7029424
Madhya Pradesh,Bhopal,Bhopal Central,Apartment,2,2800,2,6,6,21,Unfurnished,2,1,21272283
Madhya Pradesh,Bhopal,Bhopal Central,Apartment,4,2490,4,3,20,4,Furnished,2,1,28299407
Madhya Pradesh,Bhopal,Bhopal Central,Apartment,3,2680,2,0,14,21,Unfurnished,1,2,23647333
Madhya Pradesh,Bhopal,Bhopal Central,Apartment,5,2570,4,2,20,25,Furnished,1,3,33915607
Madhya Pradesh,Bhopal,Bhopal Central,Apartment,5,840,4,5,19,21,Unfurnished,2,2,8422155
Madhya Pradesh,Bhopal,Bhopal Central,Apartment,5,1270,5,12,12,24,Semi-Furnished,0,3,13161491
Madhya Pradesh,Bhopal,Bhopal Central,Apartment,5,1240,5,5,13,25,Unfurnished,0,1,11390408
Madhya Pradesh,Bhopal,Bhopal Central,Apartment,2,550,1,13,16,17,Unfurnished,0,3,4894352
Madhya Pradesh,Bhopal,Bhopal Central,Apartment,5,1440,4,14,16,8,Unfurnished,1,1,13688250
Madhya Pradesh,Bhopal,Bhopal Central,Apartment,5,2330,5,15,20,0,Unfurnished,0,1,28226208
Madhya Pradesh,Bhopal,Bhopal Central,Apartment,3,2340,3,0,10,0,Unfurnished,2,2,23081002
Madhya Pradesh,Bhopal,Bhopal Central,Villa,2,2430,3,8,8,5,Semi-Furnished,0,1,18807480
Madhya Pradesh,Bhopal,Bhopal Central,Apartment,1,2110,1,5,7,5,Semi-Furnished,1,3,22229441
Madhya Pradesh,Bhopal,Bhopal Central,Apartment,4,1940,4,3,12,24,Unfurnished,2,1,18149403
Madhya Pradesh,Bhopal,Bhopal Central,Independent House,4,930,5,0,7,10,Semi-Furnished,2,1,10301949
Madhya Pradesh,Bhopal,Bhopal Central,Independent House,4,2280,5,9,14,21,Semi-Furnished,1,1,23277210
Madhya Pradesh,Indore,Indore Central,Apartment,1,1800,2,6,6,10,Unfurnished,0,3,17751603
Madhya Pradesh,Indore,Indore Central,Apartment,5,1510,5,13,20,24,Furnished,0,3,12615890
Madhya Pradesh,Indore,Indore Central,Apartment,5,1070,4,10,10,9,Semi-Furnished,0,2,10401437
Madhya Pradesh,Indore,Indore Central,Independent House,4,1240,3,14,14,4,Semi-Furnished,1,3,10999725
Madhya Pradesh,Indore,Indore Central,Apartment,5,1580,5,0,3,16,Semi-Furnished,2,1,17571043
Madhya Pradesh,Indore,Indore Central,Independent House,3,760,3,14,14,9,Semi-Furnished,2,0,6912025
Madhya Pradesh,Indore,Indore Central,Apartment,4,2780,5,2,12,22,Semi-Furnished,1,3,26349820
Madhya Pradesh,Indore,Indore Central,Apartment,1,2000,1,12,12,14,Unfurnished,2,1,20500327
Madhya Pradesh,Indore,Indore Central,Independent House,3,2400,2,4,20,3,Semi-Furnished,1,0,22820154
Madhya Pradesh,Indore,Indore Central,Independent House,1,2690,1,5,9,22,Semi-Furnished,2,3,24017300
Madhya Pradesh,Indore,Indore Central,Apartment,5,1640,5,9,9,5,Unfurnished,1,3,25751755
Madhya Pradesh,Indore,Indore Central,Apartment,1,850,1,12,14,18,Semi-Furnished,1,3,6930602
Madhya Pradesh,Indore,Indore Central,Apartment,2,1340,2,7,7,5,Semi-Furnished,2,0,13142411
Madhya Pradesh,Indore,Indore Central,Independent House,3,730,3,9,9,11,Unfurnished,2,1,7822068
Madhya Pradesh,Indore,Indore Central,Apartment,3,1450,3,14,14,22,Unfurnished,2,1,16068265
Madhya Pradesh,Indore,Indore Central,Apartment,1,3060,1,0,14,19,Semi-Furnished,1,2,28297142
Madhya Pradesh,Indore,Indore Central,Independent House,1,2220,1,7,15,16,Unfurnished,2,2,20034461
Madhya Pradesh,Indore,Indore Central,Independent House,5,1010,5,1,7,1,Semi-Furnished,2,0,11382690
Madhya Pradesh,Gwalior,Gwalior Central,Independent House,3,2570,3,8,14,23,Semi-Furnished,0,2,34171370
Madhya Pradesh,Gwalior,Gwalior Central,Independent House,1,1920,1,13,13,18,Furnished,2,3,22619360
Madhya Pradesh,Gwalior,Gwalior Central,Independent House,1,1830,2,14,14,24,Unfurnished,2,1,19709738
Madhya Pradesh,Gwalior,Gwalior Central,Independent House,1,1410,2,11,11,6,Semi-Furnished,2,1,17182071
Madhya Pradesh,Gwalior,Gwalior Central,Apartment,5,1200,4,14,14,16,Unfurnished,0,1,14054760
Madhya Pradesh,Gwalior,Gwalior Central,Villa,4,2830,4,12,12,22,Semi-Furnished,1,3,37177973
Madhya Pradesh,Gwalior,Gwalior Central,Apartment,5,2230,5,13,16,16,Semi-Furnished,1,2,28723641
Madhya Pradesh,Gwalior,Gwalior Central,Apartment,2,700,1,11,18,22,Semi-Furnished,0,0,8845664
Madhya Pradesh,Gwalior,Gwalior Central,Apartment,4,1140,4,7,20,10,Semi-Furnished,2,3,14755305
Madhya Pradesh,Gwalior,Gwalior Central,Apartment,5,2680,5,11,16,19,Semi-Furnished,2,0,27737453
Madhya Pradesh,Gwalior,Gwalior Central,Independent House,5,650,5,9,11,5,Unfurnished,1,1,7058751
Madhya Pradesh,Gwalior,Gwalior Central,Independent House,1,650,1,12,17,4,Semi-Furnished,1,2,7577306
Madhya Pradesh,Gwalior,Gwalior Central,Villa,4,1380,4,3,16,23,Unfurnished,0,0,18725103
Madhya Pradesh,Gwalior,Gwalior Central,Independent House,1,950,1,11,11,8,Unfurnished,1,1,10188202
Madhya Pradesh,Gwalior,Gwalior Central,Apartment,5,1560,5,5,10,21,Semi-Furnished,0,1,17965011
Madhya Pradesh,Gwalior,Gwalior Central,Independent House,3,2440,3,0,13,5,Semi-Furnished,0,3,32408543
Madhya Pradesh,Gwalior,Gwalior Central,Villa,2,2980,1,8,16,5,Furnished,1,2,43721970
Madhya Pradesh,Gwalior,Gwalior Central,Independent House,3,1720,4,15,16,16,Semi-Furnished,2,0,15926014
Madhya Pradesh,Jabalpur,Jabalpur Central,Independent House,4,1580,5,6,16,11,Furnished,0,2,18244508
Madhya Pradesh,Jabalpur,Jabalpur Central,Independent House,3,2230,4,13,20,21,Furnished,1,1,20109132
Madhya Pradesh,Jabalpur,Jabalpur Central,Apartment,2,1980,2,4,4,16,Unfurnished,1,2,19210392
Madhya Pradesh,Jabalpur,Jabalpur Central,Apartment,5,1690,5,14,14,15,Furnished,1,0,19055986
Madhya Pradesh,Jabalpur,Jabalpur Central,Independent House,3,2550,2,0,10,2,Unfurnished,1,0,28276205
Madhya Pradesh,Jabalpur,Jabalpur Central,Apartment,4,1200,3,14,14,12,Semi-Furnished,2,2,16396403
Madhya Pradesh,Jabalpur,Jabalpur Central,Villa,5,2600,4,1,3,18,Semi-Furnished,2,0,28283167
Madhya Pradesh,Jabalpur,Jabalpur Central,Independent House,5,1790,4,3,5,20,Semi-Furnished,1,1,17462157
Madhya Pradesh,Jabalpur,Jabalpur Central,Apartment,3,1020,2,10,19,14,Unfurnished,2,2,10344295
Madhya Pradesh,Jabalpur,Jabalpur Central,Apartment,4,1230,5,6,17,13,Unfurnished,1,0,12587977
Madhya Pradesh,Jabalpur,Jabalpur Central,Apartment,2,2720,2,14,14,9,Semi-Furnished,0,3,24901994
Madhya Pradesh,Jabalpur,Jabalpur Central,Villa,3,1220,2,1,10,13,Semi-Furnished,2,3,12863437
Madhya Pradesh,Jabalpur,Jabalpur Central,Apartment,4,2910,3,5,20,14,Unfurnished,0,3,36382382
Madhya Pradesh,Jabalpur,Jabalpur Central,Apartment,5,1120,4,12,12,25,Semi-Furnished,1,2,9639224
Madhya Pradesh,Jabalpur,Jabalpur Central,Apartment,4,2940,4,9,9,5,Semi-Furnished,1,2,34263217
Madhya Pradesh,Jabalpur,Jabalpur Central,Independent House,1,950,1,4,11,8,Semi-Furnished,2,2,9276922
Madhya Pradesh,Jabalpur,Jabalpur Central,Villa,2,730,3,10,10,17,Unfurnished,0,2,6514034
Madhya Pradesh,Jabalpur,Jabalpur Central,Independent House,4,1560,4,9,9,15,Semi-Furnished,0,0,15920441
Madhya Pradesh,Ujjain,Ujjain Central,Apartment,5,2990,5,15,15,19,Furnished,1,2,43211453
Madhya Pradesh,Ujjain,Ujjain Central,Independent House,1,2500,2,3,9,5,Semi-Furnished,1,0,22525839
Madhya Pradesh,Ujjain,Ujjain Central,Independent House,1,770,1,8,8,24,Unfurnished,2,0,7623703
Madhya Pradesh,Ujjain,Ujjain Central,Villa,5,3180,5,8,8,15,Unfurnished,1,3,42558272
Madhya Pradesh,Ujjain,Ujjain Central,Independent House,2,1400,3,2,13,0,Semi-Furnished,2,0,13771378
Madhya Pradesh,Ujjain,Ujjain Central,Apartment,4,2170,4,4,8,3,Unfurnished,1,1,28433409
Madhya Pradesh,Ujjain,Ujjain Central,Independent House,4,1570,3,11,11,17,Semi-Furnished,2,1,18680024
Madhya Pradesh,Ujjain,Ujjain Central,Independent House,3,2140,3,0,3,4,Semi-Furnished,0,1,27400537
Madhya Pradesh,Ujjain,Ujjain Central,Independent House,4,1750,4,15,15,5,Unfurnished,2,1,21959518
Madhya Pradesh,Ujjain,Ujjain Central,Apartment,2,2450,1,8,15,18,Semi-Furnished,0,0,31058784
Madhya Pradesh,Ujjain,Ujjain Central,Apartment,3,3190,4,13,13,4,Semi-Furnished,1,3,40548550
Madhya Pradesh,Ujjain,Ujjain Central,Independent House,1,1010,1,2,11,12,Furnished,2,1,11171666
Madhya Pradesh,Ujjain,Ujjain Central,Apartment,1,2740,2,14,18,17,Semi-Furnished,0,0,30228952
Madhya Pradesh,Ujjain,Ujjain Central,Independent House,3,700,3,3,11,2,Unfurnished,1,0,8355717
Madhya Pradesh,Ujjain,Ujjain Central,Independent House,1,2720,1,4,17,11,Unfurnished,0,2,24603652
Madhya Pradesh,Ujjain,Ujjain Central,Independent House,1,3140,1,12,15,0,Unfurnished,0,0,45799113
Madhya Pradesh,Ujjain,Ujjain Central,Apartment,1,1780,2,2,11,21,Semi-Furnished,2,3,18147280
Madhya Pradesh,Ujjain,Ujjain Central,Apartment,2,2020,3,0,18,4,Semi-Furnished,2,1,24156974
Madhya Pradesh,Sagar,Sagar Central,Villa,2,1350,3,8,13,2,Semi-Furnished,2,1,14676916
Madhya Pradesh,Sagar,Sagar Central,Apartment,3,1010,2,4,4,3,Semi-Furnished,1,0,10717009
Madhya Pradesh,Sagar,Sagar Central,Apartment,3,1210,2,9,11,7,Unfurnished,1,3,11536711
Madhya Pradesh,Sagar,Sagar Central,Villa,2,2540,2,2,13,8,Semi-Furnished,0,1,35171322
Madhya Pradesh,Sagar,Sagar Central,Independent House,3,1420,2,0,14,10,Unfurnished,2,3,13538463
Madhya Pradesh,Sagar,Sagar Central,Apartment,1,730,1,13,14,19,Furnished,1,2,6788605
Madhya Pradesh,Sagar,Sagar Central,Apartment,1,2430,2,7,7,1,Unfurnished,2,2,24011088
Madhya Pradesh,Sagar,Sagar Central,Villa,4,2160,4,10,10,3,Unfurnished,0,3,26877819
Madhya Pradesh,Sagar,Sagar Central,Villa,2,2360,1,7,14,18,Semi-Furnished,1,0,24713776
Madhya Pradesh,Sagar,Sagar Central,Apartment,5,2730,5,8,14,7,Semi-Furnished,1,2,33621209
Madhya Pradesh,Sagar,Sagar Central,Independent House,3,770,2,3,3,22,Unfurnished,1,3,8580360
Madhya Pradesh,Sagar,Sagar Central,Independent House,5,560,4,9,10,20,Semi-Furnished,1,1,6739141
Madhya Pradesh,Sagar,Sagar Central,Apartment,2,2460,1,5,5,22,Unfurnished,0,0,19535855
Madhya Pradesh,Sagar,Sagar Central,Apartment,3,1010,2,6,9,23,Semi-Furnished,1,3,9401507
Madhya Pradesh,Sagar,Sagar Central,Apartment,3,1950,3,10,20,23,Furnished,1,1,19257401
Madhya Pradesh,Sagar,Sagar Central,Independent House,1,1080,1,10,10,7,Furnished,1,2,9606618
Madhya Pradesh,Sagar,Sagar Central,Independent House,3,1130,3,7,20,23,Semi-Furnished,2,0,9567952
Madhya Pradesh,Sagar,Sagar Central,Apartment,3,930,2,9,9,13,Furnished,2,2,9514686
Madhya Pradesh,Dewas,Dewas Central,Independent House,5,1390,5,5,19,0,Semi-Furnished,2,1,17608649
Madhya Pradesh,Dewas,Dewas Central,Apartment,1,1830,2,12,12,14,Furnished,0,1,12993978
Madhya Pradesh,Dewas,Dewas Central,Apartment,3,1770,3,13,13,9,Semi-Furnished,2,0,20036321
Madhya Pradesh,Dewas,Dewas Central,Apartment,5,930,4,4,13,13,Unfurnished,1,2,11769815
Madhya Pradesh,Dewas,Dewas Central,Apartment,1,780,1,11,15,6,Semi-Furnished,0,2,4929546
Madhya Pradesh,Dewas,Dewas Central,Apartment,4,2880,5,7,7,15,Unfurnished,1,3,26749617
Madhya Pradesh,Dewas,Dewas Central,Apartment,4,2860,4,6,6,21,Semi-Furnished,1,1,27977154
Madhya Pradesh,Dewas,Dewas Central,Villa,1,1180,2,4,11,23,Unfurnished,0,0,14667099
Madhya Pradesh,Dewas,Dewas Central,Villa,4,3170,5,3,11,5,Unfurnished,1,0,35903421
Madhya Pradesh,Dewas,Dewas Central,Apartment,4,1050,3,3,4,18,Unfurnished,0,0,9019984
Madhya Pradesh,Dewas,Dewas Central,Independent House,2,2610,1,0,16,14,Semi-Furnished,2,1,23461938
Madhya Pradesh,Dewas,Dewas Central,Apartment,3,1560,2,8,16,9,Semi-Furnished,1,1,16858767
Madhya Pradesh,Dewas,Dewas Central,Apartment,2,2570,1,0,5,4,Semi-Furnished,1,1,27813992
Madhya Pradesh,Dewas,Dewas Central,Independent House,4,2110,5,4,8,16,Semi-Furnished,2,3,17981250
Madhya Pradesh,Dewas,Dewas Central,Independent House,3,1940,2,12,14,25,Semi-Furnished,0,3,20370088
Madhya Pradesh,Dewas,Dewas Central,Villa,5,3060,5,14,14,1,Furnished,2,2,37406901
Madhya Pradesh,Dewas,Dewas Central,Apartment,5,1330,4,15,15,10,Unfurnished,2,0,16292823
Madhya Pradesh,Dewas,Dewas Central,Apartment,2,2900,3,0,18,7,Unfurnished,0,0,24695111
Madhya Pradesh,Satna,Satna Central,Apartment,5,2440,5,12,12,1,Unfurnished,2,1,27414547
Madhya Pradesh,Satna,Satna Central,Apartment,2,2250,2,13,13,11,Semi-Furnished,1,2,20477895
Madhya Pradesh,Satna,Satna Central,Apartment,3,2690,3,8,14,22,Furnished,1,2,26096973
Madhya Pradesh,Satna,Satna Central,Apartment,5,2870,4,9,9,4,Semi-Furnished,0,3,28009141
Madhya Pradesh,Satna,Satna Central,Independent House,5,880,4,5,6,22,Semi-Furnished,0,0,11607581
Madhya Pradesh,Satna,Satna Central,Apartment,4,1110,5,12,12,4,Unfurnished,1,2,13997256
Madhya Pradesh,Satna,Satna Central,Villa,2,2280,2,7,18,5,Semi-Furnished,2,2,23618012
Madhya Pradesh,Satna,Satna Central,Independent House,4,2690,4,10,10,18,Unfurnished,2,3,24484280
Madhya Pradesh,Satna,Satna Central,Apartment,3,550,2,12,13,25,Furnished,0,3,5525594
Madhya Pradesh,Satna,Satna Central,Apartment,2,1580,1,6,6,25,Semi-Furnished,0,0,15858306
Madhya Pradesh,Satna,Satna Central,Independent House,1,2070,1,5,18,9,Semi-Furnished,0,2,21261703
Madhya Pradesh,Satna,Satna Central,Independent House,5,1090,4,7,15,12,Semi-Furnished,2,2,12276989
Madhya Pradesh,Satna,Satna Central,Apartment,3,820,2,8,19,5,Semi-Furnished,2,0,8648965
Madhya Pradesh,Satna,Satna Central,Apartment,1,950,2,11,11,1,Semi-Furnished,2,0,11637109
Madhya Pradesh,Satna,Satna Central,Apartment,2,1540,2,3,6,1,Furnished,0,2,15635634
Madhya Pradesh,Satna,Satna Central,Apartment,2,2310,1,8,11,4,Unfurnished,0,1,24829661
Madhya Pradesh,Satna,Satna Central,Apartment,3,2790,2,5,11,5,Semi-Furnished,0,1,31468932
Madhya Pradesh,Satna,Satna Central,Apartment,3,1890,4,5,7,12,Unfurnished,2,2,20906424
Maharashtra,Mumbai,Mumbai Central,Independent House,3,1260,3,10,10,12,Furnished,1,0,13636387
Maharashtra,Mumbai,Mumbai Central,Apartment,4,1480,5,11,19,9,Semi-Furnished,2,2,21857777
Maharashtra,Mumbai,Mumbai Central,Apartment,4,2160,4,5,6,11,Furnished,0,1,24156496
Maharashtra,Mumbai,Mumbai Central,Independent House,2,1020,2,1,7,2,Semi-Furnished,1,0,13169837
Maharashtra,Mumbai,Mumbai Central,Independent House,3,1880,4,5,16,20,Furnished,2,1,21554225
Maharashtra,Mumbai,Mumbai Central,Apartment,4,2530,5,13,13,20,Semi-Furnished,0,2,31037130
Maharashtra,Mumbai,Mumbai Central,Apartment,1,2980,1,9,13,20,Semi-Furnished,1,3,27385236
Maharashtra,Mumbai,Mumbai Central,Apartment,2,2790,3,12,15,14,Unfurnished,2,0,27916412
Maharashtra,Mumbai,Mumbai Central,Apartment,1,2020,1,9,15,21,Furnished,2,3,21352614
Maharashtra,Mumbai,Mumbai Central,Apartment,2,2090,3,12,12,7,Semi-Furnished,2,1,27577772
Maharashtra,Mumbai,Mumbai Central,Villa,4,1430,5,3,3,16,Semi-Furnished,1,2,18381927
Maharashtra,Mumbai,Mumbai Central,Apartment,4,2630,4,9,11,18,Semi-Furnished,1,1,32243577
Maharashtra,Mumbai,Mumbai Central,Apartment,3,1650,4,0,4,18,Semi-Furnished,2,1,19181805
Maharashtra,Mumbai,Mumbai Central,Independent House,4,2560,3,0,10,9,Unfurnished,0,0,30120539
Maharashtra,Mumbai,Mumbai Central,Villa,3,3060,2,10,12,10,Semi-Furnished,0,2,33809866
Maharashtra,Mumbai,Mumbai Central,Independent House,4,1720,3,5,18,5,Semi-Furnished,2,1,19683976
Maharashtra,Mumbai,Mumbai Central,Apartment,2,920,2,6,6,7,Unfurnished,0,2,12767761
Maharashtra,Mumbai,Mumbai Central,Apartment,3,2060,4,15,15,17,Unfurnished,0,0,20985303
Maharashtra,Pune,Pune Central,Apartment,4,2520,3,3,7,0,Semi-Furnished,2,2,30836031
Maharashtra,Pune,Pune Central,Independent House,1,1320,1,5,16,18,Semi-Furnished,2,3,15776705
Maharashtra,Pune,Pune Central,Independent House,1,1970,2,6,8,11,Semi-Furnished,0,3,20861305
Maharashtra,Pune,Pune Central,Apartment,3,960,3,7,7,23,Semi-Furnished,2,2,13308319
Maharashtra,Pune,Pune Central,Apartment,4,950,3,4,8,21,Semi-Furnished,1,0,13166503
Maharashtra,Pune,Pune Central,Villa,2,800,1,14,14,18,Unfurnished,1,3,12135203
Maharashtra,Pune,Pune Central,Villa,2,1700,2,6,6,24,Unfurnished,1,3,25031914
Maharashtra,Pune,Pune Central,Villa,5,3180,4,11,15,17,Semi-Furnished,2,3,50885206
Maharashtra,Pune,Pune Central,Independent House,1,1090,1,11,18,16,Unfurnished,2,1,12628322
Maharashtra,Pune,Pune Central,Apartment,1,1450,2,8,8,6,Semi-Furnished,1,3,20381512
Maharashtra,Pune,Pune Central,Apartment,1,1160,1,7,17,23,Semi-Furnished,1,2,16070032
Maharashtra,Pune,Pune Central,Apartment,5,2450,5,10,10,22,Unfurnished,0,2,35225113
Maharashtra,Pune,Pune Central,Independent House,3,2000,2,4,10,3,Unfurnished,2,0,31953524
Maharashtra,Pune,Pune Central,Independent House,2,590,2,6,15,7,Unfurnished,1,2,8178966
Maharashtra,Pune,Pune Central,Independent House,5,2130,5,10,16,15,Semi-Furnished,0,1,30170995
Maharashtra,Pune,Pune Central,Apartment,4,940,4,4,13,5,Unfurnished,2,3,15601550
Maharashtra,Pune,Pune Central,Villa,3,2030,3,8,8,6,Semi-Furnished,1,0,31343374
Maharashtra,Pune,Pune Central,Villa,1,1120,2,13,13,7,Furnished,1,2,15514835
Maharashtra,Nagpur,Nagpur Central,Apartment,3,640,2,14,20,22,Semi-Furnished,2,3,8548356
Maharashtra,Nagpur,Nagpur Central,Apartment,5,1950,4,10,13,8,Unfurnished,1,2,30163354
Maharashtra,Nagpur,Nagpur Central,Independent House,3,2860,2,7,8,24,Unfurnished,2,2,32339293
Maharashtra,Nagpur,Nagpur Central,Apartment,2,960,1,10,10,22,Furnished,2,2,7292195
Maharashtra,Nagpur,Nagpur Central,Villa,5,2050,5,8,8,0,Unfurnished,1,2,27629105
Maharashtra,Nagpur,Nagpur Central,Apartment,3,2660,2,2,20,13,Semi-Furnished,2,0,33937590
Maharashtra,Nagpur,Nagpur Central,Independent House,2,650,1,3,12,5,Semi-Furnished,2,3,6965421
Maharashtra,Nagpur,Nagpur Central,Independent House,1,970,1,11,14,3,Unfurnished,1,0,12375346
Maharashtra,Nagpur,Nagpur Central,Apartment,3,2930,2,6,8,5,Semi-Furnished,1,1,40483568
Maharashtra,Nagpur,Nagpur Central,Apartment,2,1020,2,7,14,14,Unfurnished,0,1,15844310
Maharashtra,Nagpur,Nagpur Central,Apartment,4,2980,5,15,18,1,Unfurnished,1,1,47433808
Maharashtra,Nagpur,Nagpur Central,Apartment,3,2740,2,13,13,5,Semi-Furnished,1,1,32033768
Maharashtra,Nagpur,Nagpur Central,Apartment,1,2640,1,7,16,10,Semi-Furnished,1,3,29978109
Maharashtra,Nagpur,Nagpur Central,Independent House,1,2900,2,8,8,6,Semi-Furnished,0,2,31881468
Maharashtra,Nagpur,Nagpur Central,Apartment,5,1310,5,0,11,23,Furnished,1,3,15668335
Maharashtra,Nagpur,Nagpur Central,Villa,3,2230,3,3,5,25,Unfurnished,2,3,34313070
Maharashtra,Nagpur,Nagpur Central,Apartment,5,2230,4,8,12,14,Semi-Furnished,1,2,36729241
Maharashtra,Nagpur,Nagpur Central,Apartment,4,2510,5,5,7,3,Semi-Furnished,1,3,25934899
Maharashtra,Nashik,Nashik Central,Apartment,2,2340,2,4,11,1,Furnished,1,1,28351461
Maharashtra,Nashik,Nashik Central,Independent House,4,1910,3,6,6,5,Semi-Furnished,1,0,24575596
Maharashtra,Nashik,Nashik Central,Apartment,2,2970,1,13,20,21,Semi-Furnished,2,3,33725018
Maharashtra,Nashik,Nashik Central,Independent House,5,2170,5,10,15,6,Semi-Furnished,2,2,37792827
Maharashtra,Nashik,Nashik Central,Apartment,2,690,2,1,17,18,Semi-Furnished,1,3,8484284
Maharashtra,Nashik,Nashik Central,Apartment,5,730,5,1,17,22,Unfurnished,1,0,7589270
Maharashtra,Nashik,Nashik Central,Apartment,2,2530,2,2,19,23,Semi-Furnished,2,0,29491943
Maharashtra,Nashik,Nashik Central,Apartment,4,1120,4,2,4,19,Semi-Furnished,0,3,14263654
Maharashtra,Nashik,Nashik Central,Independent House,5,2900,5,3,8,6,Semi-Furnished,0,2,38248906
Maharashtra,Nashik,Nashik Central,Apartment,2,1820,2,3,9,24,Semi-Furnished,0,3,21679144
Maharashtra,Nashik,Nashik Central,Villa,5,1750,5,13,13,24,Unfurnished,2,0,20261475
Maharashtra,Nashik,Nashik Central,Apartment,3,1740,3,11,11,16,Furnished,2,2,24494493
Maharashtra,Nashik,Nashik Central,Apartment,3,830,2,3,5,17,Semi-Furnished,2,1,10321180
Maharashtra,Nashik,Nashik Central,Apartment,2,1480,1,13,14,18,Unfurnished,2,3,14401714
Maharashtra,Nashik,Nashik Central,Villa,5,800,5,4,4,16,Semi-Furnished,2,2,13518790
Maharashtra,Nashik,Nashik Central,Apartment,1,2610,1,5,5,11,Furnished,0,0,27236923
Maharashtra,Nashik,Nashik Central,Apartment,1,930,1,12,12,0,Unfurnished,0,2,11064513
Maharashtra,Nashik,Nashik Central,Villa,1,2010,1,8,20,7,Semi-Furnished,2,1,25445226
Maharashtra,Thane,Thane Central,Apartment,1,2620,2,0,14,19,Semi-Furnished,2,0,34150396
Maharashtra,Thane,Thane Central,Independent House,5,1190,4,11,16,5,Semi-Furnished,2,2,20701439
Maharashtra,Thane,Thane Central,Apartment,5,1710,5,0,10,10,Semi-Furnished,0,2,27574557
Maharashtra,Thane,Thane Central,Independent House,1,890,2,7,14,19,Semi-Furnished,2,1,10895895
Maharashtra,Thane,Thane Central,Apartment,3,1580,3,8,16,11,Unfurnished,0,1,22636678
Maharashtra,Thane,Thane Central,Independent House,4,990,4,8,15,23,Semi-Furnished,1,3,15544535
Maharashtra,Thane,Thane Central,Apartment,2,2670,1,15,15,17,Unfurnished,2,0,37906869
Maharashtra,Thane,Thane Central,Villa,3,2760,3,14,14,15,Semi-Furnished,2,0,40846316
Maharashtra,Thane,Thane Central,Villa,1,1570,2,13,13,21,Unfurnished,2,2,22350980
Maharashtra,Thane,Thane Central,Independent House,4,870,4,15,15,13,Semi-Furnished,0,0,12964672
Maharashtra,Thane,Thane Central,Apartment,1,840,1,4,15,9,Furnished,2,0,10063341
Maharashtra,Thane,Thane Central,Apartment,4,2530,4,2,4,21,Furnished,2,2,27766511
Maharashtra,Thane,Thane Central,Apartment,1,2500,2,4,19,9,Semi-Furnished,1,3,30888785
Maharashtra,Thane,Thane Central,Apartment,3,1720,4,11,11,12,Unfurnished,1,3,22101789
Maharashtra,Thane,Thane Central,Apartment,1,1300,1,1,10,2,Semi-Furnished,2,0,21121559
Maharashtra,Thane,Thane Central,Apartment,1,980,2,0,3,7,Unfurnished,0,2,15507991
Maharashtra,Thane,Thane Central,Apartment,2,1170,3,0,4,25,Furnished,2,0,17539366
Maharashtra,Thane,Thane Central,Apartment,1,1260,1,11,16,16,Unfurnished,2,1,14109407
Maharashtra,Navi Mumbai,Navi Mumbai Central,Apartment,4,1030,4,15,18,0,Semi-Furnished,1,3,15499134
Maharashtra,Navi Mumbai,Navi Mumbai Central,Apartment,2,1630,3,11,11,25,Semi-Furnished,2,1,19877504
Maharashtra,Navi Mumbai,Navi Mumbai Central,Apartment,5,1580,5,0,15,14,Furnished,2,1,27544645
Maharashtra,Navi Mumbai,Navi Mumbai Central,Apartment,4,1580,5,9,12,4,Furnished,1,2,22481026
Maharashtra,Navi Mumbai,Navi Mumbai Central,Independent House,4,2010,5,13,13,22,Unfurnished,0,1,27273719
Maharashtra,Navi Mumbai,Navi Mumbai Central,Independent House,5,2000,4,11,12,1,Semi-Furnished,2,2,28796435
Maharashtra,Navi Mumbai,Navi Mumbai Central,Apartment,2,2530,1,4,5,23,Semi-Furnished,1,0,32543511
Maharashtra,Navi Mumbai,Navi Mumbai Central,Apartment,2,1370,3,10,19,25,Unfurnished,0,3,14287143
Maharashtra,Navi Mumbai,Navi Mumbai Central,Independent House,3,2880,2,8,9,14,Unfurnished,0,0,45164444
Maharashtra,Navi Mumbai,Navi Mumbai Central,Independent House,1,590,1,10,18,8,Unfurnished,0,1,8247865
Maharashtra,Navi Mumbai,Navi Mumbai Central,Apartment,5,1140,5,13,13,13,Semi-Furnished,2,1,15424146
Maharashtra,Navi Mumbai,Navi Mumbai Central,Independent House,5,2620,4,10,10,18,Furnished,0,2,40435324
Maharashtra,Navi Mumbai,Navi Mumbai Central,Apartment,4,1950,5,4,7,21,Semi-Furnished,0,0,19571836
Maharashtra,Navi Mumbai,Navi Mumbai Central,Independent House,2,1180,3,3,20,6,Furnished,2,2,16521945
Maharashtra,Navi Mumbai,Navi Mumbai Central,Apartment,2,2280,1,12,12,6,Unfurnished,1,0,31837101
Maharashtra,Navi Mumbai,Navi Mumbai Central,Independent House,3,2290,3,1,18,20,Furnished,0,2,33204374
Maharashtra,Navi Mumbai,Navi Mumbai Central,Apartment,1,3050,1,12,12,23,Semi-Furnished,1,2,38567838
Maharashtra,Navi Mumbai,Navi Mumbai Central,Apartment,3,2610,2,15,15,12,Semi-Furnished,1,3,39251935
Maharashtra,Aurangabad,Aurangabad Central,Independent House,1,1070,1,3,14,22,Furnished,0,2,13307614
Maharashtra,Aurangabad,Aurangabad Central,Apartment,3,1220,2,14,14,25,Unfurnished,1,1,15375530
Maharashtra,Aurangabad,Aurangabad Central,Apartment,1,1830,1,0,15,12,Furnished,0,0,28232528
Maharashtra,Aurangabad,Aurangabad Central,Apartment,2,800,1,14,17,3,Unfurnished,1,3,11912008
Maharashtra,Aurangabad,Aurangabad Central,Independent House,2,2170,3,11,15,23,Furnished,2,2,33863437
Maharashtra,Aurangabad,Aurangabad Central,Apartment,1,2020,1,6,6,8,Semi-Furnished,1,0,27383916
Maharashtra,Aurangabad,Aurangabad Central,Apartment,1,1340,2,14,14,10,Unfurnished,0,1,16890974
Maharashtra,Aurangabad,Aurangabad Central,Apartment,3,2230,2,12,14,16,Unfurnished,1,3,31056958
Maharashtra,Aurangabad,Aurangabad Central,Independent House,5,1090,5,2,6,25,Furnished,1,1,17880717
Maharashtra,Aurangabad,Aurangabad Central,Apartment,4,610,4,15,17,8,Unfurnished,2,1,8046025
Maharashtra,Aurangabad,Aurangabad Central,Independent House,4,2650,5,1,2,4,Unfurnished,1,3,39159195
Maharashtra,Aurangabad,Aurangabad Central,Apartment,3,1580,3,2,10,2,Unfurnished,0,1,21309286
Maharashtra,Aurangabad,Aurangabad Central,Apartment,3,740,3,7,7,1,Semi-Furnished,1,0,11550342
Maharashtra,Aurangabad,Aurangabad Central,Apartment,2,1170,3,14,14,3,Unfurnished,0,3,17220045
Maharashtra,Aurangabad,Aurangabad Central,Apartment,5,1190,5,1,20,7,Semi-Furnished,0,2,16522133
Maharashtra,Aurangabad,Aurangabad Central,Apartment,1,1450,2,6,20,0,Unfurnished,1,3,21804284
Maharashtra,Aurangabad,Aurangabad Central,Independent House,5,1470,5,10,10,13,Semi-Furnished,2,1,23630042
Maharashtra,Aurangabad,Aurangabad Central,Apartment,4,860,5,0,17,3,Semi-Furnished,0,1,12594218
Maharashtra,Kolhapur,Kolhapur Central,Independent House,1,3060,1,2,9,24,Unfurnished,1,2,35833036
Maharashtra,Kolhapur,Kolhapur Central,Apartment,2,1960,1,1,16,8,Unfurnished,2,2,27431930
Maharashtra,Kolhapur,Kolhapur Central,Apartment,2,690,2,4,14,3,Unfurnished,0,0,7032735
Maharashtra,Kolhapur,Kolhapur Central,Apartment,1,2500,1,13,15,13,Semi-Furnished,2,0,27174374
Maharashtra,Kolhapur,Kolhapur Central,Apartment,2,1730,2,8,16,7,Semi-Furnished,0,3,18314579
Maharashtra,Kolhapur,Kolhapur Central,Apartment,3,980,2,9,18,21,Semi-Furnished,0,1,11351581
Maharashtra,Kolhapur,Kolhapur Central,Apartment,1,1930,2,8,17,0,Semi-Furnished,2,1,27285511
Maharashtra,Kolhapur,Kolhapur Central,Apartment,4,1690,3,14,15,7,Unfurnished,2,3,19684711
Maharashtra,Kolhapur,Kolhapur Central,Apartment,4,2050,3,2,3,24,Semi-Furnished,1,3,22993578
Maharashtra,Kolhapur,Kolhapur Central,Apartment,2,2710,2,5,11,11,Semi-Furnished,1,0,26307899
Maharashtra,Kolhapur,Kolhapur Central,Apartment,2,1450,1,9,13,15,Semi-Furnished,2,3,15497277
Maharashtra,Kolhapur,Kolhapur Central,Apartment,3,1140,2,8,8,25,Semi-Furnished,0,2,11462004
Maharashtra,Kolhapur,Kolhapur Central,Apartment,1,2630,1,1,12,11,Furnished,0,1,32421407
Maharashtra,Kolhapur,Kolhapur Central,Villa,1,2940,1,13,20,6,Unfurnished,1,0,33425398
Maharashtra,Kolhapur,Kolhapur Central,Villa,4,800,5,1,7,16,Unfurnished,0,1,10460685
Maharashtra,Kolhapur,Kolhapur Central,Villa,2,2630,1,13,13,1,Furnished,1,2,27011532
Maharashtra,Kolhapur,Kolhapur Central,Apartment,4,2810,5,4,16,6,Unfurnished,1,1,32923221
Maharashtra,Kolhapur,Kolhapur Central,Apartment,5,2500,5,15,18,9,Semi-Furnished,0,1,27681587
Maharashtra,Solapur,Solapur Central,Apartment,2,3090,3,13,13,4,Furnished,0,3,39619781
Maharashtra,Solapur,Solapur Central,Apartment,3,1290,3,3,13,4,Semi-Furnished,2,2,12837232
Maharashtra,Solapur,Solapur Central,Independent House,3,1800,4,12,12,5,Semi-Furnished,1,2,21142752
Maharashtra,Solapur,Solapur Central,Apartment,5,880,5,7,17,14,Semi-Furnished,1,1,6927874
Maharashtra,Solapur,Solapur Central,Apartment,5,2180,4,1,4,4,Unfurnished,2,2,26822496
Maharashtra,Solapur,Solapur Central,Apartment,4,3110,4,3,10,24,Furnished,0,2,29373881
Maharashtra,Solapur,Solapur Central,Apartment,5,2860,4,7,7,4,Furnished,2,2,27225790
Maharashtra,Solapur,Solapur Central,Villa,4,2010,5,4,13,24,Unfurnished,2,2,20768904
Maharashtra,Solapur,Solapur Central,Apartment,1,2910,1,4,19,13,Furnished,2,0,29716944
Maharashtra,Solapur,Solapur Central,Apartment,3,1120,2,8,8,1,Furnished,0,0,11038823
Maharashtra,Solapur,Solapur Central,Apartment,1,1620,1,14,14,11,Semi-Furnished,2,3,12961741
Maharashtra,Solapur,Solapur Central,Apartment,5,1760,5,1,8,14,Unfurnished,2,1,23458951
Maharashtra,Solapur,Solapur Central,Apartment,3,3070,3,14,14,8,Unfurnished,0,2,31966854
Maharashtra,Solapur,Solapur Central,Apartment,1,1640,2,8,19,25,Semi-Furnished,1,2,18181792
Maharashtra,Solapur,Solapur Central,Apartment,3,2870,4,4,12,8,Unfurnished,2,3,25885888
Maharashtra,Solapur,Solapur Central,Apartment,4,1420,4,3,3,6,Unfurnished,0,0,21398694
Maharashtra,Solapur,Solapur Central,Apartment,1,1410,1,5,8,25,Semi-Furnished,0,1,13824291
Maharashtra,Solapur,Solapur Central,Apartment,3,2370,2,2,7,3,Unfurnished,0,0,31512094
Maharashtra,Amravati,Amravati Central,Independent House,3,1190,2,9,9,2,Semi-Furnished,1,2,12037913
Maharashtra,Amravati,Amravati Central,Apartment,1,2590,1,8,8,9,Furnished,2,0,36062912
Maharashtra,Amravati,Amravati Central,Independent House,2,3140,2,1,13,13,Unfurnished,2,1,35005702
Maharashtra,Amravati,Amravati Central,Apartment,1,780,1,10,15,16,Semi-Furnished,0,3,7491911
Maharashtra,Amravati,Amravati Central,Apartment,5,1760,5,12,13,20,Furnished,0,1,25418745
Maharashtra,Amravati,Amravati Central,Independent House,4,2550,5,6,8,9,Semi-Furnished,1,3,34936837
Maharashtra,Amravati,Amravati Central,Independent House,5,1990,5,13,13,16,Semi-Furnished,2,3,23470643
Maharashtra,Amravati,Amravati Central,Apartment,4,1720,3,8,11,20,Semi-Furnished,1,3,27711268
Maharashtra,Amravati,Amravati Central,Villa,3,1310,4,12,12,4,Semi-Furnished,0,1,14859956
Maharashtra,Amravati,Amravati Central,Apartment,2,1920,1,5,13,24,Semi-Furnished,0,2,23658242
Maharashtra,Amravati,Amravati Central,Villa,5,1440,5,5,13,18,Semi-Furnished,2,2,21082605
Maharashtra,Amravati,Amravati Central,Independent House,4,1520,4,5,12,6,Unfurnished,0,1,19881247
Maharashtra,Amravati,Amravati Central,Independent House,3,2460,2,12,12,13,Semi-Furnished,1,0,33479450
Maharashtra,Amravati,Amravati Central,Independent House,2,2210,2,4,13,24,Unfurnished,0,0,27572357
Maharashtra,Amravati,Amravati Central,Apartment,2,670,2,1,7,19,Semi-Furnished,2,3,7614145
Maharashtra,Amravati,Amravati Central,Apartment,1,2020,1,7,7,18,Unfurnished,0,2,28257043
Maharashtra,Amravati,Amravati Central,Independent House,3,790,4,12,12,18,Semi-Furnished,2,3,10244726
Maharashtra,Amravati,Amravati Central,Independent House,3,2770,2,0,19,22,Furnished,2,1,38851458
Maharashtra,Nanded,Nanded Central,Apartment,1,800,2,5,9,20,Semi-Furnished,0,0,10240532
Maharashtra,Nanded,Nanded Central,Independent House,5,660,5,5,16,25,Semi-Furnished,2,3,7567518
Maharashtra,Nanded,Nanded Central,Apartment,1,1890,1,0,13,22,Semi-Furnished,1,2,23689371
Maharashtra,Nanded,Nanded Central,Independent House,2,2560,1,13,13,24,Unfurnished,1,1,27685187
Maharashtra,Nanded,Nanded Central,Apartment,4,1500,3,15,15,13,Furnished,0,2,24292910
Maharashtra,Nanded,Nanded Central,Apartment,1,1740,2,2,4,4,Semi-Furnished,1,0,16971828
Maharashtra,Nanded,Nanded Central,Villa,2,2740,1,6,9,17,Semi-Furnished,1,3,32449023
Maharashtra,Nanded,Nanded Central,Apartment,2,1940,1,2,16,2,Unfurnished,0,1,25632051
Maharashtra,Nanded,Nanded Central,Apartment,5,1060,5,0,12,10,Semi-Furnished,1,3,13284282
Maharashtra,Nanded,Nanded Central,Villa,2,2390,1,6,18,23,Furnished,1,1,28886084
Maharashtra,Nanded,Nanded Central,Apartment,2,2540,2,7,12,12,Semi-Furnished,1,1,24098037
Maharashtra,Nanded,Nanded Central,Apartment,3,2260,3,14,14,14,Furnished,1,1,28675226
Maharashtra,Nanded,Nanded Central,Apartment,4,1510,5,5,5,9,Furnished,2,3,18977350
Maharashtra,Nanded,Nanded Central,Apartment,4,720,4,9,16,7,Furnished,1,2,8206993
Maharashtra,Nanded,Nanded Central,Apartment,4,3190,5,8,8,20,Semi-Furnished,0,2,45919279
Maharashtra,Nanded,Nanded Central,Apartment,3,2790,3,9,16,24,Semi-Furnished,1,1,35281889
Maharashtra,Nanded,Nanded Central,Independent House,3,1410,4,7,7,15,Semi-Furnished,1,2,15816244
Maharashtra,Nanded,Nanded Central,Independent House,1,700,2,14,19,11,Unfurnished,2,1,7173181
Maharashtra,Sangli,Sangli Central,Independent House,1,2630,2,5,13,25,Furnished,2,0,32848615
Maharashtra,Sangli,Sangli Central,Villa,2,2540,1,9,18,24,Unfurnished,1,1,33706029
Maharashtra,Sangli,Sangli Central,Independent House,3,3090,3,3,17,19,Unfurnished,2,3,44271660
Maharashtra,Sangli,Sangli Central,Apartment,2,610,2,2,6,6,Furnished,1,3,7065336
Maharashtra,Sangli,Sangli Central,Apartment,2,2950,2,5,15,24,Furnished,0,3,39252419
Maharashtra,Sangli,Sangli Central,Independent House,3,700,4,1,15,3,Unfurnished,0,0,11696391
Maharashtra,Sangli,Sangli Central,Apartment,5,1510,5,12,12,25,Unfurnished,0,0,26434165
Maharashtra,Sangli,Sangli Central,Independent House,2,2080,3,3,3,25,Unfurnished,2,3,32755065
Maharashtra,Sangli,Sangli Central,Independent House,4,3140,5,5,9,23,Furnished,1,3,35751854
Maharashtra,Sangli,Sangli Central,Apartment,4,2660,4,7,8,14,Unfurnished,0,3,35565231
Maharashtra,Sangli,Sangli Central,Apartment,1,1210,2,15,15,5,Semi-Furnished,0,2,20316466
Maharashtra,Sangli,Sangli Central,Apartment,3,2480,4,3,5,0,Semi-Furnished,2,1,30781502
Maharashtra,Sangli,Sangli Central,Apartment,4,2360,5,5,7,17,Furnished,0,2,38740755
Maharashtra,Sangli,Sangli Central,Independent House,4,2460,5,0,20,14,Unfurnished,2,3,34002026
Maharashtra,Sangli,Sangli Central,Independent House,1,670,1,8,17,20,Furnished,0,1,10085097
Maharashtra,Sangli,Sangli Central,Apartment,5,1920,5,6,6,9,Unfurnished,2,0,29610946
Maharashtra,Sangli,Sangli Central,Apartment,3,1560,3,7,16,14,Furnished,0,2,18887727
Maharashtra,Sangli,Sangli Central,Apartment,3,2450,4,12,12,1,Semi-Furnished,0,1,35801316
Manipur,Imphal,Imphal Central,Apartment,3,1490,3,4,4,18,Semi-Furnished,2,1,12357452
Manipur,Imphal,Imphal Central,Apartment,5,2420,4,5,10,10,Unfurnished,0,0,12355256
Manipur,Imphal,Imphal Central,Apartment,5,2280,4,0,6,14,Semi-Furnished,2,3,20721738
Manipur,Imphal,Imphal Central,Villa,5,790,4,8,18,12,Furnished,0,1,7933707
Manipur,Imphal,Imphal Central,Independent House,3,1130,3,3,9,4,Furnished,1,1,7554340
Manipur,Imphal,Imphal Central,Independent House,1,1610,1,13,14,2,Unfurnished,0,1,11968557
Manipur,Imphal,Imphal Central,Apartment,1,1290,1,7,19,6,Semi-Furnished,2,1,8215184
Manipur,Imphal,Imphal Central,Independent House,2,2940,1,3,17,10,Furnished,1,2,31940034
Manipur,Imphal,Imphal Central,Villa,4,1820,4,13,16,11,Unfurnished,1,2,19293404
Manipur,Imphal,Imphal Central,Apartment,5,2250,5,2,8,1,Furnished,0,3,21666430
Manipur,Imphal,Imphal Central,Apartment,1,2670,1,14,14,14,Furnished,2,1,21249681
Manipur,Imphal,Imphal Central,Independent House,3,2520,4,2,10,17,Furnished,1,2,26301781
Manipur,Imphal,Imphal Central,Apartment,3,2410,2,9,16,23,Semi-Furnished,0,2,18985779
Manipur,Imphal,Imphal Central,Apartment,2,2770,1,15,15,4,Semi-Furnished,0,1,22709913
Manipur,Imphal,Imphal Central,Apartment,4,2710,4,11,17,23,Semi-Furnished,1,2,25723694
Manipur,Imphal,Imphal Central,Apartment,1,2990,1,13,15,14,Semi-Furnished,2,3,19619203
Manipur,Imphal,Imphal Central,Independent House,1,2640,2,4,16,8,Furnished,1,0,17429386
Manipur,Imphal,Imphal Central,Apartment,1,3030,1,15,18,5,Furnished,1,2,23906617
Manipur,Thoubal,Thoubal Central,Villa,1,850,2,15,15,21,Unfurnished,0,3,6220071
Manipur,Thoubal,Thoubal Central,Apartment,5,770,4,8,18,24,Semi-Furnished,0,2,7717931
Manipur,Thoubal,Thoubal Central,Apartment,5,580,5,3,20,9,Furnished,0,1,4474076
Manipur,Thoubal,Thoubal Central,Independent House,4,580,3,13,19,19,Semi-Furnished,1,0,4702286
Manipur,Thoubal,Thoubal Central,Apartment,3,1080,2,10,12,7,Furnished,1,2,9008567
Manipur,Thoubal,Thoubal Central,Independent House,2,700,1,11,11,5,Unfurnished,0,2,4785373
Manipur,Thoubal,Thoubal Central,Apartment,1,1630,1,0,5,7,Semi-Furnished,2,2,12547736
Manipur,Thoubal,Thoubal Central,Apartment,1,2950,2,11,11,20,Semi-Furnished,2,3,18356675
Manipur,Thoubal,Thoubal Central,Apartment,2,2170,1,14,14,12,Semi-Furnished,2,3,19857801
Manipur,Thoubal,Thoubal Central,Villa,2,2220,2,8,18,5,Furnished,0,3,20791784
Manipur,Thoubal,Thoubal Central,Apartment,5,2450,5,10,10,22,Semi-Furnished,2,1,24942181
Manipur,Thoubal,Thoubal Central,Apartment,4,2520,5,6,12,5,Unfurnished,1,0,19703125
Manipur,Thoubal,Thoubal Central,Apartment,2,1530,3,4,18,10,Semi-Furnished,1,1,12329231
Manipur,Thoubal,Thoubal Central,Apartment,3,910,3,7,20,4,Semi-Furnished,2,2,7867929
Manipur,Thoubal,Thoubal Central,Apartment,3,1280,4,3,20,9,Unfurnished,2,1,13125274
Manipur,Thoubal,Thoubal Central,Independent House,4,640,3,14,20,18,Semi-Furnished,1,0,3748927
Manipur,Thoubal,Thoubal Central,Apartment,2,2450,2,14,14,25,Semi-Furnished,2,3,18342096
Manipur,Thoubal,Thoubal Central,Apartment,5,1760,5,12,20,19,Unfurnished,2,0,12941708
Manipur,Bishnupur,Bishnupur Central,Apartment,1,2190,1,6,6,22,Unfurnished,1,1,19247402
Manipur,Bishnupur,Bishnupur Central,Apartment,5,1450,5,9,9,24,Semi-Furnished,0,1,14793191
Manipur,Bishnupur,Bishnupur Central,Independent House,5,1570,4,0,18,16,Furnished,0,0,16056959
Manipur,Bishnupur,Bishnupur Central,Villa,3,2060,2,8,8,22,Semi-Furnished,1,3,20162637
Manipur,Bishnupur,Bishnupur Central,Apartment,2,1750,1,6,12,16,Furnished,1,1,14668625
Manipur,Bishnupur,Bishnupur Central,Villa,1,2870,2,13,13,4,Furnished,2,1,25521576
Manipur,Bishnupur,Bishnupur Central,Apartment,4,870,3,2,13,5,Unfurnished,0,3,7339274
Manipur,Bishnupur,Bishnupur Central,Independent House,5,2010,5,15,15,21,Unfurnished,1,2,18441001
Manipur,Bishnupur,Bishnupur Central,Apartment,3,1620,3,10,10,25,Semi-Furnished,2,1,14021779
Manipur,Bishnupur,Bishnupur Central,Independent House,4,2500,3,12,12,25,Unfurnished,1,2,23487003
Manipur,Bishnupur,Bishnupur Central,Independent House,4,1290,5,3,18,21,Furnished,2,1,12404979
Manipur,Bishnupur,Bishnupur Central,Apartment,4,1550,5,0,2,6,Unfurnished,2,3,15162324
Manipur,Bishnupur,Bishnupur Central,Independent House,5,2130,5,7,7,20,Semi-Furnished,0,3,18982393
Manipur,Bishnupur,Bishnupur Central,Apartment,4,1620,5,11,11,6,Semi-Furnished,1,0,16062676
Manipur,Bishnupur,Bishnupur Central,Independent House,2,2400,2,2,18,24,Furnished,1,0,20787658
Manipur,Bishnupur,Bishnupur Central,Apartment,5,940,5,4,5,19,Semi-Furnished,2,2,9499147
Manipur,Bishnupur,Bishnupur Central,Apartment,5,990,5,9,14,5,Semi-Furnished,0,2,9216236
Manipur,Bishnupur,Bishnupur Central,Apartment,4,2650,5,6,15,0,Semi-Furnished,1,0,29169647
Meghalaya,Shillong,Shillong Central,Apartment,1,1250,1,12,13,23,Semi-Furnished,2,2,8477190
Meghalaya,Shillong,Shillong Central,Apartment,1,2580,1,9,9,24,Unfurnished,2,3,18460780
Meghalaya,Shillong,Shillong Central,Apartment,5,600,4,0,16,13,Semi-Furnished,1,1,5774456
Meghalaya,Shillong,Shillong Central,Independent House,5,670,5,3,18,17,Semi-Furnished,2,1,5913557
Meghalaya,Shillong,Shillong Central,Independent House,2,2340,1,12,12,10,Semi-Furnished,2,3,12729180
Meghalaya,Shillong,Shillong Central,Apartment,3,2890,4,3,20,6,Semi-Furnished,0,0,21449062
Meghalaya,Shillong,Shillong Central,Villa,1,2960,1,14,18,6,Semi-Furnished,0,2,23656072
Meghalaya,Shillong,Shillong Central,Independent House,4,2590,3,5,20,11,Furnished,0,3,23127911
Meghalaya,Shillong,Shillong Central,Apartment,4,2220,4,6,6,25,Semi-Furnished,1,0,15529812
Meghalaya,Shillong,Shillong Central,Apartment,5,1380,4,1,20,7,Furnished,1,2,12033576
Meghalaya,Shillong,Shillong Central,Apartment,4,2890,3,4,4,7,Unfurnished,2,2,26511753
Meghalaya,Shillong,Shillong Central,Apartment,5,2970,5,9,20,3,Furnished,2,3,26922493
Meghalaya,Shillong,Shillong Central,Independent House,2,3140,2,15,15,23,Unfurnished,2,2,23669899
Meghalaya,Shillong,Shillong Central,Apartment,2,780,1,0,9,11,Unfurnished,2,3,4964064
Meghalaya,Shillong,Shillong Central,Independent House,4,2330,3,10,10,19,Unfurnished,1,2,16768936
Meghalaya,Shillong,Shillong Central,Independent House,4,3190,5,0,14,0,Semi-Furnished,0,0,29994029
Meghalaya,Shillong,Shillong Central,Apartment,5,3160,5,2,5,2,Unfurnished,0,1,38738746
Meghalaya,Shillong,Shillong Central,Apartment,2,2260,1,13,16,22,Unfurnished,0,1,17897924
Meghalaya,Tura,Tura Central,Apartment,3,2290,4,2,6,12,Semi-Furnished,0,2,11834887
Meghalaya,Tura,Tura Central,Independent House,4,3000,5,4,4,11,Furnished,0,2,16015886
Meghalaya,Tura,Tura Central,Independent House,5,1280,5,14,18,15,Semi-Furnished,1,2,7049587
Meghalaya,Tura,Tura Central,Apartment,5,2900,5,6,15,19,Semi-Furnished,2,3,17694334
Meghalaya,Tura,Tura Central,Apartment,2,1410,2,5,5,16,Furnished,0,1,5780765
Meghalaya,Tura,Tura Central,Apartment,3,1620,2,0,20,13,Semi-Furnished,0,2,12095684
Meghalaya,Tura,Tura Central,Apartment,1,1040,2,10,10,16,Semi-Furnished,1,0,5071911
Meghalaya,Tura,Tura Central,Apartment,5,2770,5,15,15,17,Semi-Furnished,1,2,14900020
Meghalaya,Tura,Tura Central,Independent House,3,2880,3,6,15,22,Semi-Furnished,0,0,13412747
Meghalaya,Tura,Tura Central,Independent House,1,1300,2,5,12,8,Semi-Furnished,2,0,6946816
Meghalaya,Tura,Tura Central,Apartment,5,2170,4,15,15,22,Furnished,0,1,13144080
Meghalaya,Tura,Tura Central,Independent House,3,2260,3,2,2,9,Semi-Furnished,1,1,12764074
Meghalaya,Tura,Tura Central,Apartment,5,2740,4,10,10,24,Semi-Furnished,1,2,15355158
Meghalaya,Tura,Tura Central,Apartment,3,3070,2,15,15,8,Semi-Furnished,2,2,20710233
Meghalaya,Tura,Tura Central,Villa,3,2460,3,13,13,12,Unfurnished,0,3,17571665
Meghalaya,Tura,Tura Central,Independent House,3,2970,2,13,16,12,Unfurnished,0,2,15735943
Meghalaya,Tura,Tura Central,Apartment,4,2750,4,1,14,23,Furnished,1,2,15136149
Meghalaya,Tura,Tura Central,Apartment,4,1070,3,6,11,15,Semi-Furnished,1,2,6905481
Meghalaya,Jowai,Jowai Central,Apartment,5,2140,5,11,11,8,Semi-Furnished,1,2,11736678
Meghalaya,Jowai,Jowai Central,Independent House,5,640,5,3,15,19,Unfurnished,2,2,4062162
Meghalaya,Jowai,Jowai Central,Apartment,4,2510,4,0,10,23,Furnished,1,2,10700072
Meghalaya,Jowai,Jowai Central,Independent House,5,910,5,1,15,20,Unfurnished,2,2,6277757
Meghalaya,Jowai,Jowai Central,Apartment,3,2630,3,4,11,11,Semi-Furnished,1,3,15558328
Meghalaya,Jowai,Jowai Central,Villa,4,1490,4,9,9,9,Furnished,0,1,11932275
Meghalaya,Jowai,Jowai Central,Independent House,4,2880,5,14,18,8,Unfurnished,1,0,19192510
Meghalaya,Jowai,Jowai Central,Apartment,5,1550,5,10,10,22,Unfurnished,2,3,9405126
Meghalaya,Jowai,Jowai Central,Apartment,4,1050,3,7,10,19,Semi-Furnished,0,1,6695587
Meghalaya,Jowai,Jowai Central,Apartment,5,770,5,13,13,6,Furnished,2,2,3836742
Meghalaya,Jowai,Jowai Central,Apartment,4,2080,5,7,18,19,Semi-Furnished,0,3,13760232
Meghalaya,Jowai,Jowai Central,Independent House,3,2020,4,15,17,1,Furnished,1,1,12352781
Meghalaya,Jowai,Jowai Central,Independent House,4,1830,3,5,5,12,Semi-Furnished,0,2,9951367
Meghalaya,Jowai,Jowai Central,Independent House,1,730,1,4,4,17,Semi-Furnished,2,2,3263037
Meghalaya,Jowai,Jowai Central,Independent House,5,3000,4,3,3,12,Unfurnished,1,1,19565271
Meghalaya,Jowai,Jowai Central,Apartment,1,3040,1,7,12,6,Unfurnished,1,1,14273100
Meghalaya,Jowai,Jowai Central,Independent House,2,1820,3,6,9,9,Unfurnished,0,3,9873000
Meghalaya,Jowai,Jowai Central,Apartment,4,2040,5,9,9,17,Furnished,0,2,13621585
Mizoram,Aizawl,Aizawl Central,Apartment,5,1940,4,14,14,3,Semi-Furnished,0,2,21874531
Mizoram,Aizawl,Aizawl Central,Apartment,1,990,1,6,6,20,Unfurnished,2,2,9453622
Mizoram,Aizawl,Aizawl Central,Independent House,5,2360,4,12,13,21,Semi-Furnished,0,0,19566139
Mizoram,Aizawl,Aizawl Central,Independent House,4,1800,3,15,15,16,Semi-Furnished,1,0,17223353
Mizoram,Aizawl,Aizawl Central,Apartment,3,1710,2,11,12,17,Unfurnished,1,3,17419023
Mizoram,Aizawl,Aizawl Central,Independent House,5,2070,5,10,10,5,Furnished,0,0,21299383
Mizoram,Aizawl,Aizawl Central,Apartment,2,570,3,12,16,8,Unfurnished,1,2,5497434
Mizoram,Aizawl,Aizawl Central,Apartment,2,2720,3,7,8,12,Furnished,1,0,26452323
Mizoram,Aizawl,Aizawl Central,Apartment,5,1650,5,14,14,10,Unfurnished,0,2,17983458
Mizoram,Aizawl,Aizawl Central,Apartment,5,1610,4,12,13,6,Semi-Furnished,2,2,20757037
Mizoram,Aizawl,Aizawl Central,Apartment,1,1660,1,2,13,23,Semi-Furnished,1,1,12194296
Mizoram,Aizawl,Aizawl Central,Apartment,5,1140,5,10,10,17,Furnished,2,1,10851665
Mizoram,Aizawl,Aizawl Central,Apartment,1,1560,1,6,10,0,Semi-Furnished,2,3,16233864
Mizoram,Aizawl,Aizawl Central,Apartment,4,1640,3,6,6,11,Furnished,1,3,14883900
Mizoram,Aizawl,Aizawl Central,Independent House,1,1930,1,0,12,22,Unfurnished,0,3,15981167
Mizoram,Aizawl,Aizawl Central,Apartment,4,1020,5,7,10,6,Unfurnished,1,3,11221256
Mizoram,Aizawl,Aizawl Central,Apartment,1,2560,2,15,15,14,Semi-Furnished,0,1,22195015
Mizoram,Aizawl,Aizawl Central,Apartment,4,1400,5,6,6,12,Unfurnished,2,0,12535950
Mizoram,Lunglei,Lunglei Central,Independent House,2,1970,3,11,16,1,Semi-Furnished,1,3,19879394
Mizoram,Lunglei,Lunglei Central,Independent House,3,2430,3,6,15,15,Unfurnished,2,1,24115336
Mizoram,Lunglei,Lunglei Central,Apartment,2,2910,2,5,19,11,Semi-Furnished,2,2,36317283
Mizoram,Lunglei,Lunglei Central,Apartment,4,2730,5,0,17,18,Semi-Furnished,1,3,33384651
Mizoram,Lunglei,Lunglei Central,Independent House,3,1030,3,2,12,13,Furnished,2,0,13033490
Mizoram,Lunglei,Lunglei Central,Apartment,4,2820,4,9,17,6,Semi-Furnished,1,1,30417328
Mizoram,Lunglei,Lunglei Central,Apartment,5,1370,5,12,12,7,Semi-Furnished,0,1,15686744
Mizoram,Lunglei,Lunglei Central,Independent House,2,2630,2,4,18,23,Semi-Furnished,1,0,20811298
Mizoram,Lunglei,Lunglei Central,Independent House,5,2810,5,13,17,2,Semi-Furnished,1,2,36524157
Mizoram,Lunglei,Lunglei Central,Apartment,4,1780,4,13,13,5,Furnished,2,0,19535516
Mizoram,Lunglei,Lunglei Central,Independent House,5,2790,4,10,10,4,Unfurnished,2,3,31406574
Mizoram,Lunglei,Lunglei Central,Apartment,2,2730,1,2,18,2,Semi-Furnished,1,0,29804430
Mizoram,Lunglei,Lunglei Central,Independent House,2,2290,3,15,15,24,Furnished,1,2,29693266
Mizoram,Lunglei,Lunglei Central,Independent House,4,2850,5,14,14,2,Furnished,0,1,30143112
Mizoram,Lunglei,Lunglei Central,Apartment,4,1990,3,13,17,20,Semi-Furnished,2,3,23779654
Mizoram,Lunglei,Lunglei Central,Independent House,5,1750,4,13,13,16,Unfurnished,0,2,21510130
Mizoram,Lunglei,Lunglei Central,Independent House,1,2040,2,12,12,17,Unfurnished,1,2,22729484
Mizoram,Lunglei,Lunglei Central,Independent House,2,2560,1,6,16,16,Unfurnished,0,0,29414514
Mizoram,Champhai,Champhai Central,Apartment,3,1390,3,8,12,3,Semi-Furnished,0,3,17425465
Mizoram,Champhai,Champhai Central,Apartment,5,2160,5,3,8,17,Semi-Furnished,1,2,24087777
Mizoram,Champhai,Champhai Central,Apartment,4,1680,4,14,14,2,Unfurnished,2,3,16147315
Mizoram,Champhai,Champhai Central,Villa,4,1520,5,13,13,23,Unfurnished,0,0,14494403
Mizoram,Champhai,Champhai Central,Apartment,4,1720,4,3,3,7,Semi-Furnished,0,3,15184124
Mizoram,Champhai,Champhai Central,Apartment,3,2050,4,1,9,12,Unfurnished,1,3,18692809
Mizoram,Champhai,Champhai Central,Apartment,3,2650,3,10,10,19,Semi-Furnished,2,0,25991151
Mizoram,Champhai,Champhai Central,Villa,2,1640,2,3,9,16,Unfurnished,1,1,13320967
Mizoram,Champhai,Champhai Central,Apartment,1,3070,2,9,9,10,Furnished,0,3,25785362
Mizoram,Champhai,Champhai Central,Independent House,5,1110,5,15,15,14,Semi-Furnished,0,2,11864460
Mizoram,Champhai,Champhai Central,Independent House,4,860,3,5,11,23,Semi-Furnished,1,0,7498896
Mizoram,Champhai,Champhai Central,Independent House,1,2270,1,11,14,12,Semi-Furnished,2,1,17816677
Mizoram,Champhai,Champhai Central,Apartment,5,690,5,1,12,21,Unfurnished,0,0,8116952
Mizoram,Champhai,Champhai Central,Apartment,1,2670,2,9,10,17,Furnished,1,0,19586910
Mizoram,Champhai,Champhai Central,Apartment,4,1130,3,12,12,24,Semi-Furnished,2,1,10543592
Mizoram,Champhai,Champhai Central,Apartment,5,2540,5,7,12,22,Unfurnished,0,0,31778035
Mizoram,Champhai,Champhai Central,Apartment,5,2200,5,4,13,17,Semi-Furnished,1,3,21031779
Mizoram,Champhai,Champhai Central,Apartment,4,2530,5,0,14,9,Semi-Furnished,0,1,24899902
Nagaland,Kohima,Kohima Central,Apartment,5,1700,5,9,9,7,Semi-Furnished,1,2,9589434
Nagaland,Kohima,Kohima Central,Apartment,5,1870,5,11,15,11,Semi-Furnished,2,0,9211649
Nagaland,Kohima,Kohima Central,Apartment,3,2280,4,14,14,19,Semi-Furnished,0,3,9427840
Nagaland,Kohima,Kohima Central,Apartment,2,2200,3,13,17,9,Semi-Furnished,0,0,7297366
Nagaland,Kohima,Kohima Central,Independent House,3,2910,4,4,12,1,Unfurnished,2,0,13215931
Nagaland,Kohima,Kohima Central,Apartment,5,950,5,3,3,23,Unfurnished,1,2,4791110
Nagaland,Kohima,Kohima Central,Apartment,2,1070,1,3,10,21,Furnished,1,1,3256555
Nagaland,Kohima,Kohima Central,Apartment,3,600,3,2,3,11,Unfurnished,2,1,2477293
Nagaland,Kohima,Kohima Central,Independent House,1,720,2,4,4,4,Furnished,0,3,3080351
Nagaland,Kohima,Kohima Central,Apartment,3,3130,4,4,17,23,Furnished,1,0,12571018
Nagaland,Kohima,Kohima Central,Independent House,3,3030,2,15,15,4,Semi-Furnished,2,0,16184360
Nagaland,Kohima,Kohima Central,Apartment,1,1900,2,12,12,1,Unfurnished,1,0,6711268
Nagaland,Kohima,Kohima Central,Independent House,2,870,1,3,5,18,Unfurnished,1,2,2863046
Nagaland,Kohima,Kohima Central,Apartment,1,2760,1,12,18,17,Semi-Furnished,1,1,6577114
Nagaland,Kohima,Kohima Central,Independent House,2,1650,2,12,12,20,Unfurnished,0,0,4788243
Nagaland,Kohima,Kohima Central,Apartment,2,2160,1,13,13,12,Furnished,2,1,7320448
Nagaland,Kohima,Kohima Central,Independent House,2,2080,1,6,6,25,Semi-Furnished,0,2,5395138
Nagaland,Kohima,Kohima Central,Apartment,5,590,5,8,12,6,Furnished,0,0,2802882
Nagaland,Dimapur,Dimapur Central,Apartment,4,1990,3,1,9,17,Furnished,0,1,9133204
Nagaland,Dimapur,Dimapur Central,Apartment,4,1290,3,2,15,1,Furnished,0,0,8353476
Nagaland,Dimapur,Dimapur Central,Independent House,5,560,4,14,17,13,Unfurnished,2,1,3138556
Nagaland,Dimapur,Dimapur Central,Independent House,1,2890,2,11,12,0,Furnished,2,1,14868212
Nagaland,Dimapur,Dimapur Central,Villa,1,2870,1,13,15,12,Semi-Furnished,0,1,15823615
Nagaland,Dimapur,Dimapur Central,Independent House,4,640,4,1,6,5,Unfurnished,0,3,4074785
Nagaland,Dimapur,Dimapur Central,Apartment,4,830,4,9,13,17,Unfurnished,0,0,5405706
Nagaland,Dimapur,Dimapur Central,Apartment,2,1220,3,4,19,1,Unfurnished,0,3,6387936
Nagaland,Dimapur,Dimapur Central,Apartment,5,3090,4,0,4,25,Semi-Furnished,1,2,16411673
Nagaland,Dimapur,Dimapur Central,Apartment,4,2920,3,5,5,14,Semi-Furnished,0,3,14070295
Nagaland,Dimapur,Dimapur Central,Apartment,1,2660,2,13,13,9,Unfurnished,2,3,9695412
Nagaland,Dimapur,Dimapur Central,Apartment,1,570,1,3,3,25,Semi-Furnished,1,2,2116849
Nagaland,Dimapur,Dimapur Central,Apartment,1,2880,2,3,16,10,Semi-Furnished,2,2,14391106
Nagaland,Dimapur,Dimapur Central,Apartment,4,2670,3,1,11,15,Semi-Furnished,1,3,17161212
Nagaland,Dimapur,Dimapur Central,Independent House,5,1370,5,6,19,25,Unfurnished,2,1,7484082
Nagaland,Dimapur,Dimapur Central,Apartment,4,1820,5,8,14,10,Semi-Furnished,0,3,9404122
Nagaland,Dimapur,Dimapur Central,Independent House,4,1100,5,9,9,19,Semi-Furnished,2,1,5535758
Nagaland,Dimapur,Dimapur Central,Apartment,1,2030,2,4,4,19,Furnished,1,3,9113150
Nagaland,Mokokchung,Mokokchung Central,Apartment,1,880,1,10,14,5,Semi-Furnished,1,3,5407595
Nagaland,Mokokchung,Mokokchung Central,Independent House,2,1960,1,10,10,3,Unfurnished,0,0,12135883
Nagaland,Mokokchung,Mokokchung Central,Apartment,1,2100,1,4,4,25,Furnished,0,2,13108498
Nagaland,Mokokchung,Mokokchung Central,Apartment,2,2920,3,14,14,9,Furnished,0,1,20255599
Nagaland,Mokokchung,Mokokchung Central,Apartment,1,2450,1,14,14,3,Unfurnished,0,3,14453210
Nagaland,Mokokchung,Mokokchung Central,Independent House,1,3190,1,8,14,22,Furnished,0,0,20085914
Nagaland,Mokokchung,Mokokchung Central,Villa,5,770,5,11,11,19,Semi-Furnished,1,1,5741727
Nagaland,Mokokchung,Mokokchung Central,Independent House,1,2050,1,8,13,10,Unfurnished,2,1,12449523
Nagaland,Mokokchung,Mokokchung Central,Apartment,2,2230,3,5,11,19,Semi-Furnished,1,1,14718426
Nagaland,Mokokchung,Mokokchung Central,Villa,1,3050,1,7,7,2,Semi-Furnished,1,2,22744738
Nagaland,Mokokchung,Mokokchung Central,Apartment,1,2110,2,9,9,22,Semi-Furnished,1,2,10324229
Nagaland,Mokokchung,Mokokchung Central,Apartment,4,1120,4,10,15,10,Semi-Furnished,2,2,8299713
Nagaland,Mokokchung,Mokokchung Central,Independent House,3,2130,3,9,18,21,Semi-Furnished,0,0,15435332
Nagaland,Mokokchung,Mokokchung Central,Villa,4,3100,3,7,19,15,Semi-Furnished,1,2,29357108
Nagaland,Mokokchung,Mokokchung Central,Apartment,3,2460,3,10,10,20,Unfurnished,2,3,16556642
Nagaland,Mokokchung,Mokokchung Central,Apartment,4,2540,4,3,3,13,Furnished,0,2,21639652
Nagaland,Mokokchung,Mokokchung Central,Independent House,5,750,4,1,17,4,Unfurnished,0,2,5160293
Nagaland,Mokokchung,Mokokchung Central,Independent House,3,1310,2,10,10,13,Semi-Furnished,2,2,11622584
Odisha,Bhubaneswar,Bhubaneswar Central,Apartment,4,2250,3,1,14,20,Semi-Furnished,1,2,32038927
Odisha,Bhubaneswar,Bhubaneswar Central,Apartment,4,1120,5,13,13,21,Semi-Furnished,2,0,16704470
Odisha,Bhubaneswar,Bhubaneswar Central,Apartment,5,1120,5,2,11,6,Semi-Furnished,2,0,21290327
Odisha,Bhubaneswar,Bhubaneswar Central,Apartment,2,2530,3,14,14,21,Unfurnished,0,3,37292504
Odisha,Bhubaneswar,Bhubaneswar Central,Apartment,2,1350,3,10,10,15,Semi-Furnished,2,2,17636773
Odisha,Bhubaneswar,Bhubaneswar Central,Apartment,3,1410,3,6,18,15,Unfurnished,2,3,20871244
Odisha,Bhubaneswar,Bhubaneswar Central,Apartment,2,2450,1,2,2,1,Semi-Furnished,1,1,28863950
Odisha,Bhubaneswar,Bhubaneswar Central,Apartment,3,560,4,4,16,12,Semi-Furnished,0,2,7748471
Odisha,Bhubaneswar,Bhubaneswar Central,Independent House,4,2180,5,14,14,5,Semi-Furnished,1,2,23941412
Odisha,Bhubaneswar,Bhubaneswar Central,Independent House,1,2620,2,1,12,22,Furnished,1,3,33382030
Odisha,Bhubaneswar,Bhubaneswar Central,Independent House,1,1030,2,4,5,10,Furnished,2,1,13846728
Odisha,Bhubaneswar,Bhubaneswar Central,Apartment,5,710,5,2,4,22,Unfurnished,1,3,10278291
Odisha,Bhubaneswar,Bhubaneswar Central,Independent House,3,2520,4,8,8,21,Semi-Furnished,0,3,35663743
Odisha,Bhubaneswar,Bhubaneswar Central,Apartment,3,1290,4,3,20,25,Unfurnished,2,0,18853461
Odisha,Bhubaneswar,Bhubaneswar Central,Independent House,4,1710,5,14,20,0,Semi-Furnished,1,0,22168062
Odisha,Bhubaneswar,Bhubaneswar Central,Villa,1,850,2,3,17,10,Semi-Furnished,2,2,14293246
Odisha,Bhubaneswar,Bhubaneswar Central,Apartment,2,2140,3,9,20,1,Unfurnished,0,1,33357818
Odisha,Bhubaneswar,Bhubaneswar Central,Apartment,4,2430,4,1,17,25,Unfurnished,0,1,30510540
Odisha,Cuttack,Cuttack Central,Independent House,1,2830,1,5,19,11,Semi-Furnished,0,0,28232960
Odisha,Cuttack,Cuttack Central,Villa,3,2300,4,4,11,4,Semi-Furnished,0,0,28092967
Odisha,Cuttack,Cuttack Central,Apartment,5,2760,5,8,8,23,Furnished,0,1,38121459
Odisha,Cuttack,Cuttack Central,Apartment,5,1970,5,10,10,17,Unfurnished,1,2,26744776
Odisha,Cuttack,Cuttack Central,Apartment,2,1910,2,1,10,9,Semi-Furnished,0,2,24370618
Odisha,Cuttack,Cuttack Central,Apartment,4,1250,3,12,12,14,Semi-Furnished,0,1,17383142
Odisha,Cuttack,Cuttack Central,Apartment,4,1570,4,6,6,12,Unfurnished,1,3,22542843
Odisha,Cuttack,Cuttack Central,Apartment,1,2450,2,12,12,16,Semi-Furnished,1,1,29758690
Odisha,Cuttack,Cuttack Central,Apartment,1,730,2,8,8,6,Semi-Furnished,0,2,6332318
Odisha,Cuttack,Cuttack Central,Apartment,4,1120,4,5,7,4,Furnished,2,1,13018847
Odisha,Cuttack,Cuttack Central,Villa,1,2430,2,14,14,9,Unfurnished,2,2,26205303
Odisha,Cuttack,Cuttack Central,Villa,1,2450,1,10,12,2,Semi-Furnished,0,1,34312781
Odisha,Cuttack,Cuttack Central,Independent House,5,2500,5,7,7,21,Unfurnished,1,0,32214362
Odisha,Cuttack,Cuttack Central,Villa,1,2200,1,7,16,19,Unfurnished,1,1,26307104
Odisha,Cuttack,Cuttack Central,Independent House,4,610,5,7,11,20,Semi-Furnished,0,2,6152956
Odisha,Cuttack,Cuttack Central,Independent House,3,2180,3,12,12,13,Semi-Furnished,1,3,30749797
Odisha,Cuttack,Cuttack Central,Apartment,4,3030,4,3,3,25,Semi-Furnished,0,3,41601645
Odisha,Cuttack,Cuttack Central,Apartment,1,2390,1,4,4,24,Semi-Furnished,1,3,29639541
Odisha,Rourkela,Rourkela Central,Villa,4,1370,3,10,10,3,Furnished,2,1,16268863
Odisha,Rourkela,Rourkela Central,Villa,3,1670,4,2,2,15,Semi-Furnished,0,2,18483956
Odisha,Rourkela,Rourkela Central,Apartment,1,1530,2,14,14,6,Furnished,0,0,22269797
Odisha,Rourkela,Rourkela Central,Villa,3,680,3,7,20,17,Unfurnished,2,0,8193341
Odisha,Rourkela,Rourkela Central,Independent House,5,3110,5,15,15,19,Furnished,2,3,41495195
Odisha,Rourkela,Rourkela Central,Independent House,5,1680,4,5,13,22,Semi-Furnished,1,3,24051094
Odisha,Rourkela,Rourkela Central,Apartment,4,3070,3,15,15,22,Semi-Furnished,1,2,36600981
Odisha,Rourkela,Rourkela Central,Apartment,1,2740,1,4,10,3,Unfurnished,0,0,29362247
Odisha,Rourkela,Rourkela Central,Independent House,4,2770,5,14,14,0,Unfurnished,0,0,37114311
Odisha,Rourkela,Rourkela Central,Independent House,3,1680,4,8,13,22,Unfurnished,0,3,21045096
Odisha,Rourkela,Rourkela Central,Apartment,2,2710,1,5,5,9,Furnished,1,2,27681518
Odisha,Rourkela,Rourkela Central,Independent House,2,2180,2,15,15,17,Furnished,1,1,22787347
Odisha,Rourkela,Rourkela Central,Apartment,2,2230,2,3,7,14,Furnished,1,0,24907296
Odisha,Rourkela,Rourkela Central,Apartment,1,2070,2,15,15,22,Semi-Furnished,0,1,19351761
Odisha,Rourkela,Rourkela Central,Apartment,4,1160,3,7,7,6,Unfurnished,1,3,13637915
Odisha,Rourkela,Rourkela Central,Apartment,1,1020,1,2,18,17,Semi-Furnished,0,2,10904379
Odisha,Rourkela,Rourkela Central,Independent House,2,1290,1,10,13,10,Semi-Furnished,1,3,18640794
Odisha,Rourkela,Rourkela Central,Apartment,2,2670,2,1,13,10,Unfurnished,1,1,29988243
Odisha,Berhampur,Berhampur Central,Apartment,1,2400,1,5,10,23,Semi-Furnished,0,3,23747793
Odisha,Berhampur,Berhampur Central,Apartment,4,3140,3,5,5,13,Semi-Furnished,2,1,40045292
Odisha,Berhampur,Berhampur Central,Apartment,5,2460,5,15,15,6,Semi-Furnished,2,3,32307732
Odisha,Berhampur,Berhampur Central,Apartment,2,2130,2,15,15,16,Furnished,0,2,23913521
Odisha,Berhampur,Berhampur Central,Apartment,4,2300,4,12,12,23,Unfurnished,2,3,27091725
Odisha,Berhampur,Berhampur Central,Independent House,3,1190,3,6,9,25,Semi-Furnished,1,2,12286578
Odisha,Berhampur,Berhampur Central,Apartment,1,1940,1,10,15,17,Semi-Furnished,1,3,19553064
Odisha,Berhampur,Berhampur Central,Independent House,5,2510,5,9,20,8,Furnished,0,3,43519462
Odisha,Berhampur,Berhampur Central,Villa,4,2200,4,14,14,1,Furnished,2,1,31609560
Odisha,Berhampur,Berhampur Central,Apartment,3,2810,2,0,2,17,Semi-Furnished,0,3,29725819
Odisha,Berhampur,Berhampur Central,Independent House,4,1050,3,14,14,0,Semi-Furnished,0,1,15094443
Odisha,Berhampur,Berhampur Central,Apartment,4,2590,5,8,15,7,Furnished,1,1,38425708
Odisha,Berhampur,Berhampur Central,Independent House,2,2920,3,11,11,11,Semi-Furnished,2,0,31154503
Odisha,Berhampur,Berhampur Central,Villa,3,1530,3,3,17,18,Unfurnished,0,1,18436822
Odisha,Berhampur,Berhampur Central,Apartment,3,650,3,2,14,21,Semi-Furnished,2,1,7875346
Odisha,Berhampur,Berhampur Central,Apartment,5,1470,4,1,15,7,Unfurnished,1,2,25514713
Odisha,Berhampur,Berhampur Central,Apartment,2,2550,2,2,13,24,Unfurnished,0,1,30323303
Odisha,Berhampur,Berhampur Central,Apartment,5,3130,4,9,9,0,Furnished,0,1,47182080
Odisha,Sambalpur,Sambalpur Central,Independent House,3,1620,4,1,7,8,Semi-Furnished,0,1,28208944
Odisha,Sambalpur,Sambalpur Central,Independent House,2,1220,1,11,19,18,Furnished,1,3,16431875
Odisha,Sambalpur,Sambalpur Central,Apartment,5,2640,5,0,5,10,Semi-Furnished,0,3,36270117
Odisha,Sambalpur,Sambalpur Central,Villa,1,2670,1,13,13,14,Unfurnished,0,2,38937129
Odisha,Sambalpur,Sambalpur Central,Apartment,5,2890,4,7,7,3,Semi-Furnished,1,3,41267891
Odisha,Sambalpur,Sambalpur Central,Independent House,4,1070,4,11,11,16,Furnished,0,0,15676477
Odisha,Sambalpur,Sambalpur Central,Apartment,5,2010,5,13,15,9,Furnished,2,0,30721091
Odisha,Sambalpur,Sambalpur Central,Apartment,1,1070,1,8,8,15,Unfurnished,2,1,16892323
Odisha,Sambalpur,Sambalpur Central,Apartment,3,1750,4,5,19,1,Furnished,2,3,25599834
Odisha,Sambalpur,Sambalpur Central,Apartment,1,1200,1,7,7,11,Unfurnished,1,2,13608012
Odisha,Sambalpur,Sambalpur Central,Independent House,3,1230,4,9,9,23,Unfurnished,0,0,18103553
Odisha,Sambalpur,Sambalpur Central,Independent House,5,2510,5,1,19,2,Unfurnished,1,3,30614445
Odisha,Sambalpur,Sambalpur Central,Apartment,3,1790,2,8,12,22,Unfurnished,1,3,20600609
Odisha,Sambalpur,Sambalpur Central,Apartment,3,1010,2,2,16,4,Furnished,1,1,12255843
Odisha,Sambalpur,Sambalpur Central,Apartment,2,2040,1,7,7,3,Unfurnished,1,2,28796769
Odisha,Sambalpur,Sambalpur Central,Apartment,3,2480,3,6,7,18,Furnished,2,2,32777771
Odisha,Sambalpur,Sambalpur Central,Apartment,4,2500,4,8,15,24,Unfurnished,2,2,34199566
Odisha,Sambalpur,Sambalpur Central,Apartment,4,1700,4,5,11,15,Unfurnished,1,2,19752894
Odisha,Puri,Puri Central,Villa,3,1690,3,8,8,22,Furnished,1,3,21612462
Odisha,Puri,Puri Central,Apartment,5,2810,4,9,9,16,Furnished,1,3,32389127
Odisha,Puri,Puri Central,Apartment,1,840,2,8,18,25,Furnished,0,0,9806706
Odisha,Puri,Puri Central,Apartment,4,1440,4,0,17,10,Semi-Furnished,2,0,16605051
Odisha,Puri,Puri Central,Apartment,4,1770,3,10,13,8,Unfurnished,1,0,27528307
Odisha,Puri,Puri Central,Independent House,2,2680,1,1,1,7,Furnished,1,3,33129104
Odisha,Puri,Puri Central,Independent House,2,2310,1,10,20,23,Furnished,0,3,28306623
Odisha,Puri,Puri Central,Apartment,3,2290,2,15,19,4,Unfurnished,1,2,34698775
Odisha,Puri,Puri Central,Apartment,2,3150,3,11,15,12,Semi-Furnished,2,2,33916815
Odisha,Puri,Puri Central,Apartment,2,1900,1,11,11,8,Semi-Furnished,1,1,23652398
Odisha,Puri,Puri Central,Apartment,3,1680,3,3,5,19,Furnished,2,1,23925662
Odisha,Puri,Puri Central,Apartment,3,2410,3,13,16,23,Furnished,0,2,22133840
Odisha,Puri,Puri Central,Independent House,5,3090,5,9,18,5,Semi-Furnished,2,3,37512855
Odisha,Puri,Puri Central,Apartment,3,3190,4,1,7,17,Semi-Furnished,2,3,38388358
Odisha,Puri,Puri Central,Apartment,2,1080,2,1,12,24,Semi-Furnished,1,2,12599170
Odisha,Puri,Puri Central,Apartment,1,800,1,12,16,1,Furnished,2,2,11435551
Odisha,Puri,Puri Central,Apartment,5,840,5,3,11,7,Unfurnished,1,2,13054920
Odisha,Puri,Puri Central,Apartment,1,570,1,5,17,10,Semi-Furnished,1,3,7409973
Odisha,Balasore,Balasore Central,Apartment,1,600,1,10,15,24,Furnished,1,1,7568617
Odisha,Balasore,Balasore Central,Villa,2,1450,2,15,15,7,Unfurnished,1,3,18123652
Odisha,Balasore,Balasore Central,Apartment,5,1390,4,6,9,16,Semi-Furnished,0,1,22487882
Odisha,Balasore,Balasore Central,Independent House,2,2250,3,2,17,21,Semi-Furnished,1,0,31018685
Odisha,Balasore,Balasore Central,Villa,2,680,2,14,18,0,Semi-Furnished,0,0,11425171
Odisha,Balasore,Balasore Central,Apartment,3,1480,2,9,10,0,Semi-Furnished,2,3,20515493
Odisha,Balasore,Balasore Central,Apartment,1,1820,2,4,9,23,Unfurnished,0,2,23545686
Odisha,Balasore,Balasore Central,Apartment,2,2050,3,2,12,16,Furnished,0,1,25821011
Odisha,Balasore,Balasore Central,Independent House,3,1350,3,3,4,0,Semi-Furnished,0,3,18379956
Odisha,Balasore,Balasore Central,Independent House,2,3060,2,5,14,12,Semi-Furnished,2,1,41532964
Odisha,Balasore,Balasore Central,Apartment,3,3160,4,13,15,19,Semi-Furnished,1,0,44835541
Odisha,Balasore,Balasore Central,Apartment,2,880,1,13,13,5,Semi-Furnished,1,3,11303614
Odisha,Balasore,Balasore Central,Apartment,3,990,4,15,15,3,Furnished,1,1,13258195
Odisha,Balasore,Balasore Central,Independent House,4,2940,3,5,13,4,Unfurnished,2,1,51643730
Odisha,Balasore,Balasore Central,Independent House,1,880,1,8,8,10,Semi-Furnished,2,1,10538887
Odisha,Balasore,Balasore Central,Independent House,5,2440,5,12,12,6,Furnished,1,1,39057635
Odisha,Balasore,Balasore Central,Apartment,5,930,4,3,14,3,Semi-Furnished,2,3,16400410
Odisha,Balasore,Balasore Central,Independent House,5,1280,5,3,19,20,Unfurnished,2,2,18251225
Punjab,Ludhiana,Ludhiana Central,Independent House,2,2740,2,11,17,20,Semi-Furnished,0,3,33613573
Punjab,Ludhiana,Ludhiana Central,Villa,5,1120,5,8,20,5,Semi-Furnished,1,2,15573139
Punjab,Ludhiana,Ludhiana Central,Apartment,3,1770,2,6,6,19,Semi-Furnished,1,1,23311524
Punjab,Ludhiana,Ludhiana Central,Apartment,3,2650,4,11,11,3,Furnished,2,0,41757583
Punjab,Ludhiana,Ludhiana Central,Apartment,3,1730,4,12,12,24,Unfurnished,1,0,20757802
Punjab,Ludhiana,Ludhiana Central,Independent House,3,990,2,4,13,24,Unfurnished,1,2,11970228
Punjab,Ludhiana,Ludhiana Central,Independent House,1,1830,1,3,17,2,Unfurnished,2,0,17688948
Punjab,Ludhiana,Ludhiana Central,Apartment,2,1900,1,0,1,24,Unfurnished,2,2,21621758
Punjab,Ludhiana,Ludhiana Central,Apartment,5,2690,5,13,13,12,Unfurnished,1,3,32851987
Punjab,Ludhiana,Ludhiana Central,Apartment,2,830,3,6,18,21,Semi-Furnished,1,3,7652360
Punjab,Ludhiana,Ludhiana Central,Apartment,3,1360,3,9,9,25,Semi-Furnished,0,2,16094870
Punjab,Ludhiana,Ludhiana Central,Apartment,3,3110,4,2,11,6,Unfurnished,2,1,39197823
Punjab,Ludhiana,Ludhiana Central,Apartment,1,2550,1,5,20,0,Semi-Furnished,1,2,28155278
Punjab,Ludhiana,Ludhiana Central,Apartment,1,1910,2,9,15,21,Semi-Furnished,1,2,21288556
Punjab,Ludhiana,Ludhiana Central,Apartment,1,2950,1,3,10,11,Unfurnished,1,0,31782178
Punjab,Ludhiana,Ludhiana Central,Independent House,2,2840,1,12,12,9,Furnished,0,2,43028071
Punjab,Ludhiana,Ludhiana Central,Independent House,1,2660,1,6,6,21,Semi-Furnished,2,0,28730087
Punjab,Ludhiana,Ludhiana Central,Apartment,2,1530,1,7,15,15,Furnished,1,1,20142121
Punjab,Amritsar,Amritsar Central,Independent House,4,880,3,2,20,18,Unfurnished,1,1,8328600
Punjab,Amritsar,Amritsar Central,Apartment,2,2810,2,9,14,15,Unfurnished,2,1,29772371
Punjab,Amritsar,Amritsar Central,Independent House,2,2220,3,0,14,19,Semi-Furnished,0,1,18618572
Punjab,Amritsar,Amritsar Central,Independent House,3,2300,2,11,11,9,Unfurnished,0,0,21513999
Punjab,Amritsar,Amritsar Central,Apartment,4,590,3,12,12,1,Unfurnished,0,1,7113515
Punjab,Amritsar,Amritsar Central,Apartment,3,2690,2,14,14,9,Semi-Furnished,0,1,24909137
Punjab,Amritsar,Amritsar Central,Independent House,1,2240,1,12,17,9,Unfurnished,2,3,20922788
Punjab,Amritsar,Amritsar Central,Apartment,4,2630,5,10,16,7,Unfurnished,0,1,29432702
Punjab,Amritsar,Amritsar Central,Apartment,5,2210,5,4,5,7,Furnished,2,2,24745192
Punjab,Amritsar,Amritsar Central,Independent House,2,850,3,11,11,12,Semi-Furnished,0,3,8000576
Punjab,Amritsar,Amritsar Central,Apartment,4,840,4,1,17,6,Furnished,2,1,8635734
Punjab,Amritsar,Amritsar Central,Apartment,5,1550,4,10,13,4,Semi-Furnished,0,1,15625209
Punjab,Amritsar,Amritsar Central,Apartment,5,3070,4,11,11,1,Semi-Furnished,2,3,36228480
Punjab,Amritsar,Amritsar Central,Apartment,1,940,2,9,9,19,Unfurnished,2,3,8790260
Punjab,Amritsar,Amritsar Central,Apartment,4,1550,3,14,14,11,Semi-Furnished,2,1,13862522
Punjab,Amritsar,Amritsar Central,Apartment,5,1780,5,15,15,12,Unfurnished,2,1,19527426
Punjab,Amritsar,Amritsar Central,Apartment,5,840,4,2,13,13,Unfurnished,0,1,10209368
Punjab,Amritsar,Amritsar Central,Apartment,1,2290,1,8,9,19,Furnished,1,3,21919328
Punjab,Jalandhar,Jalandhar Central,Apartment,3,2870,4,4,14,16,Semi-Furnished,0,1,29209474
Punjab,Jalandhar,Jalandhar Central,Villa,4,3050,5,13,17,24,Furnished,2,2,31632686
Punjab,Jalandhar,Jalandhar Central,Apartment,2,2900,2,15,15,16,Semi-Furnished,0,3,28349315
Punjab,Jalandhar,Jalandhar Central,Apartment,3,2020,2,12,14,14,Semi-Furnished,1,2,17350210
Punjab,Jalandhar,Jalandhar Central,Independent House,1,1940,1,6,16,24,Furnished,0,1,18226731
Punjab,Jalandhar,Jalandhar Central,Apartment,4,3000,5,14,14,2,Semi-Furnished,1,0,39078947
Punjab,Jalandhar,Jalandhar Central,Apartment,3,3020,4,1,18,10,Semi-Furnished,0,2,33512762
Punjab,Jalandhar,Jalandhar Central,Apartment,4,1910,3,10,10,19,Furnished,0,0,20424604
Punjab,Jalandhar,Jalandhar Central,Apartment,3,2030,3,3,5,12,Semi-Furnished,1,2,22235766
Punjab,Jalandhar,Jalandhar Central,Independent House,1,1690,1,9,12,19,Semi-Furnished,0,1,16302302
Punjab,Jalandhar,Jalandhar Central,Apartment,1,1850,1,13,15,24,Unfurnished,2,0,17317624
Punjab,Jalandhar,Jalandhar Central,Independent House,2,2200,1,9,19,15,Semi-Furnished,0,3,26542256
Punjab,Jalandhar,Jalandhar Central,Independent House,1,2050,2,7,7,9,Furnished,2,3,18489177
Punjab,Jalandhar,Jalandhar Central,Independent House,4,1350,5,14,14,19,Furnished,1,2,14306520
Punjab,Jalandhar,Jalandhar Central,Independent House,3,580,4,4,14,4,Unfurnished,1,0,6873352
Punjab,Jalandhar,Jalandhar Central,Apartment,3,2840,3,10,10,13,Semi-Furnished,1,3,28155953
Punjab,Jalandhar,Jalandhar Central,Independent House,1,1610,1,4,4,19,Furnished,2,1,13099558
Punjab,Jalandhar,Jalandhar Central,Independent House,4,970,4,2,2,9,Semi-Furnished,0,2,10852469
Punjab,Patiala,Patiala Central,Independent House,5,1590,4,12,17,0,Unfurnished,0,3,19494027
Punjab,Patiala,Patiala Central,Independent House,4,780,3,4,8,16,Semi-Furnished,0,2,7731468
Punjab,Patiala,Patiala Central,Independent House,4,2250,5,6,20,17,Semi-Furnished,1,2,20370211
Punjab,Patiala,Patiala Central,Apartment,5,2320,4,0,5,5,Semi-Furnished,2,0,36149231
Punjab,Patiala,Patiala Central,Apartment,2,1300,2,0,18,12,Semi-Furnished,2,0,12386765
Punjab,Patiala,Patiala Central,Apartment,5,960,4,8,8,23,Unfurnished,0,3,10893629
Punjab,Patiala,Patiala Central,Apartment,4,3190,5,8,8,3,Unfurnished,0,2,30278479
Punjab,Patiala,Patiala Central,Apartment,5,1260,4,14,14,8,Furnished,1,2,13028384
Punjab,Patiala,Patiala Central,Independent House,3,1530,3,14,14,12,Semi-Furnished,0,1,16641011
Punjab,Patiala,Patiala Central,Apartment,3,550,2,4,17,8,Semi-Furnished,1,2,7489913
Punjab,Patiala,Patiala Central,Apartment,5,3180,5,7,7,15,Unfurnished,2,3,41951614
Punjab,Patiala,Patiala Central,Apartment,2,1450,2,14,16,3,Semi-Furnished,0,2,18135689
Punjab,Patiala,Patiala Central,Apartment,4,770,5,5,20,11,Unfurnished,1,3,9829633
Punjab,Patiala,Patiala Central,Apartment,4,2960,4,4,18,8,Unfurnished,1,3,40209285
Punjab,Patiala,Patiala Central,Apartment,3,2790,3,11,11,10,Unfurnished,0,3,31835449
Punjab,Patiala,Patiala Central,Apartment,3,2970,4,11,12,19,Furnished,0,2,31476820
Punjab,Patiala,Patiala Central,Apartment,4,1590,3,6,20,14,Semi-Furnished,0,3,16443866
Punjab,Patiala,Patiala Central,Apartment,1,3140,1,0,19,16,Semi-Furnished,2,3,33326744
Punjab,Bathinda,Bathinda Central,Apartment,2,1090,1,8,10,6,Semi-Furnished,0,0,13052769
Punjab,Bathinda,Bathinda Central,Apartment,3,2050,4,11,14,9,Semi-Furnished,0,2,24579696
Punjab,Bathinda,Bathinda Central,Independent House,5,600,5,7,12,4,Unfurnished,0,2,7514231
Punjab,Bathinda,Bathinda Central,Apartment,1,1050,2,15,16,2,Unfurnished,2,1,11104439
Punjab,Bathinda,Bathinda Central,Apartment,3,1330,2,0,13,8,Furnished,0,3,15884410
Punjab,Bathinda,Bathinda Central,Independent House,4,2570,4,4,13,24,Semi-Furnished,2,0,29723888
Punjab,Bathinda,Bathinda Central,Apartment,2,2660,1,0,6,17,Furnished,0,2,33569987
Punjab,Bathinda,Bathinda Central,Apartment,5,2520,4,6,8,12,Semi-Furnished,1,3,26869689
Punjab,Bathinda,Bathinda Central,Independent House,1,940,1,15,16,17,Semi-Furnished,1,0,8997475
Punjab,Bathinda,Bathinda Central,Apartment,2,2400,3,1,8,10,Furnished,2,0,26607780
Punjab,Bathinda,Bathinda Central,Apartment,5,1280,5,3,5,20,Semi-Furnished,1,3,13418815
Punjab,Bathinda,Bathinda Central,Villa,4,1610,4,1,17,18,Unfurnished,2,2,19525013
Punjab,Bathinda,Bathinda Central,Apartment,3,1320,2,5,5,9,Unfurnished,1,3,18074911
Punjab,Bathinda,Bathinda Central,Apartment,3,600,2,15,15,10,Semi-Furnished,2,3,5870415
Punjab,Bathinda,Bathinda Central,Apartment,1,1110,2,10,19,0,Semi-Furnished,0,3,12145702
Punjab,Bathinda,Bathinda Central,Apartment,5,1840,4,3,3,3,Semi-Furnished,1,3,23976901
Punjab,Bathinda,Bathinda Central,Independent House,5,800,5,4,11,3,Semi-Furnished,1,3,11548448
Punjab,Bathinda,Bathinda Central,Independent House,2,1290,2,15,15,6,Furnished,2,2,10691537
Punjab,Mohali,Mohali Central,Apartment,3,550,3,3,15,22,Semi-Furnished,1,0,6107703
Punjab,Mohali,Mohali Central,Apartment,5,1300,5,11,20,13,Unfurnished,1,3,14845767
Punjab,Mohali,Mohali Central,Villa,3,1260,3,2,19,5,Unfurnished,2,1,17750699
Punjab,Mohali,Mohali Central,Villa,3,1560,2,13,19,14,Unfurnished,2,0,20641849
Punjab,Mohali,Mohali Central,Apartment,1,2990,1,15,15,6,Semi-Furnished,2,3,37953428
Punjab,Mohali,Mohali Central,Independent House,1,1950,1,2,17,3,Furnished,0,1,25637410
Punjab,Mohali,Mohali Central,Apartment,4,870,5,5,8,21,Semi-Furnished,1,3,10509060
Punjab,Mohali,Mohali Central,Villa,2,2000,3,10,16,0,Semi-Furnished,0,2,26881409
Punjab,Mohali,Mohali Central,Independent House,1,700,2,12,12,19,Unfurnished,0,2,7096052
Punjab,Mohali,Mohali Central,Apartment,3,2380,4,12,12,12,Unfurnished,2,1,30579802
Punjab,Mohali,Mohali Central,Apartment,3,2520,4,6,7,24,Semi-Furnished,0,3,33406923
Punjab,Mohali,Mohali Central,Apartment,3,2010,3,7,7,4,Furnished,0,0,25142633
Punjab,Mohali,Mohali Central,Apartment,2,1910,1,4,18,25,Unfurnished,1,2,15668381
Punjab,Mohali,Mohali Central,Independent House,5,1590,5,3,14,0,Unfurnished,1,0,19010643
Punjab,Mohali,Mohali Central,Apartment,4,2840,5,12,15,6,Furnished,1,3,32163685
Punjab,Mohali,Mohali Central,Apartment,3,1890,4,10,10,25,Semi-Furnished,0,3,24444996
Punjab,Mohali,Mohali Central,Apartment,2,1690,3,6,6,19,Unfurnished,0,2,18668218
Punjab,Mohali,Mohali Central,Villa,3,1610,3,6,6,0,Semi-Furnished,1,3,17332069
Punjab,Pathankot,Pathankot Central,Apartment,4,2520,4,1,11,19,Semi-Furnished,1,1,26521964
Punjab,Pathankot,Pathankot Central,Apartment,2,1160,2,14,17,5,Semi-Furnished,2,1,12885544
Punjab,Pathankot,Pathankot Central,Independent House,1,920,1,2,18,4,Semi-Furnished,0,3,7396872
Punjab,Pathankot,Pathankot Central,Apartment,1,2390,1,14,14,21,Semi-Furnished,0,2,19547443
Punjab,Pathankot,Pathankot Central,Apartment,3,1390,2,12,12,6,Semi-Furnished,0,0,15765599
Punjab,Pathankot,Pathankot Central,Apartment,1,2610,2,7,9,9,Semi-Furnished,2,2,23580932
Punjab,Pathankot,Pathankot Central,Apartment,3,1530,3,6,19,24,Unfurnished,0,3,15191787
Punjab,Pathankot,Pathankot Central,Apartment,1,2930,1,3,8,15,Semi-Furnished,0,2,27880749
Punjab,Pathankot,Pathankot Central,Apartment,4,1060,5,3,19,14,Unfurnished,0,1,12137855
Punjab,Pathankot,Pathankot Central,Apartment,2,1280,1,0,11,19,Semi-Furnished,1,1,12601586
Punjab,Pathankot,Pathankot Central,Villa,5,2960,4,10,19,25,Furnished,0,2,36940365
Punjab,Pathankot,Pathankot Central,Apartment,4,1060,5,5,15,23,Furnished,0,0,10992478
Punjab,Pathankot,Pathankot Central,Independent House,4,3110,3,11,11,25,Furnished,2,1,31340108
Punjab,Pathankot,Pathankot Central,Apartment,1,2780,1,4,8,25,Unfurnished,1,1,29342640
Punjab,Pathankot,Pathankot Central,Independent House,2,2770,1,4,13,14,Furnished,1,2,26708612
Punjab,Pathankot,Pathankot Central,Apartment,2,2050,2,1,1,6,Semi-Furnished,2,1,22590242
Punjab,Pathankot,Pathankot Central,Apartment,3,1750,2,10,11,11,Unfurnished,1,2,18665349
Punjab,Pathankot,Pathankot Central,Apartment,5,2170,5,3,13,16,Semi-Furnished,2,3,27151010
Punjab,Hoshiarpur,Hoshiarpur Central,Apartment,1,650,1,1,1,10,Semi-Furnished,1,3,5856241
Punjab,Hoshiarpur,Hoshiarpur Central,Apartment,5,2140,4,15,15,18,Semi-Furnished,2,1,20468995
Punjab,Hoshiarpur,Hoshiarpur Central,Independent House,4,2480,5,0,10,21,Semi-Furnished,2,3,28907710
Punjab,Hoshiarpur,Hoshiarpur Central,Apartment,5,3010,5,2,15,8,Unfurnished,1,2,27916435
Punjab,Hoshiarpur,Hoshiarpur Central,Apartment,4,3130,4,13,13,8,Semi-Furnished,0,2,34485895
Punjab,Hoshiarpur,Hoshiarpur Central,Independent House,4,560,5,3,17,12,Unfurnished,1,3,7169520
Punjab,Hoshiarpur,Hoshiarpur Central,Apartment,5,1200,4,9,9,0,Unfurnished,1,3,12771987
Punjab,Hoshiarpur,Hoshiarpur Central,Apartment,5,2500,5,8,14,1,Unfurnished,0,1,34375999
Punjab,Hoshiarpur,Hoshiarpur Central,Apartment,2,2620,1,3,13,10,Semi-Furnished,2,1,24853434
Punjab,Hoshiarpur,Hoshiarpur Central,Apartment,3,2900,4,5,12,1,Unfurnished,2,1,29551378
Punjab,Hoshiarpur,Hoshiarpur Central,Apartment,4,990,3,15,17,22,Unfurnished,1,1,11507261
Punjab,Hoshiarpur,Hoshiarpur Central,Apartment,3,930,4,10,13,8,Unfurnished,2,2,8527160
Punjab,Hoshiarpur,Hoshiarpur Central,Apartment,4,1630,4,4,7,8,Semi-Furnished,2,1,17135848
Punjab,Hoshiarpur,Hoshiarpur Central,Apartment,4,3060,3,13,15,17,Furnished,1,2,30790077
Punjab,Hoshiarpur,Hoshiarpur Central,Apartment,3,800,4,6,6,25,Furnished,2,2,7100320
Punjab,Hoshiarpur,Hoshiarpur Central,Independent House,3,920,3,15,20,15,Unfurnished,1,1,9124939
Punjab,Hoshiarpur,Hoshiarpur Central,Independent House,4,2190,4,0,13,19,Semi-Furnished,2,2,28764155
Punjab,Hoshiarpur,Hoshiarpur Central,Apartment,3,1610,2,10,19,25,Semi-Furnished,0,0,15724181
Rajasthan,Jaipur,Jaipur Central,Independent House,2,1210,2,15,15,23,Semi-Furnished,0,3,15337183
Rajasthan,Jaipur,Jaipur Central,Villa,3,1900,2,4,4,12,Semi-Furnished,0,0,29577349
Rajasthan,Jaipur,Jaipur Central,Apartment,4,3100,3,13,13,1,Semi-Furnished,0,2,36066668
Rajasthan,Jaipur,Jaipur Central,Independent House,2,2630,1,6,12,19,Unfurnished,1,1,39586480
Rajasthan,Jaipur,Jaipur Central,Apartment,4,1250,4,13,17,16,Semi-Furnished,2,1,19068789
Rajasthan,Jaipur,Jaipur Central,Apartment,4,1700,5,12,18,18,Furnished,0,1,26686797
Rajasthan,Jaipur,Jaipur Central,Apartment,4,2340,5,15,15,0,Unfurnished,0,3,39292780
Rajasthan,Jaipur,Jaipur Central,Independent House,4,1050,4,1,4,15,Furnished,2,1,13188390
Rajasthan,Jaipur,Jaipur Central,Apartment,2,2200,1,8,11,5,Semi-Furnished,0,0,28139049
Rajasthan,Jaipur,Jaipur Central,Apartment,3,900,3,10,10,23,Unfurnished,2,3,11781219
Rajasthan,Jaipur,Jaipur Central,Apartment,4,550,4,1,18,5,Furnished,1,2,9039446
Rajasthan,Jaipur,Jaipur Central,Apartment,3,1530,2,15,15,20,Unfurnished,2,1,16482287
Rajasthan,Jaipur,Jaipur Central,Apartment,3,2100,4,13,17,19,Semi-Furnished,2,0,34108503
Rajasthan,Jaipur,Jaipur Central,Villa,2,1630,1,0,7,2,Semi-Furnished,1,0,15590890
Rajasthan,Jaipur,Jaipur Central,Apartment,5,2810,4,9,15,21,Unfurnished,0,1,27039426
Rajasthan,Jaipur,Jaipur Central,Apartment,3,2020,4,13,19,19,Unfurnished,0,0,23121273
Rajasthan,Jaipur,Jaipur Central,Apartment,5,1990,4,14,14,17,Unfurnished,1,2,29314745
Rajasthan,Jaipur,Jaipur Central,Apartment,3,880,4,0,11,3,Unfurnished,1,1,9764015
Rajasthan,Jodhpur,Jodhpur Central,Villa,2,1470,2,12,19,7,Unfurnished,0,0,13641005
Rajasthan,Jodhpur,Jodhpur Central,Independent House,4,1060,5,1,15,9,Furnished,1,1,12797785
Rajasthan,Jodhpur,Jodhpur Central,Apartment,1,3080,2,8,8,6,Furnished,1,3,41648404
Rajasthan,Jodhpur,Jodhpur Central,Villa,4,1060,3,10,15,12,Furnished,0,3,13728338
Rajasthan,Jodhpur,Jodhpur Central,Apartment,1,2900,1,14,14,18,Semi-Furnished,0,1,32153531
Rajasthan,Jodhpur,Jodhpur Central,Apartment,1,690,2,2,5,19,Furnished,1,2,8529638
Rajasthan,Jodhpur,Jodhpur Central,Apartment,3,1570,2,8,8,1,Semi-Furnished,1,0,16201632
Rajasthan,Jodhpur,Jodhpur Central,Apartment,2,1110,1,4,11,20,Semi-Furnished,1,2,11411070
Rajasthan,Jodhpur,Jodhpur Central,Apartment,3,1820,3,8,8,11,Semi-Furnished,1,3,18947392
Rajasthan,Jodhpur,Jodhpur Central,Villa,4,2230,4,13,13,3,Semi-Furnished,0,3,26047959
Rajasthan,Jodhpur,Jodhpur Central,Apartment,1,1740,1,11,11,11,Furnished,0,0,18713712
Rajasthan,Jodhpur,Jodhpur Central,Apartment,1,3140,1,1,8,22,Furnished,0,3,38375818
Rajasthan,Jodhpur,Jodhpur Central,Villa,4,1810,5,10,10,0,Unfurnished,0,3,23933756
Rajasthan,Jodhpur,Jodhpur Central,Independent House,3,1990,2,3,20,3,Semi-Furnished,2,1,22779591
Rajasthan,Jodhpur,Jodhpur Central,Independent House,5,1900,5,0,12,6,Semi-Furnished,2,0,29783728
Rajasthan,Jodhpur,Jodhpur Central,Independent House,4,2410,3,1,6,4,Semi-Furnished,1,2,21448545
Rajasthan,Jodhpur,Jodhpur Central,Apartment,2,3090,3,6,6,16,Semi-Furnished,0,3,36544377
Rajasthan,Jodhpur,Jodhpur Central,Apartment,2,3020,3,15,15,12,Semi-Furnished,0,2,31500645
Rajasthan,Udaipur,Udaipur Central,Independent House,1,2460,1,0,13,16,Semi-Furnished,1,3,34036928
Rajasthan,Udaipur,Udaipur Central,Apartment,3,1980,3,7,19,8,Semi-Furnished,0,1,25268382
Rajasthan,Udaipur,Udaipur Central,Independent House,2,2610,2,0,1,12,Unfurnished,1,2,35027371
Rajasthan,Udaipur,Udaipur Central,Apartment,2,3020,2,2,8,15,Semi-Furnished,1,2,38563836
Rajasthan,Udaipur,Udaipur Central,Apartment,4,2000,5,12,12,22,Semi-Furnished,2,3,27985572
Rajasthan,Udaipur,Udaipur Central,Apartment,2,2080,1,8,8,5,Semi-Furnished,0,3,27970468
Rajasthan,Udaipur,Udaipur Central,Apartment,1,3130,1,11,11,17,Semi-Furnished,1,3,45669802
Rajasthan,Udaipur,Udaipur Central,Apartment,5,2860,4,12,14,11,Unfurnished,1,2,38224544
Rajasthan,Udaipur,Udaipur Central,Independent House,2,1520,1,9,17,24,Semi-Furnished,1,1,14698499
Rajasthan,Udaipur,Udaipur Central,Apartment,2,1000,3,1,5,12,Furnished,2,3,11127784
Rajasthan,Udaipur,Udaipur Central,Apartment,3,2870,3,15,15,15,Furnished,0,2,52408134
Rajasthan,Udaipur,Udaipur Central,Independent House,5,1730,5,8,9,20,Unfurnished,1,3,22319346
Rajasthan,Udaipur,Udaipur Central,Apartment,2,2920,1,3,9,5,Semi-Furnished,1,2,37528096
Rajasthan,Udaipur,Udaipur Central,Independent House,2,1920,1,9,9,22,Furnished,1,1,21839291
Rajasthan,Udaipur,Udaipur Central,Apartment,3,2450,2,6,11,4,Semi-Furnished,2,2,31427312
Rajasthan,Udaipur,Udaipur Central,Apartment,1,2980,1,12,12,14,Semi-Furnished,0,2,44857881
Rajasthan,Udaipur,Udaipur Central,Apartment,4,1140,5,3,13,17,Semi-Furnished,1,0,12765433
Rajasthan,Udaipur,Udaipur Central,Apartment,2,2880,3,12,19,18,Semi-Furnished,2,2,40360651
Rajasthan,Kota,Kota Central,Independent House,1,1060,2,11,19,1,Furnished,1,1,11884461
Rajasthan,Kota,Kota Central,Apartment,1,810,1,7,7,16,Furnished,1,1,8813355
Rajasthan,Kota,Kota Central,Apartment,3,1410,3,3,10,23,Semi-Furnished,1,3,18265090
Rajasthan,Kota,Kota Central,Apartment,4,2800,4,12,20,0,Semi-Furnished,0,0,30866169
Rajasthan,Kota,Kota Central,Apartment,3,3050,4,2,9,25,Semi-Furnished,2,1,32470599
Rajasthan,Kota,Kota Central,Independent House,4,2590,3,6,16,21,Semi-Furnished,1,3,32547386
Rajasthan,Kota,Kota Central,Villa,1,2490,1,0,9,19,Semi-Furnished,2,2,29071914
Rajasthan,Kota,Kota Central,Apartment,1,2120,1,12,19,0,Furnished,2,1,22625700
Rajasthan,Kota,Kota Central,Villa,5,1650,5,12,16,5,Semi-Furnished,0,1,21943550
Rajasthan,Kota,Kota Central,Apartment,1,770,2,5,5,0,Semi-Furnished,1,2,9782441
Rajasthan,Kota,Kota Central,Apartment,4,2580,4,8,8,24,Unfurnished,0,2,38521975
Rajasthan,Kota,Kota Central,Apartment,1,1450,1,8,20,1,Furnished,2,3,15383987
Rajasthan,Kota,Kota Central,Apartment,2,1700,3,15,19,16,Semi-Furnished,2,3,24566800
Rajasthan,Kota,Kota Central,Apartment,1,1890,2,14,14,7,Furnished,2,3,23561913
Rajasthan,Kota,Kota Central,Apartment,2,2000,1,2,13,7,Furnished,2,1,24626692
Rajasthan,Kota,Kota Central,Apartment,5,2980,5,5,18,16,Furnished,1,0,33345143
Rajasthan,Kota,Kota Central,Independent House,3,2000,4,11,11,24,Semi-Furnished,0,0,25446607
Rajasthan,Kota,Kota Central,Apartment,4,2360,5,10,14,18,Unfurnished,0,1,30441458
Rajasthan,Ajmer,Ajmer Central,Apartment,2,760,2,5,7,4,Furnished,1,0,9285652
Rajasthan,Ajmer,Ajmer Central,Independent House,4,3160,4,8,19,20,Semi-Furnished,0,1,52654756
Rajasthan,Ajmer,Ajmer Central,Independent House,4,860,5,1,2,5,Semi-Furnished,2,0,14601169
Rajasthan,Ajmer,Ajmer Central,Independent House,3,2980,3,4,18,10,Semi-Furnished,1,3,47873431
Rajasthan,Ajmer,Ajmer Central,Villa,5,2340,5,0,4,8,Semi-Furnished,2,2,39474471
Rajasthan,Ajmer,Ajmer Central,Apartment,4,1270,5,7,9,17,Furnished,2,0,19174730
Rajasthan,Ajmer,Ajmer Central,Apartment,4,2210,5,11,19,9,Unfurnished,1,2,32962992
Rajasthan,Ajmer,Ajmer Central,Apartment,3,2930,2,3,13,12,Semi-Furnished,1,2,46049705
Rajasthan,Ajmer,Ajmer Central,Apartment,5,1240,5,0,4,6,Unfurnished,0,0,20948692
Rajasthan,Ajmer,Ajmer Central,Independent House,3,2840,4,13,18,21,Unfurnished,2,1,46128132
Rajasthan,Ajmer,Ajmer Central,Apartment,4,2470,3,7,7,6,Furnished,2,2,38169565
Rajasthan,Ajmer,Ajmer Central,Apartment,2,1500,2,7,9,1,Furnished,2,1,23149861
Rajasthan,Ajmer,Ajmer Central,Apartment,5,3170,5,9,14,19,Furnished,0,3,44674296
Rajasthan,Ajmer,Ajmer Central,Apartment,2,1140,3,14,16,8,Semi-Furnished,0,2,13737289
Rajasthan,Ajmer,Ajmer Central,Apartment,5,1600,5,1,11,3,Unfurnished,0,3,25071113
Rajasthan,Ajmer,Ajmer Central,Apartment,1,1560,1,9,9,24,Semi-Furnished,2,2,22955700
Rajasthan,Ajmer,Ajmer Central,Independent House,3,1730,3,5,19,17,Semi-Furnished,1,2,27332285
Rajasthan,Ajmer,Ajmer Central,Apartment,1,1160,1,4,8,6,Unfurnished,2,2,14086773
Rajasthan,Bikaner,Bikaner Central,Apartment,5,1390,5,11,11,2,Semi-Furnished,1,1,16390810
Rajasthan,Bikaner,Bikaner Central,Apartment,4,3140,4,3,4,2,Unfurnished,0,1,41768727
Rajasthan,Bikaner,Bikaner Central,Villa,4,1010,3,6,7,9,Semi-Furnished,1,2,10174792
Rajasthan,Bikaner,Bikaner Central,Independent House,1,3080,1,4,17,8,Unfurnished,2,3,37970504
Rajasthan,Bikaner,Bikaner Central,Apartment,2,2840,3,10,10,25,Unfurnished,2,1,24654097
Rajasthan,Bikaner,Bikaner Central,Villa,1,2510,2,11,16,5,Semi-Furnished,0,2,29511118
Rajasthan,Bikaner,Bikaner Central,Apartment,4,2600,3,15,15,8,Furnished,1,3,27019568
Rajasthan,Bikaner,Bikaner Central,Villa,1,2500,2,2,8,9,Furnished,1,0,28333361
Rajasthan,Bikaner,Bikaner Central,Independent House,4,1730,5,15,15,19,Semi-Furnished,2,2,19672891
Rajasthan,Bikaner,Bikaner Central,Apartment,1,2230,1,0,11,11,Semi-Furnished,0,3,19910050
Rajasthan,Bikaner,Bikaner Central,Apartment,5,810,4,1,9,13,Unfurnished,0,0,8425801
Rajasthan,Bikaner,Bikaner Central,Independent House,5,2770,4,13,13,24,Semi-Furnished,2,0,29807963
Rajasthan,Bikaner,Bikaner Central,Villa,5,1490,5,3,3,0,Unfurnished,0,0,18561675
Rajasthan,Bikaner,Bikaner Central,Independent House,3,1090,2,4,14,15,Furnished,0,0,11509101
Rajasthan,Bikaner,Bikaner Central,Independent House,3,1170,4,9,18,25,Unfurnished,0,1,12576090
Rajasthan,Bikaner,Bikaner Central,Apartment,5,680,5,12,12,20,Semi-Furnished,0,1,7959832
Rajasthan,Bikaner,Bikaner Central,Independent House,4,2530,4,10,13,12,Semi-Furnished,2,1,29166127
Rajasthan,Bikaner,Bikaner Central,Apartment,3,1720,2,10,10,22,Semi-Furnished,2,3,16391242
Rajasthan,Alwar,Alwar Central,Apartment,1,2030,2,11,11,18,Unfurnished,0,2,19373802
Rajasthan,Alwar,Alwar Central,Apartment,5,2850,4,15,15,2,Semi-Furnished,0,2,40920477
Rajasthan,Alwar,Alwar Central,Apartment,4,2560,4,9,15,18,Semi-Furnished,2,1,29038612
Rajasthan,Alwar,Alwar Central,Apartment,2,980,3,2,3,6,Furnished,1,1,13873598
Rajasthan,Alwar,Alwar Central,Independent House,3,1320,2,7,7,6,Unfurnished,2,0,14805357
Rajasthan,Alwar,Alwar Central,Independent House,2,3040,2,6,9,14,Semi-Furnished,1,3,36351867
Rajasthan,Alwar,Alwar Central,Apartment,5,2840,5,1,7,9,Furnished,1,3,35601319
Rajasthan,Alwar,Alwar Central,Independent House,2,1260,2,15,15,14,Unfurnished,1,0,13164358
Rajasthan,Alwar,Alwar Central,Independent House,4,1870,5,3,6,9,Semi-Furnished,2,1,18619650
Rajasthan,Alwar,Alwar Central,Apartment,5,1280,4,11,11,4,Unfurnished,1,2,18244395
Rajasthan,Alwar,Alwar Central,Apartment,1,3120,1,10,12,20,Furnished,1,3,32363145
Rajasthan,Alwar,Alwar Central,Apartment,2,1480,2,9,9,14,Semi-Furnished,0,1,14892934
Rajasthan,Alwar,Alwar Central,Villa,5,2620,5,10,10,0,Unfurnished,0,1,40424877
Rajasthan,Alwar,Alwar Central,Apartment,5,2690,5,14,14,9,Semi-Furnished,2,2,33386617
Rajasthan,Alwar,Alwar Central,Independent House,4,1260,4,2,7,20,Unfurnished,0,1,14285657
Rajasthan,Alwar,Alwar Central,Apartment,1,2050,1,6,6,17,Unfurnished,2,0,16507115
Rajasthan,Alwar,Alwar Central,Apartment,2,860,2,6,12,9,Unfurnished,1,0,10129325
Rajasthan,Alwar,Alwar Central,Apartment,4,3170,4,2,14,9,Semi-Furnished,0,0,44760220
Rajasthan,Bharatpur,Bharatpur Central,Apartment,4,1670,3,11,11,21,Semi-Furnished,2,3,21321170
Rajasthan,Bharatpur,Bharatpur Central,Apartment,4,910,3,6,13,3,Semi-Furnished,1,1,10761690
Rajasthan,Bharatpur,Bharatpur Central,Independent House,2,1360,3,6,6,13,Unfurnished,0,0,17778179
Rajasthan,Bharatpur,Bharatpur Central,Apartment,4,1480,5,5,19,24,Semi-Furnished,1,1,14255924
Rajasthan,Bharatpur,Bharatpur Central,Apartment,2,1670,1,8,15,1,Unfurnished,2,1,19225374
Rajasthan,Bharatpur,Bharatpur Central,Independent House,5,820,5,9,20,6,Semi-Furnished,0,0,11337567
Rajasthan,Bharatpur,Bharatpur Central,Independent House,1,1870,1,2,3,6,Semi-Furnished,0,3,19809447
Rajasthan,Bharatpur,Bharatpur Central,Independent House,2,2370,2,11,19,9,Unfurnished,1,3,28824543
Rajasthan,Bharatpur,Bharatpur Central,Apartment,2,1900,2,8,12,23,Semi-Furnished,2,3,17888900
Rajasthan,Bharatpur,Bharatpur Central,Apartment,2,1060,3,0,20,22,Unfurnished,0,0,10979131
Rajasthan,Bharatpur,Bharatpur Central,Apartment,4,2030,5,15,15,14,Semi-Furnished,1,1,21859258
Rajasthan,Bharatpur,Bharatpur Central,Independent House,2,910,3,13,19,13,Furnished,2,3,12653065
Rajasthan,Bharatpur,Bharatpur Central,Apartment,3,1360,4,9,9,14,Unfurnished,1,1,14226818
Rajasthan,Bharatpur,Bharatpur Central,Apartment,3,2620,3,9,18,2,Unfurnished,1,1,28037652
Rajasthan,Bharatpur,Bharatpur Central,Apartment,2,2570,3,6,6,7,Semi-Furnished,2,3,33756847
Rajasthan,Bharatpur,Bharatpur Central,Independent House,4,2450,3,8,10,5,Semi-Furnished,1,2,30297774
Rajasthan,Bharatpur,Bharatpur Central,Apartment,1,1470,2,0,4,0,Semi-Furnished,2,1,17146794
Rajasthan,Bharatpur,Bharatpur Central,Apartment,2,580,3,0,2,2,Semi-Furnished,1,2,6732820
Rajasthan,Sikar,Sikar Central,Independent House,2,2020,2,2,3,7,Semi-Furnished,2,2,25731113
Rajasthan,Sikar,Sikar Central,Apartment,5,2540,4,6,12,7,Furnished,1,2,39713080
Rajasthan,Sikar,Sikar Central,Independent House,3,1150,3,0,20,14,Semi-Furnished,1,2,15102957
Rajasthan,Sikar,Sikar Central,Villa,4,1600,3,3,11,17,Unfurnished,0,1,22055063
Rajasthan,Sikar,Sikar Central,Apartment,2,1320,2,1,19,1,Furnished,0,0,21390392
Rajasthan,Sikar,Sikar Central,Apartment,1,1420,1,11,14,19,Furnished,0,0,12923122
Rajasthan,Sikar,Sikar Central,Apartment,2,2420,3,0,13,18,Furnished,2,0,31212141
Rajasthan,Sikar,Sikar Central,Independent House,4,1400,5,8,8,5,Semi-Furnished,2,2,20611788
Rajasthan,Sikar,Sikar Central,Apartment,4,2770,4,4,16,15,Semi-Furnished,1,1,41762732
Rajasthan,Sikar,Sikar Central,Apartment,5,1370,4,15,15,6,Semi-Furnished,2,1,20556704
Rajasthan,Sikar,Sikar Central,Apartment,4,1840,5,12,14,24,Semi-Furnished,0,2,22603625
Rajasthan,Sikar,Sikar Central,Villa,2,2260,1,3,5,24,Semi-Furnished,1,3,24366673
Rajasthan,Sikar,Sikar Central,Apartment,5,3180,5,9,9,5,Unfurnished,1,0,44334481
Rajasthan,Sikar,Sikar Central,Apartment,2,1410,1,7,7,8,Unfurnished,0,0,18141215
Rajasthan,Sikar,Sikar Central,Apartment,1,1380,1,7,7,19,Furnished,0,0,15568049
Rajasthan,Sikar,Sikar Central,Independent House,2,1850,1,1,20,13,Semi-Furnished,1,3,20814675
Rajasthan,Sikar,Sikar Central,Independent House,2,2360,2,12,12,13,Semi-Furnished,1,0,23418382
Rajasthan,Sikar,Sikar Central,Apartment,5,1940,5,3,3,7,Furnished,2,2,25879368
Sikkim,Gangtok,Gangtok Central,Apartment,1,1420,1,9,17,12,Unfurnished,2,0,11680896
Sikkim,Gangtok,Gangtok Central,Independent House,1,2430,1,11,16,3,Semi-Furnished,1,3,21449666
Sikkim,Gangtok,Gangtok Central,Apartment,4,3180,3,11,11,9,Semi-Furnished,0,2,29814309
Sikkim,Gangtok,Gangtok Central,Apartment,1,1430,2,0,14,21,Unfurnished,1,3,9350741
Sikkim,Gangtok,Gangtok Central,Apartment,1,1160,2,3,3,23,Furnished,0,1,7919879
Sikkim,Gangtok,Gangtok Central,Apartment,1,2070,1,12,12,18,Semi-Furnished,0,2,15692788
Sikkim,Gangtok,Gangtok Central,Apartment,5,2850,5,3,14,7,Furnished,0,1,26765883
Sikkim,Gangtok,Gangtok Central,Independent House,2,3090,1,8,17,19,Unfurnished,2,2,26295949
Sikkim,Gangtok,Gangtok Central,Apartment,5,2320,4,10,10,25,Furnished,2,0,17124097
Sikkim,Gangtok,Gangtok Central,Apartment,5,1880,4,3,14,3,Semi-Furnished,2,1,20136556
Sikkim,Gangtok,Gangtok Central,Independent House,3,2680,2,13,13,18,Semi-Furnished,1,2,22746742
Sikkim,Gangtok,Gangtok Central,Apartment,5,3050,4,1,11,11,Semi-Furnished,2,0,29422269
Sikkim,Gangtok,Gangtok Central,Apartment,4,2660,4,13,13,11,Unfurnished,1,2,24556461
Sikkim,Gangtok,Gangtok Central,Apartment,3,1870,2,3,19,13,Unfurnished,1,3,16889567
Sikkim,Gangtok,Gangtok Central,Independent House,4,2770,3,15,15,7,Semi-Furnished,1,1,23913338
Sikkim,Gangtok,Gangtok Central,Independent House,1,2920,1,13,19,2,Furnished,1,0,27481462
Sikkim,Gangtok,Gangtok Central,Apartment,2,2380,1,8,8,4,Semi-Furnished,2,1,18136514
Sikkim,Gangtok,Gangtok Central,Apartment,5,1710,5,5,5,11,Semi-Furnished,0,1,13522683
Sikkim,Namchi,Namchi Central,Apartment,1,2790,2,0,13,9,Unfurnished,0,1,23411466
Sikkim,Namchi,Namchi Central,Apartment,3,1230,2,7,15,5,Unfurnished,0,1,12550503
Sikkim,Namchi,Namchi Central,Independent House,1,1940,1,0,18,10,Semi-Furnished,1,1,17162875
Sikkim,Namchi,Namchi Central,Apartment,2,1170,2,15,15,24,Semi-Furnished,2,1,9044768
Sikkim,Namchi,Namchi Central,Villa,4,1390,4,11,11,11,Unfurnished,2,1,14987847
Sikkim,Namchi,Namchi Central,Villa,3,2390,2,1,10,16,Furnished,1,3,22641449
Sikkim,Namchi,Namchi Central,Villa,2,3180,1,13,13,8,Unfurnished,0,3,23540728
Sikkim,Namchi,Namchi Central,Apartment,1,1100,1,6,9,14,Semi-Furnished,0,2,9109209
Sikkim,Namchi,Namchi Central,Apartment,2,580,3,11,16,20,Semi-Furnished,0,3,5318407
Sikkim,Namchi,Namchi Central,Independent House,4,2060,5,2,13,14,Unfurnished,2,3,19649261
Sikkim,Namchi,Namchi Central,Apartment,2,2220,3,10,11,1,Unfurnished,2,2,19021767
Sikkim,Namchi,Namchi Central,Independent House,1,2350,1,9,17,25,Semi-Furnished,1,2,15341526
Sikkim,Namchi,Namchi Central,Apartment,3,2470,2,12,12,0,Unfurnished,0,2,24947855
Sikkim,Namchi,Namchi Central,Apartment,5,1650,4,7,18,2,Semi-Furnished,0,3,19367799
Sikkim,Namchi,Namchi Central,Apartment,1,810,1,8,15,3,Semi-Furnished,2,3,5198419
Sikkim,Namchi,Namchi Central,Apartment,4,2020,5,4,15,25,Furnished,0,0,19540108
Sikkim,Namchi,Namchi Central,Apartment,5,2810,5,10,14,7,Unfurnished,0,0,29758031
Sikkim,Namchi,Namchi Central,Independent House,5,1610,4,4,4,10,Semi-Furnished,0,2,17382721
Sikkim,Gyalshing,Gyalshing Central,Apartment,2,730,2,0,13,0,Semi-Furnished,0,1,4905114
Sikkim,Gyalshing,Gyalshing Central,Apartment,4,1470,5,4,14,24,Unfurnished,1,3,10204522
Sikkim,Gyalshing,Gyalshing Central,Apartment,4,2160,5,6,9,9,Furnished,0,2,18929810
Sikkim,Gyalshing,Gyalshing Central,Independent House,5,3170,5,13,13,8,Unfurnished,2,3,27575675
Sikkim,Gyalshing,Gyalshing Central,Apartment,2,2730,1,2,11,18,Unfurnished,0,0,17162937
Sikkim,Gyalshing,Gyalshing Central,Independent House,4,3160,5,3,8,1,Unfurnished,2,2,28118366
Sikkim,Gyalshing,Gyalshing Central,Apartment,5,1700,5,10,10,2,Furnished,2,0,16868056
Sikkim,Gyalshing,Gyalshing Central,Independent House,4,3010,4,3,18,1,Semi-Furnished,0,2,23272011
Sikkim,Gyalshing,Gyalshing Central,Independent House,4,2540,5,5,18,0,Unfurnished,0,1,15512611
Sikkim,Gyalshing,Gyalshing Central,Apartment,2,1570,1,3,8,20,Semi-Furnished,2,3,9401698
Sikkim,Gyalshing,Gyalshing Central,Independent House,3,1110,3,2,8,4,Furnished,1,3,8646692
Sikkim,Gyalshing,Gyalshing Central,Apartment,5,2340,5,8,14,1,Unfurnished,1,1,23000297
Sikkim,Gyalshing,Gyalshing Central,Apartment,1,960,2,1,20,1,Semi-Furnished,2,3,7525026
Sikkim,Gyalshing,Gyalshing Central,Apartment,5,1950,4,7,7,4,Unfurnished,0,0,16675636
Sikkim,Gyalshing,Gyalshing Central,Independent House,1,1060,1,2,15,17,Unfurnished,1,1,5950859
Sikkim,Gyalshing,Gyalshing Central,Independent House,3,610,2,0,2,2,Semi-Furnished,2,1,4964969
Sikkim,Gyalshing,Gyalshing Central,Apartment,5,900,5,12,17,22,Semi-Furnished,2,1,7311263
Sikkim,Gyalshing,Gyalshing Central,Independent House,1,1800,1,0,1,18,Semi-Furnished,1,3,13830219
Tamil Nadu,Chennai,Chennai Central,Independent House,5,1290,5,13,13,2,Furnished,1,0,19996220
Tamil Nadu,Chennai,Chennai Central,Apartment,5,790,5,10,10,3,Semi-Furnished,2,1,16618143
Tamil Nadu,Chennai,Chennai Central,Apartment,4,1340,3,3,10,0,Furnished,1,2,21544796
Tamil Nadu,Chennai,Chennai Central,Apartment,3,2760,3,5,5,15,Unfurnished,1,3,44003341
Tamil Nadu,Chennai,Chennai Central,Independent House,2,2560,3,13,14,25,Furnished,1,1,41589468
Tamil Nadu,Chennai,Chennai Central,Apartment,2,2110,3,8,15,9,Semi-Furnished,0,1,30105698
Tamil Nadu,Chennai,Chennai Central,Apartment,2,2770,2,13,13,11,Semi-Furnished,2,1,40565979
Tamil Nadu,Chennai,Chennai Central,Apartment,5,2160,5,9,12,1,Semi-Furnished,0,1,41168775
Tamil Nadu,Chennai,Chennai Central,Independent House,5,1390,5,14,20,11,Semi-Furnished,0,1,24624658
Tamil Nadu,Chennai,Chennai Central,Independent House,2,2000,3,15,15,21,Semi-Furnished,2,3,26545317
Tamil Nadu,Chennai,Chennai Central,Apartment,5,3190,4,7,15,20,Semi-Furnished,2,0,59308346
Tamil Nadu,Chennai,Chennai Central,Independent House,4,2090,3,0,17,11,Unfurnished,1,1,25177532
Tamil Nadu,Chennai,Chennai Central,Apartment,3,1990,2,11,11,7,Furnished,2,0,27162512
Tamil Nadu,Chennai,Chennai Central,Apartment,1,1030,1,14,14,1,Semi-Furnished,2,1,15009031
Tamil Nadu,Chennai,Chennai Central,Independent House,1,1650,1,10,10,12,Unfurnished,1,2,25133801
Tamil Nadu,Chennai,Chennai Central,Apartment,3,2750,2,2,13,5,Semi-Furnished,1,1,39362427
Tamil Nadu,Chennai,Chennai Central,Apartment,3,730,4,14,14,9,Semi-Furnished,2,1,12416896
Tamil Nadu,Chennai,Chennai Central,Apartment,2,3150,1,5,5,10,Furnished,2,1,45968074
Tamil Nadu,Coimbatore,Coimbatore Central,Independent House,3,2390,3,6,11,19,Semi-Furnished,2,0,37700403
Tamil Nadu,Coimbatore,Coimbatore Central,Apartment,3,2840,4,3,15,11,Semi-Furnished,1,3,44419664
Tamil Nadu,Coimbatore,Coimbatore Central,Independent House,1,2630,2,9,18,25,Semi-Furnished,2,1,38605989
Tamil Nadu,Coimbatore,Coimbatore Central,Apartment,4,1510,5,15,20,3,Semi-Furnished,2,3,26636982
Tamil Nadu,Coimbatore,Coimbatore Central,Apartment,3,2650,2,4,16,25,Semi-Furnished,2,1,44452421
Tamil Nadu,Coimbatore,Coimbatore Central,Independent House,1,2780,1,5,16,2,Semi-Furnished,0,2,41764969
Tamil Nadu,Coimbatore,Coimbatore Central,Apartment,4,1370,5,14,14,24,Semi-Furnished,2,3,17290217
Tamil Nadu,Coimbatore,Coimbatore Central,Apartment,4,2120,4,5,18,21,Semi-Furnished,0,2,35269506
Tamil Nadu,Coimbatore,Coimbatore Central,Apartment,5,2620,5,15,15,19,Furnished,2,1,48399609
Tamil Nadu,Coimbatore,Coimbatore Central,Apartment,3,3040,3,2,15,5,Semi-Furnished,2,1,59847765
Tamil Nadu,Coimbatore,Coimbatore Central,Independent House,1,1950,1,2,16,14,Semi-Furnished,0,0,29831861
Tamil Nadu,Coimbatore,Coimbatore Central,Independent House,4,1360,5,1,20,13,Unfurnished,1,1,22516284
Tamil Nadu,Coimbatore,Coimbatore Central,Independent House,1,2960,2,4,7,9,Furnished,2,0,46334014
Tamil Nadu,Coimbatore,Coimbatore Central,Apartment,5,1460,5,2,2,0,Semi-Furnished,1,1,21338814
Tamil Nadu,Coimbatore,Coimbatore Central,Independent House,4,820,5,13,18,25,Semi-Furnished,2,3,13230355
Tamil Nadu,Coimbatore,Coimbatore Central,Apartment,4,2350,3,14,15,14,Semi-Furnished,1,3,34235327
Tamil Nadu,Coimbatore,Coimbatore Central,Apartment,3,2610,3,1,11,5,Unfurnished,2,2,34284884
Tamil Nadu,Coimbatore,Coimbatore Central,Apartment,3,1680,2,9,9,1,Semi-Furnished,2,0,24339505
Tamil Nadu,Madurai,Madurai Central,Apartment,3,1910,4,13,13,16,Semi-Furnished,2,2,29654375
Tamil Nadu,Madurai,Madurai Central,Villa,2,810,3,5,12,14,Semi-Furnished,2,0,14000558
Tamil Nadu,Madurai,Madurai Central,Apartment,4,750,5,9,9,8,Unfurnished,2,0,11253787
Tamil Nadu,Madurai,Madurai Central,Apartment,2,1980,2,15,16,3,Semi-Furnished,0,1,24093730
Tamil Nadu,Madurai,Madurai Central,Apartment,4,2810,5,5,5,11,Unfurnished,0,0,54634010
Tamil Nadu,Madurai,Madurai Central,Apartment,3,2120,2,11,11,6,Unfurnished,0,2,32807600
Tamil Nadu,Madurai,Madurai Central,Villa,2,2880,3,14,19,13,Furnished,2,3,50352940
Tamil Nadu,Madurai,Madurai Central,Independent House,1,1100,1,15,15,14,Semi-Furnished,1,3,14216623
Tamil Nadu,Madurai,Madurai Central,Apartment,3,2210,3,14,14,1,Semi-Furnished,2,2,29574900
Tamil Nadu,Madurai,Madurai Central,Apartment,4,1200,4,3,20,19,Semi-Furnished,1,0,19070299
Tamil Nadu,Madurai,Madurai Central,Villa,1,550,1,13,13,5,Semi-Furnished,0,2,8015879
Tamil Nadu,Madurai,Madurai Central,Independent House,2,2620,1,2,18,15,Furnished,1,2,38476319
Tamil Nadu,Madurai,Madurai Central,Independent House,2,1930,2,4,9,5,Semi-Furnished,1,3,31517026
Tamil Nadu,Madurai,Madurai Central,Apartment,3,2700,4,14,15,19,Unfurnished,1,0,30325000
Tamil Nadu,Madurai,Madurai Central,Apartment,1,570,1,3,12,9,Semi-Furnished,2,3,9196878
Tamil Nadu,Madurai,Madurai Central,Apartment,1,2160,1,1,5,20,Furnished,1,3,29496810
Tamil Nadu,Madurai,Madurai Central,Villa,5,2210,5,2,14,7,Semi-Furnished,1,1,48206373
Tamil Nadu,Madurai,Madurai Central,Independent House,1,1580,2,9,9,25,Semi-Furnished,2,3,22263372
Tamil Nadu,Tiruchirappalli,Tiruchirappalli Central,Independent House,4,2500,3,10,10,4,Semi-Furnished,2,1,40819583
Tamil Nadu,Tiruchirappalli,Tiruchirappalli Central,Apartment,2,1350,1,10,10,12,Semi-Furnished,0,2,19696323
Tamil Nadu,Tiruchirappalli,Tiruchirappalli Central,Apartment,1,780,2,1,19,2,Semi-Furnished,0,3,11553722
Tamil Nadu,Tiruchirappalli,Tiruchirappalli Central,Independent House,1,1990,2,0,13,6,Unfurnished,1,3,25132585
Tamil Nadu,Tiruchirappalli,Tiruchirappalli Central,Apartment,2,880,2,9,14,0,Unfurnished,0,1,13880637
Tamil Nadu,Tiruchirappalli,Tiruchirappalli Central,Independent House,4,1440,5,13,19,7,Furnished,1,3,25824578
Tamil Nadu,Tiruchirappalli,Tiruchirappalli Central,Independent House,2,800,3,10,20,22,Semi-Furnished,0,1,10365705
Tamil Nadu,Tiruchirappalli,Tiruchirappalli Central,Independent House,3,2120,2,9,13,6,Semi-Furnished,0,2,37241681
Tamil Nadu,Tiruchirappalli,Tiruchirappalli Central,Apartment,2,1110,1,14,14,23,Semi-Furnished,1,0,13817898
Tamil Nadu,Tiruchirappalli,Tiruchirappalli Central,Villa,5,1240,4,1,17,2,Furnished,1,0,19020534
Tamil Nadu,Tiruchirappalli,Tiruchirappalli Central,Independent House,5,1020,5,8,19,16,Semi-Furnished,2,2,17036780
Tamil Nadu,Tiruchirappalli,Tiruchirappalli Central,Apartment,1,800,2,6,6,21,Unfurnished,2,3,11645694
Tamil Nadu,Tiruchirappalli,Tiruchirappalli Central,Apartment,3,3110,4,2,16,4,Semi-Furnished,2,1,51991204
Tamil Nadu,Tiruchirappalli,Tiruchirappalli Central,Independent House,4,1150,5,0,5,7,Semi-Furnished,2,1,18662318
Tamil Nadu,Tiruchirappalli,Tiruchirappalli Central,Independent House,5,760,5,12,18,15,Semi-Furnished,0,2,10792986
Tamil Nadu,Tiruchirappalli,Tiruchirappalli Central,Apartment,3,920,4,15,15,11,Furnished,2,1,12071719
Tamil Nadu,Tiruchirappalli,Tiruchirappalli Central,Independent House,4,1860,3,8,18,8,Unfurnished,1,3,24244242
Tamil Nadu,Tiruchirappalli,Tiruchirappalli Central,Villa,4,2090,5,13,14,17,Semi-Furnished,0,2,37189053
Tamil Nadu,Salem,Salem Central,Apartment,5,2280,4,5,18,2,Semi-Furnished,2,0,37120376
Tamil Nadu,Salem,Salem Central,Villa,5,560,4,13,13,17,Semi-Furnished,1,3,9356009
Tamil Nadu,Salem,Salem Central,Independent House,3,1830,4,9,15,21,Unfurnished,2,2,25990125
Tamil Nadu,Salem,Salem Central,Apartment,3,1250,4,2,19,8,Semi-Furnished,2,3,17865543
Tamil Nadu,Salem,Salem Central,Apartment,1,1310,1,6,15,3,Unfurnished,0,2,17221437
Tamil Nadu,Salem,Salem Central,Apartment,1,990,2,11,12,22,Semi-Furnished,0,0,15929585
Tamil Nadu,Salem,Salem Central,Apartment,1,710,1,7,7,5,Unfurnished,1,0,10101376
Tamil Nadu,Salem,Salem Central,Apartment,2,2680,1,9,9,13,Semi-Furnished,0,1,29106092
Tamil Nadu,Salem,Salem Central,Apartment,2,2110,3,9,18,2,Furnished,2,3,29555232
Tamil Nadu,Salem,Salem Central,Independent House,5,2820,5,3,15,6,Unfurnished,1,2,47703612
Tamil Nadu,Salem,Salem Central,Apartment,4,1320,3,9,9,1,Unfurnished,1,1,17116682
Tamil Nadu,Salem,Salem Central,Apartment,3,900,2,5,5,4,Semi-Furnished,1,3,13240558
Tamil Nadu,Salem,Salem Central,Independent House,3,1310,3,9,9,23,Semi-Furnished,2,2,11233848
Tamil Nadu,Salem,Salem Central,Villa,5,1670,5,12,12,18,Semi-Furnished,2,2,31991126
Tamil Nadu,Salem,Salem Central,Apartment,3,3000,2,7,17,14,Unfurnished,0,1,47717806
Tamil Nadu,Salem,Salem Central,Independent House,4,1410,3,3,5,9,Semi-Furnished,2,2,22215544
Tamil Nadu,Salem,Salem Central,Apartment,4,2440,5,0,2,16,Unfurnished,0,2,38704122
Tamil Nadu,Salem,Salem Central,Independent House,2,1420,3,2,10,12,Furnished,0,0,21122504
Tamil Nadu,Tiruppur,Tiruppur Central,Independent House,2,2720,3,12,14,15,Semi-Furnished,0,1,31158541
Tamil Nadu,Tiruppur,Tiruppur Central,Apartment,1,1190,1,3,18,4,Semi-Furnished,1,1,13713175
Tamil Nadu,Tiruppur,Tiruppur Central,Apartment,5,550,5,3,19,0,Semi-Furnished,0,2,7421493
Tamil Nadu,Tiruppur,Tiruppur Central,Apartment,5,2420,4,1,9,17,Unfurnished,2,3,42897227
Tamil Nadu,Tiruppur,Tiruppur Central,Apartment,5,1750,4,8,8,12,Furnished,2,2,27062417
Tamil Nadu,Tiruppur,Tiruppur Central,Villa,2,890,1,13,15,24,Unfurnished,1,0,13700011
Tamil Nadu,Tiruppur,Tiruppur Central,Apartment,3,2100,3,14,18,5,Unfurnished,1,2,26101749
Tamil Nadu,Tiruppur,Tiruppur Central,Apartment,5,1640,4,13,13,24,Semi-Furnished,2,1,22515979
Tamil Nadu,Tiruppur,Tiruppur Central,Apartment,4,3010,5,6,6,2,Semi-Furnished,1,2,44303891
Tamil Nadu,Tiruppur,Tiruppur Central,Apartment,3,740,3,10,13,16,Semi-Furnished,1,0,10382203
Tamil Nadu,Tiruppur,Tiruppur Central,Independent House,1,2170,2,8,17,24,Semi-Furnished,0,1,25999217
Tamil Nadu,Tiruppur,Tiruppur Central,Apartment,1,2160,1,10,17,6,Unfurnished,1,3,34343559
Tamil Nadu,Tiruppur,Tiruppur Central,Independent House,2,1350,2,7,8,25,Semi-Furnished,1,0,21622241
Tamil Nadu,Tiruppur,Tiruppur Central,Apartment,4,2290,3,8,13,9,Semi-Furnished,0,0,33914133
Tamil Nadu,Tiruppur,Tiruppur Central,Apartment,3,3080,3,12,20,16,Semi-Furnished,2,1,44266015
Tamil Nadu,Tiruppur,Tiruppur Central,Apartment,4,1540,5,8,8,21,Unfurnished,0,2,20406828
Tamil Nadu,Tiruppur,Tiruppur Central,Independent House,3,1530,2,15,15,0,Unfurnished,0,0,22338672
Tamil Nadu,Tiruppur,Tiruppur Central,Apartment,5,1640,5,0,15,4,Unfurnished,1,2,25293848
Tamil Nadu,Erode,Erode Central,Independent House,4,2040,4,6,18,21,Semi-Furnished,1,1,30849328
Tamil Nadu,Erode,Erode Central,Apartment,3,2610,2,9,11,5,Unfurnished,0,2,35785422
Tamil Nadu,Erode,Erode Central,Apartment,3,970,2,14,14,22,Unfurnished,1,3,11137321
Tamil Nadu,Erode,Erode Central,Apartment,1,1330,1,13,13,19,Semi-Furnished,2,3,18296988
Tamil Nadu,Erode,Erode Central,Independent House,3,1820,2,15,15,2,Furnished,0,3,26022574
Tamil Nadu,Erode,Erode Central,Apartment,1,2400,1,4,11,3,Unfurnished,1,2,34993880
Tamil Nadu,Erode,Erode Central,Independent House,5,2360,4,8,14,19,Unfurnished,1,0,37199450
Tamil Nadu,Erode,Erode Central,Independent House,4,1570,5,1,15,17,Unfurnished,2,0,20786821
Tamil Nadu,Erode,Erode Central,Villa,1,1550,2,8,8,11,Furnished,1,0,22985798
Tamil Nadu,Erode,Erode Central,Villa,5,1310,5,3,8,4,Unfurnished,2,3,20606785
Tamil Nadu,Erode,Erode Central,Apartment,2,3030,2,6,16,25,Furnished,2,3,44027527
Tamil Nadu,Erode,Erode Central,Apartment,2,1880,1,1,20,19,Furnished,0,2,20278807
Tamil Nadu,Erode,Erode Central,Independent House,4,1490,5,9,15,17,Semi-Furnished,1,2,25336505
Tamil Nadu,Erode,Erode Central,Apartment,1,1580,2,9,15,13,Unfurnished,2,3,18657837
Tamil Nadu,Erode,Erode Central,Apartment,5,1270,4,9,20,7,Furnished,1,3,23821138
Tamil Nadu,Erode,Erode Central,Villa,5,2830,4,4,8,8,Semi-Furnished,1,2,41939201
Tamil Nadu,Erode,Erode Central,Independent House,2,1180,1,4,13,0,Furnished,0,0,15539226
Tamil Nadu,Erode,Erode Central,Apartment,4,850,3,3,7,19,Semi-Furnished,1,0,12953761
Tamil Nadu,Vellore,Vellore Central,Apartment,4,2260,3,9,16,19,Semi-Furnished,2,3,25962029
Tamil Nadu,Vellore,Vellore Central,Independent House,5,2430,5,9,9,10,Semi-Furnished,1,1,37877699
Tamil Nadu,Vellore,Vellore Central,Apartment,2,1590,3,7,20,18,Semi-Furnished,1,2,21409345
Tamil Nadu,Vellore,Vellore Central,Apartment,5,3090,5,10,10,12,Semi-Furnished,0,3,50851700
Tamil Nadu,Vellore,Vellore Central,Villa,1,2720,1,14,19,2,Unfurnished,2,0,29480670
Tamil Nadu,Vellore,Vellore Central,Apartment,5,2750,5,6,13,12,Semi-Furnished,1,2,37038192
Tamil Nadu,Vellore,Vellore Central,Apartment,5,3110,5,2,3,16,Unfurnished,1,2,47782785
Tamil Nadu,Vellore,Vellore Central,Apartment,1,1700,1,6,20,11,Semi-Furnished,1,2,22000116
Tamil Nadu,Vellore,Vellore Central,Independent House,3,1440,2,11,11,3,Semi-Furnished,0,1,19087319
Tamil Nadu,Vellore,Vellore Central,Apartment,5,2740,5,7,15,7,Furnished,0,3,33921554
Tamil Nadu,Vellore,Vellore Central,Independent House,2,1110,1,0,4,1,Semi-Furnished,0,3,16406828
Tamil Nadu,Vellore,Vellore Central,Independent House,5,1140,5,15,15,13,Unfurnished,2,0,14004940
Tamil Nadu,Vellore,Vellore Central,Independent House,5,2770,5,11,11,11,Unfurnished,0,2,34616086
Tamil Nadu,Vellore,Vellore Central,Apartment,5,2430,5,10,14,0,Semi-Furnished,1,2,34902923
Tamil Nadu,Vellore,Vellore Central,Independent House,4,1710,5,9,9,11,Semi-Furnished,0,2,24391109
Tamil Nadu,Vellore,Vellore Central,Independent House,5,2310,4,2,11,2,Furnished,2,3,31277869
Tamil Nadu,Vellore,Vellore Central,Villa,1,920,2,0,5,23,Unfurnished,2,2,11307009
Tamil Nadu,Vellore,Vellore Central,Independent House,3,2240,3,6,9,1,Unfurnished,1,3,33923066
Tamil Nadu,Thoothukudi,Thoothukudi Central,Apartment,4,1880,3,7,8,5,Semi-Furnished,0,2,34077777
Tamil Nadu,Thoothukudi,Thoothukudi Central,Apartment,5,2880,5,4,18,9,Unfurnished,2,1,40167119
Tamil Nadu,Thoothukudi,Thoothukudi Central,Apartment,1,960,2,15,15,25,Unfurnished,0,3,13939579
Tamil Nadu,Thoothukudi,Thoothukudi Central,Apartment,4,2460,4,15,15,15,Semi-Furnished,0,1,39541388
Tamil Nadu,Thoothukudi,Thoothukudi Central,Apartment,2,820,3,13,13,16,Semi-Furnished,2,3,12985483
Tamil Nadu,Thoothukudi,Thoothukudi Central,Apartment,4,920,4,3,17,24,Semi-Furnished,2,0,16933316
Tamil Nadu,Thoothukudi,Thoothukudi Central,Villa,2,640,3,10,20,15,Semi-Furnished,1,3,11278883
Tamil Nadu,Thoothukudi,Thoothukudi Central,Apartment,4,560,3,7,10,22,Semi-Furnished,1,2,9391092
Tamil Nadu,Thoothukudi,Thoothukudi Central,Villa,2,660,1,7,7,20,Semi-Furnished,1,0,8016573
Tamil Nadu,Thoothukudi,Thoothukudi Central,Apartment,2,1160,2,5,15,14,Unfurnished,2,2,17024850
Tamil Nadu,Thoothukudi,Thoothukudi Central,Apartment,1,1160,2,15,15,3,Furnished,1,1,20611704
Tamil Nadu,Thoothukudi,Thoothukudi Central,Apartment,2,2550,3,0,4,12,Unfurnished,1,0,34609454
Tamil Nadu,Thoothukudi,Thoothukudi Central,Apartment,5,1310,4,13,20,24,Unfurnished,0,1,23451404
Tamil Nadu,Thoothukudi,Thoothukudi Central,Apartment,2,2350,2,10,14,0,Semi-Furnished,2,0,36070935
Tamil Nadu,Thoothukudi,Thoothukudi Central,Apartment,5,1520,5,0,8,15,Semi-Furnished,0,1,23256199
Tamil Nadu,Thoothukudi,Thoothukudi Central,Independent House,5,1650,4,7,20,9,Semi-Furnished,0,2,28134526
Tamil Nadu,Thoothukudi,Thoothukudi Central,Apartment,5,3060,4,8,8,1,Unfurnished,1,1,54358143
Tamil Nadu,Thoothukudi,Thoothukudi Central,Independent House,4,2750,3,3,3,4,Unfurnished,1,0,52281936
Tamil Nadu,Thanjavur,Thanjavur Central,Apartment,4,1860,3,2,17,25,Semi-Furnished,2,0,30934527
Tamil Nadu,Thanjavur,Thanjavur Central,Apartment,2,2230,2,3,10,20,Furnished,0,1,37632501
Tamil Nadu,Thanjavur,Thanjavur Central,Independent House,4,2790,5,1,16,20,Unfurnished,1,1,47194813
Tamil Nadu,Thanjavur,Thanjavur Central,Apartment,2,1530,1,6,11,10,Semi-Furnished,1,3,21400069
Tamil Nadu,Thanjavur,Thanjavur Central,Apartment,3,1010,3,14,20,15,Semi-Furnished,0,2,12666120
Tamil Nadu,Thanjavur,Thanjavur Central,Independent House,4,1980,5,3,7,21,Furnished,1,2,27914254
Tamil Nadu,Thanjavur,Thanjavur Central,Villa,4,2530,5,5,17,15,Unfurnished,2,0,43817930
Tamil Nadu,Thanjavur,Thanjavur Central,Apartment,5,2350,5,11,14,1,Semi-Furnished,0,2,38621547
Tamil Nadu,Thanjavur,Thanjavur Central,Apartment,2,2420,2,15,15,15,Semi-Furnished,1,1,31108734
Tamil Nadu,Thanjavur,Thanjavur Central,Apartment,1,2960,2,2,20,0,Semi-Furnished,0,2,48389237
Tamil Nadu,Thanjavur,Thanjavur Central,Independent House,4,2240,5,10,19,25,Unfurnished,0,3,33316469
Tamil Nadu,Thanjavur,Thanjavur Central,Independent House,5,3160,5,9,9,18,Furnished,1,3,44848544
Tamil Nadu,Thanjavur,Thanjavur Central,Independent House,1,2850,2,7,16,21,Semi-Furnished,0,1,33574611
Tamil Nadu,Thanjavur,Thanjavur Central,Independent House,5,850,5,3,5,18,Semi-Furnished,2,2,14207764
Tamil Nadu,Thanjavur,Thanjavur Central,Apartment,2,3180,3,11,11,16,Furnished,1,0,41673316
Tamil Nadu,Thanjavur,Thanjavur Central,Apartment,1,2470,1,14,14,18,Semi-Furnished,1,1,33803589
Tamil Nadu,Thanjavur,Thanjavur Central,Apartment,4,2990,3,6,6,3,Unfurnished,1,3,48884923
Tamil Nadu,Thanjavur,Thanjavur Central,Independent House,3,1070,4,4,6,9,Unfurnished,0,3,15747572
Tamil Nadu,Hosur,Hosur Central,Independent House,1,3050,1,9,9,22,Unfurnished,1,3,33874671
Tamil Nadu,Hosur,Hosur Central,Independent House,1,550,1,3,7,6,Unfurnished,0,0,7150995
Tamil Nadu,Hosur,Hosur Central,Apartment,1,2760,1,11,11,0,Semi-Furnished,1,2,45904654
Tamil Nadu,Hosur,Hosur Central,Independent House,5,2750,5,5,17,19,Semi-Furnished,0,2,42452065
Tamil Nadu,Hosur,Hosur Central,Apartment,3,760,2,14,19,18,Unfurnished,1,3,11475098
Tamil Nadu,Hosur,Hosur Central,Apartment,2,3040,3,7,15,13,Furnished,1,2,46058441
Tamil Nadu,Hosur,Hosur Central,Apartment,5,1190,5,11,11,16,Unfurnished,1,1,18696937
Tamil Nadu,Hosur,Hosur Central,Independent House,3,3030,3,0,11,21,Semi-Furnished,0,0,42816461
Tamil Nadu,Hosur,Hosur Central,Apartment,4,2840,5,5,17,15,Furnished,0,0,46572582
Tamil Nadu,Hosur,Hosur Central,Apartment,3,2660,4,10,10,10,Unfurnished,0,1,46552924
Tamil Nadu,Hosur,Hosur Central,Apartment,1,2210,1,11,11,24,Semi-Furnished,1,1,26474161
Tamil Nadu,Hosur,Hosur Central,Independent House,5,2900,4,12,13,18,Furnished,0,3,58521411
Tamil Nadu,Hosur,Hosur Central,Apartment,1,730,2,14,14,9,Semi-Furnished,0,0,9619788
Tamil Nadu,Hosur,Hosur Central,Apartment,5,1030,5,14,14,14,Furnished,2,1,16938970
Tamil Nadu,Hosur,Hosur Central,Independent House,5,1040,4,1,2,12,Unfurnished,1,3,17239403
Tamil Nadu,Hosur,Hosur Central,Apartment,4,2290,3,10,14,7,Semi-Furnished,2,1,35201922
Tamil Nadu,Hosur,Hosur Central,Apartment,1,2620,1,9,15,2,Semi-Furnished,2,0,35898658
Tamil Nadu,Hosur,Hosur Central,Villa,2,1840,3,13,13,19,Unfurnished,0,2,25636610
Telangana,Hyderabad,Hyderabad Central,Independent House,1,2730,1,9,20,8,Furnished,2,0,33909649
Telangana,Hyderabad,Hyderabad Central,Apartment,3,870,3,6,6,1,Semi-Furnished,0,0,11913940
Telangana,Hyderabad,Hyderabad Central,Independent House,1,2970,1,4,8,18,Semi-Furnished,2,0,39516602
Telangana,Hyderabad,Hyderabad Central,Apartment,4,1760,5,2,17,3,Semi-Furnished,0,3,25342745
Telangana,Hyderabad,Hyderabad Central,Apartment,1,3010,1,8,8,14,Semi-Furnished,2,3,35472301
Telangana,Hyderabad,Hyderabad Central,Apartment,5,2660,5,11,11,5,Unfurnished,2,3,36220386
Telangana,Hyderabad,Hyderabad Central,Apartment,1,2900,1,1,16,17,Furnished,0,1,33737902
Telangana,Hyderabad,Hyderabad Central,Apartment,1,2880,2,12,12,16,Semi-Furnished,1,1,31656029
Telangana,Hyderabad,Hyderabad Central,Apartment,1,1100,2,10,10,4,Furnished,2,0,11237870
Telangana,Hyderabad,Hyderabad Central,Villa,2,960,3,1,16,2,Semi-Furnished,1,3,12942412
Telangana,Hyderabad,Hyderabad Central,Apartment,3,2050,4,11,15,14,Unfurnished,1,2,29428259
Telangana,Hyderabad,Hyderabad Central,Independent House,5,3070,4,12,12,22,Furnished,1,3,43471007
Telangana,Hyderabad,Hyderabad Central,Independent House,5,2520,5,2,14,24,Semi-Furnished,2,1,35054313
Telangana,Hyderabad,Hyderabad Central,Independent House,4,760,4,9,20,22,Furnished,1,0,8463509
Telangana,Hyderabad,Hyderabad Central,Apartment,5,2070,4,0,19,10,Semi-Furnished,2,1,25604106
Telangana,Hyderabad,Hyderabad Central,Apartment,5,2920,5,12,20,14,Unfurnished,0,0,41863486
Telangana,Hyderabad,Hyderabad Central,Independent House,1,3140,2,2,10,15,Unfurnished,1,3,30266121
Telangana,Hyderabad,Hyderabad Central,Independent House,3,1060,2,14,18,22,Unfurnished,1,1,13190429
Telangana,Warangal,Warangal Central,Independent House,3,3090,4,13,13,14,Furnished,1,1,53802310
Telangana,Warangal,Warangal Central,Independent House,5,1810,5,8,8,24,Unfurnished,0,3,23801384
Telangana,Warangal,Warangal Central,Apartment,2,1330,2,12,12,5,Semi-Furnished,1,2,22796904
Telangana,Warangal,Warangal Central,Apartment,5,1910,4,4,18,7,Semi-Furnished,2,3,36114502
Telangana,Warangal,Warangal Central,Apartment,5,1860,5,8,20,11,Semi-Furnished,2,0,29189329
Telangana,Warangal,Warangal Central,Apartment,5,1900,5,6,6,5,Semi-Furnished,2,2,32540493
Telangana,Warangal,Warangal Central,Independent House,4,1420,5,0,20,0,Semi-Furnished,1,3,23199952
Telangana,Warangal,Warangal Central,Independent House,5,2110,5,3,10,4,Furnished,2,0,26660811
Telangana,Warangal,Warangal Central,Apartment,4,2630,4,7,14,20,Semi-Furnished,2,0,39910045
Telangana,Warangal,Warangal Central,Apartment,3,900,3,8,14,18,Unfurnished,2,0,14182514
Telangana,Warangal,Warangal Central,Apartment,5,2120,4,5,8,25,Semi-Furnished,0,2,44060615
Telangana,Warangal,Warangal Central,Villa,4,1700,4,9,16,19,Semi-Furnished,2,2,26381085
Telangana,Warangal,Warangal Central,Villa,3,3020,2,4,13,23,Semi-Furnished,2,1,45731905
Telangana,Warangal,Warangal Central,Independent House,5,720,5,2,6,21,Furnished,0,1,9388465
Telangana,Warangal,Warangal Central,Villa,3,1160,3,0,10,9,Furnished,2,1,22369258
Telangana,Warangal,Warangal Central,Apartment,1,2170,2,15,15,11,Unfurnished,2,3,33454861
Telangana,Warangal,Warangal Central,Apartment,1,3060,1,1,19,13,Semi-Furnished,1,1,37817521
Telangana,Warangal,Warangal Central,Apartment,1,1010,1,1,17,6,Semi-Furnished,0,3,18018628
Telangana,Nizamabad,Nizamabad Central,Apartment,2,1960,3,8,16,21,Furnished,1,2,24555690
Telangana,Nizamabad,Nizamabad Central,Villa,4,1080,4,13,13,9,Semi-Furnished,0,1,15915369
Telangana,Nizamabad,Nizamabad Central,Independent House,2,1400,1,10,10,23,Semi-Furnished,0,1,22008400
Telangana,Nizamabad,Nizamabad Central,Villa,1,2990,2,11,11,23,Furnished,1,1,46579554
Telangana,Nizamabad,Nizamabad Central,Apartment,2,590,3,6,14,15,Semi-Furnished,1,3,8161190
Telangana,Nizamabad,Nizamabad Central,Apartment,3,2130,2,3,11,23,Semi-Furnished,2,3,26162749
Telangana,Nizamabad,Nizamabad Central,Apartment,5,1430,5,13,13,1,Semi-Furnished,2,3,21729192
Telangana,Nizamabad,Nizamabad Central,Independent House,2,1340,3,12,12,16,Semi-Furnished,0,1,19903118
Telangana,Nizamabad,Nizamabad Central,Villa,4,2320,5,15,15,10,Semi-Furnished,1,2,30008707
Telangana,Nizamabad,Nizamabad Central,Villa,2,2290,1,8,18,21,Semi-Furnished,1,1,27762113
Telangana,Nizamabad,Nizamabad Central,Apartment,3,2370,4,15,16,20,Semi-Furnished,2,3,31568125
Telangana,Nizamabad,Nizamabad Central,Apartment,3,1250,3,5,11,22,Unfurnished,2,2,17897946
Telangana,Nizamabad,Nizamabad Central,Apartment,4,1530,5,13,13,14,Semi-Furnished,1,3,19423195
Telangana,Nizamabad,Nizamabad Central,Independent House,4,1250,4,5,16,9,Semi-Furnished,1,1,21248422
Telangana,Nizamabad,Nizamabad Central,Apartment,4,3170,3,5,20,8,Unfurnished,0,0,47238908
Telangana,Nizamabad,Nizamabad Central,Villa,5,2560,5,3,13,25,Unfurnished,2,2,41483131
Telangana,Nizamabad,Nizamabad Central,Apartment,4,2930,4,8,8,7,Unfurnished,1,3,43194571
Telangana,Nizamabad,Nizamabad Central,Villa,4,2950,3,0,3,24,Furnished,0,0,46534179
Telangana,Karimnagar,Karimnagar Central,Independent House,2,750,1,14,16,2,Furnished,0,3,8541837
Telangana,Karimnagar,Karimnagar Central,Independent House,3,2610,3,2,12,15,Semi-Furnished,0,3,29287251
Telangana,Karimnagar,Karimnagar Central,Apartment,3,2190,3,2,20,3,Semi-Furnished,1,1,26957221
Telangana,Karimnagar,Karimnagar Central,Independent House,1,2050,2,7,8,5,Unfurnished,2,2,24469299
Telangana,Karimnagar,Karimnagar Central,Apartment,2,1880,1,15,19,6,Furnished,1,2,29235287
Telangana,Karimnagar,Karimnagar Central,Villa,4,3170,4,12,12,23,Unfurnished,0,2,40379341
Telangana,Karimnagar,Karimnagar Central,Apartment,1,1010,1,7,16,21,Furnished,1,3,13396693
Telangana,Karimnagar,Karimnagar Central,Apartment,5,2870,5,1,13,10,Semi-Furnished,1,1,41253144
Telangana,Karimnagar,Karimnagar Central,Apartment,4,2620,5,4,8,25,Furnished,1,0,34942663
Telangana,Karimnagar,Karimnagar Central,Independent House,4,1860,3,1,11,15,Semi-Furnished,1,3,21192741
Telangana,Karimnagar,Karimnagar Central,Apartment,1,1730,1,6,9,18,Semi-Furnished,0,2,21385767
Telangana,Karimnagar,Karimnagar Central,Apartment,4,2150,3,15,17,1,Semi-Furnished,1,2,30462571
Telangana,Karimnagar,Karimnagar Central,Apartment,5,2330,5,11,11,2,Unfurnished,1,0,38195029
Telangana,Karimnagar,Karimnagar Central,Apartment,3,2630,2,11,11,9,Unfurnished,2,0,34105141
Telangana,Karimnagar,Karimnagar Central,Apartment,1,1280,2,5,10,22,Unfurnished,2,0,12352864
Telangana,Karimnagar,Karimnagar Central,Villa,2,1610,3,15,15,18,Semi-Furnished,2,1,23491016
Telangana,Karimnagar,Karimnagar Central,Independent House,5,2660,4,13,13,18,Semi-Furnished,1,1,27665831
Telangana,Karimnagar,Karimnagar Central,Apartment,2,2330,2,15,18,0,Unfurnished,0,1,36196742
Telangana,Khammam,Khammam Central,Independent House,2,1840,2,1,11,24,Unfurnished,1,2,27257018
Telangana,Khammam,Khammam Central,Apartment,4,2520,3,9,18,16,Furnished,2,0,36612094
Telangana,Khammam,Khammam Central,Apartment,1,560,2,13,13,19,Semi-Furnished,0,1,6063258
Telangana,Khammam,Khammam Central,Apartment,4,650,3,10,10,15,Semi-Furnished,2,2,8996134
Telangana,Khammam,Khammam Central,Apartment,1,2220,2,13,13,9,Semi-Furnished,1,0,29743734
Telangana,Khammam,Khammam Central,Villa,3,2890,4,5,14,10,Semi-Furnished,2,0,53588632
Telangana,Khammam,Khammam Central,Independent House,4,2080,3,6,19,22,Semi-Furnished,2,3,27939155
Telangana,Khammam,Khammam Central,Independent House,3,1990,3,5,5,20,Unfurnished,2,3,24729567
Telangana,Khammam,Khammam Central,Apartment,4,3080,3,5,5,4,Furnished,2,1,51088251
Telangana,Khammam,Khammam Central,Apartment,3,2880,3,10,10,5,Semi-Furnished,0,2,45094642
Telangana,Khammam,Khammam Central,Apartment,1,2140,1,7,19,23,Unfurnished,0,1,30539996
Telangana,Khammam,Khammam Central,Independent House,4,1540,5,2,13,15,Unfurnished,1,1,22179039
Telangana,Khammam,Khammam Central,Independent House,5,3190,5,7,8,2,Semi-Furnished,0,2,56928464
Telangana,Khammam,Khammam Central,Apartment,5,1150,5,13,18,5,Unfurnished,0,0,17159105
Telangana,Khammam,Khammam Central,Villa,5,1530,5,15,17,4,Semi-Furnished,1,1,17937238
Telangana,Khammam,Khammam Central,Independent House,5,2490,5,4,5,22,Semi-Furnished,0,1,37829967
Telangana,Khammam,Khammam Central,Apartment,1,2010,2,1,18,24,Furnished,2,1,24453341
Telangana,Khammam,Khammam Central,Independent House,3,1340,3,3,6,1,Semi-Furnished,1,2,13799264
Telangana,Nalgonda,Nalgonda Central,Apartment,2,2400,2,7,12,13,Semi-Furnished,0,3,21025433
Telangana,Nalgonda,Nalgonda Central,Apartment,4,3160,5,14,14,22,Semi-Furnished,2,0,31529200
Telangana,Nalgonda,Nalgonda Central,Apartment,1,2540,1,9,9,8,Semi-Furnished,2,3,31333381
Telangana,Nalgonda,Nalgonda Central,Apartment,2,2590,3,11,11,6,Semi-Furnished,2,0,33119635
Telangana,Nalgonda,Nalgonda Central,Apartment,4,1140,5,8,8,8,Unfurnished,0,3,13765699
Telangana,Nalgonda,Nalgonda Central,Villa,3,2450,2,11,11,1,Semi-Furnished,2,2,26624260
Telangana,Nalgonda,Nalgonda Central,Apartment,5,2470,4,13,13,19,Unfurnished,1,3,26113998
Telangana,Nalgonda,Nalgonda Central,Apartment,1,2800,2,11,11,9,Unfurnished,1,0,31168357
Telangana,Nalgonda,Nalgonda Central,Independent House,3,1880,3,5,18,24,Unfurnished,0,2,25505638
Telangana,Nalgonda,Nalgonda Central,Villa,5,1980,4,10,18,21,Semi-Furnished,2,3,26693174
Telangana,Nalgonda,Nalgonda Central,Apartment,4,2480,4,4,10,3,Furnished,0,3,35188372
Telangana,Nalgonda,Nalgonda Central,Apartment,5,820,5,13,15,25,Unfurnished,2,0,9570127
Telangana,Nalgonda,Nalgonda Central,Apartment,2,1740,2,10,12,2,Unfurnished,0,1,23327659
Telangana,Nalgonda,Nalgonda Central,Apartment,5,1770,4,3,3,11,Semi-Furnished,0,1,22349889
Telangana,Nalgonda,Nalgonda Central,Independent House,3,1810,4,15,15,24,Semi-Furnished,1,1,19955526
Telangana,Nalgonda,Nalgonda Central,Apartment,2,2720,2,13,16,8,Semi-Furnished,2,2,29998256
Telangana,Nalgonda,Nalgonda Central,Villa,1,2990,1,13,19,15,Semi-Furnished,1,3,37410044
Telangana,Nalgonda,Nalgonda Central,Apartment,4,2670,3,11,13,7,Semi-Furnished,0,0,34917734
Tripura,Agartala,Agartala Central,Apartment,1,3130,2,9,9,6,Semi-Furnished,0,1,43306877
Tripura,Agartala,Agartala Central,Apartment,3,3190,2,11,11,6,Semi-Furnished,2,0,41784305
Tripura,Agartala,Agartala Central,Independent House,1,1670,1,3,11,16,Semi-Furnished,2,1,17628525
Tripura,Agartala,Agartala Central,Apartment,5,990,5,4,4,18,Furnished,0,3,13344543
Tripura,Agartala,Agartala Central,Apartment,3,2710,3,10,10,4,Semi-Furnished,0,2,30025040
Tripura,Agartala,Agartala Central,Apartment,3,2560,4,8,19,14,Semi-Furnished,2,2,29618226
Tripura,Agartala,Agartala Central,Apartment,3,1770,2,15,17,0,Unfurnished,1,2,24692464
Tripura,Agartala,Agartala Central,Independent House,5,840,4,6,19,4,Semi-Furnished,1,2,10588421
Tripura,Agartala,Agartala Central,Apartment,4,2400,5,3,5,12,Semi-Furnished,2,1,33472068
Tripura,Agartala,Agartala Central,Apartment,2,2210,3,8,16,11,Semi-Furnished,0,1,25532470
Tripura,Agartala,Agartala Central,Villa,2,1290,1,8,8,11,Furnished,1,2,18111674
Tripura,Agartala,Agartala Central,Apartment,4,630,3,12,12,24,Unfurnished,0,1,6186794
Tripura,Agartala,Agartala Central,Apartment,5,1920,5,12,20,20,Semi-Furnished,0,0,22750706
Tripura,Agartala,Agartala Central,Apartment,1,1060,1,6,20,10,Semi-Furnished,2,1,12909725
Tripura,Agartala,Agartala Central,Apartment,2,2640,1,2,9,20,Furnished,0,2,38056771
Tripura,Agartala,Agartala Central,Apartment,4,690,5,3,11,10,Semi-Furnished,1,1,11258191
Tripura,Agartala,Agartala Central,Apartment,2,1070,2,11,11,24,Semi-Furnished,0,3,14192830
Tripura,Agartala,Agartala Central,Independent House,2,1420,3,14,14,20,Semi-Furnished,0,3,19967792
Tripura,Udaipur,Udaipur Central,Independent House,5,1330,5,3,10,8,Semi-Furnished,0,3,22627601
Tripura,Udaipur,Udaipur Central,Independent House,3,2610,2,4,6,13,Semi-Furnished,1,2,36623449
Tripura,Udaipur,Udaipur Central,Apartment,1,1800,1,6,14,6,Semi-Furnished,0,1,22738998
Tripura,Udaipur,Udaipur Central,Apartment,3,2440,2,3,11,9,Semi-Furnished,1,3,27872813
Tripura,Udaipur,Udaipur Central,Apartment,4,1100,5,5,7,12,Furnished,2,3,15739610
Tripura,Udaipur,Udaipur Central,Independent House,4,2840,3,3,7,2,Semi-Furnished,2,1,41547720
Tripura,Udaipur,Udaipur Central,Apartment,1,3050,2,4,4,24,Semi-Furnished,0,1,41159570
Tripura,Udaipur,Udaipur Central,Apartment,5,2150,5,13,15,22,Semi-Furnished,0,0,33735841
Tripura,Udaipur,Udaipur Central,Independent House,4,3060,5,8,10,1,Semi-Furnished,1,3,48715662
Tripura,Udaipur,Udaipur Central,Independent House,5,2800,4,6,17,14,Semi-Furnished,2,1,39096586
Tripura,Udaipur,Udaipur Central,Apartment,3,3000,3,11,12,11,Unfurnished,2,2,46208520
Tripura,Udaipur,Udaipur Central,Independent House,1,640,1,6,6,17,Semi-Furnished,0,0,7846903
Tripura,Udaipur,Udaipur Central,Independent House,5,2680,5,5,18,9,Semi-Furnished,2,1,35329511
Tripura,Udaipur,Udaipur Central,Apartment,2,1670,3,10,17,14,Semi-Furnished,1,0,23489253
Tripura,Udaipur,Udaipur Central,Apartment,3,2250,4,14,19,6,Semi-Furnished,2,2,39945904
Tripura,Udaipur,Udaipur Central,Apartment,4,1230,3,3,17,21,Unfurnished,1,2,16249915
Tripura,Udaipur,Udaipur Central,Independent House,2,1000,1,7,7,24,Unfurnished,1,1,14310550
Tripura,Udaipur,Udaipur Central,Independent House,5,750,4,9,12,25,Unfurnished,2,2,10404504
Tripura,Dharmanagar,Dharmanagar Central,Apartment,1,1890,1,11,20,23,Semi-Furnished,2,1,16773744
Tripura,Dharmanagar,Dharmanagar Central,Independent House,5,3150,5,2,18,5,Semi-Furnished,2,2,37487050
Tripura,Dharmanagar,Dharmanagar Central,Villa,3,2630,3,14,14,2,Furnished,0,0,34030447
Tripura,Dharmanagar,Dharmanagar Central,Apartment,4,1400,4,5,20,19,Furnished,2,0,13169055
Tripura,Dharmanagar,Dharmanagar Central,Apartment,1,2830,1,4,17,2,Semi-Furnished,0,1,30693811
Tripura,Dharmanagar,Dharmanagar Central,Apartment,2,1220,2,15,15,10,Semi-Furnished,0,3,15306093
Tripura,Dharmanagar,Dharmanagar Central,Apartment,1,2840,1,9,11,16,Semi-Furnished,2,0,31306189
Tripura,Dharmanagar,Dharmanagar Central,Villa,5,2150,5,10,15,20,Furnished,0,3,29119292
Tripura,Dharmanagar,Dharmanagar Central,Independent House,4,790,3,8,19,20,Semi-Furnished,1,0,7504307
Tripura,Dharmanagar,Dharmanagar Central,Independent House,5,2590,5,11,11,10,Unfurnished,0,2,28838826
Tripura,Dharmanagar,Dharmanagar Central,Apartment,3,1180,3,13,13,24,Semi-Furnished,1,3,14906622
Tripura,Dharmanagar,Dharmanagar Central,Apartment,5,2360,5,3,12,11,Unfurnished,0,2,31577836
Tripura,Dharmanagar,Dharmanagar Central,Villa,1,2080,1,13,13,11,Unfurnished,0,3,21989447
Tripura,Dharmanagar,Dharmanagar Central,Apartment,1,990,1,12,15,23,Semi-Furnished,2,2,9571384
Tripura,Dharmanagar,Dharmanagar Central,Independent House,3,1630,4,1,3,4,Semi-Furnished,1,1,19232829
Tripura,Dharmanagar,Dharmanagar Central,Villa,2,2560,3,0,18,14,Semi-Furnished,2,1,26807405
Tripura,Dharmanagar,Dharmanagar Central,Independent House,3,1970,4,1,18,25,Unfurnished,0,3,24981156
Tripura,Dharmanagar,Dharmanagar Central,Independent House,4,1760,5,14,14,21,Semi-Furnished,1,3,19707909
Uttar Pradesh,Lucknow,Lucknow Central,Apartment,1,2100,2,14,14,0,Semi-Furnished,2,1,15317689
Uttar Pradesh,Lucknow,Lucknow Central,Apartment,2,1430,2,2,15,4,Unfurnished,0,1,11331889
Uttar Pradesh,Lucknow,Lucknow Central,Apartment,4,760,3,9,12,1,Furnished,0,1,7392754
Uttar Pradesh,Lucknow,Lucknow Central,Villa,3,840,4,14,14,25,Unfurnished,0,2,7322239
Uttar Pradesh,Lucknow,Lucknow Central,Apartment,1,880,2,15,17,24,Unfurnished,1,0,6599564
Uttar Pradesh,Lucknow,Lucknow Central,Apartment,2,2500,2,4,13,21,Semi-Furnished,0,3,16006575
Uttar Pradesh,Lucknow,Lucknow Central,Apartment,1,1610,2,14,14,3,Semi-Furnished,0,1,14809515
Uttar Pradesh,Lucknow,Lucknow Central,Apartment,3,2210,2,2,20,4,Furnished,1,1,22460388
Uttar Pradesh,Lucknow,Lucknow Central,Apartment,3,1520,3,15,15,11,Furnished,1,1,12149028
Uttar Pradesh,Lucknow,Lucknow Central,Apartment,5,620,5,5,14,15,Semi-Furnished,1,1,6074478
Uttar Pradesh,Lucknow,Lucknow Central,Apartment,1,2890,1,4,8,23,Furnished,1,1,18898318
Uttar Pradesh,Lucknow,Lucknow Central,Apartment,2,2110,3,4,4,17,Semi-Furnished,0,0,14619660
Uttar Pradesh,Lucknow,Lucknow Central,Apartment,3,1040,3,4,10,12,Unfurnished,0,2,7499673
Uttar Pradesh,Lucknow,Lucknow Central,Apartment,2,2600,1,8,19,5,Furnished,2,1,22542145
Uttar Pradesh,Lucknow,Lucknow Central,Apartment,5,2800,5,8,8,21,Unfurnished,1,3,19727197
Uttar Pradesh,Lucknow,Lucknow Central,Apartment,2,1340,1,3,18,4,Semi-Furnished,1,2,10622459
Uttar Pradesh,Lucknow,Lucknow Central,Apartment,1,1300,1,8,10,8,Unfurnished,1,3,11099368
Uttar Pradesh,Lucknow,Lucknow Central,Independent House,5,1810,5,15,15,12,Semi-Furnished,2,3,17336303
Uttar Pradesh,Noida,Noida Central,Apartment,1,1280,1,9,17,25,Semi-Furnished,1,1,9298606
Uttar Pradesh,Noida,Noida Central,Apartment,2,2120,2,11,12,22,Unfurnished,1,2,12979138
Uttar Pradesh,Noida,Noida Central,Apartment,2,1830,2,13,13,3,Unfurnished,0,1,15670427
Uttar Pradesh,Noida,Noida Central,Apartment,5,2680,4,10,10,20,Semi-Furnished,0,3,19157075
Uttar Pradesh,Noida,Noida Central,Villa,2,2810,1,1,15,13,Semi-Furnished,1,3,25344920
Uttar Pradesh,Noida,Noida Central,Independent House,4,940,4,4,10,19,Furnished,1,2,5220313
Uttar Pradesh,Noida,Noida Central,Apartment,1,1160,1,1,16,11,Unfurnished,1,2,7950893
Uttar Pradesh,Noida,Noida Central,Independent House,5,1050,4,0,4,12,Furnished,1,3,8702132
Uttar Pradesh,Noida,Noida Central,Apartment,5,2710,5,8,10,8,Semi-Furnished,2,0,25417255
Uttar Pradesh,Noida,Noida Central,Independent House,1,1760,1,11,11,11,Semi-Furnished,1,3,9685016
Uttar Pradesh,Noida,Noida Central,Villa,1,570,2,15,15,7,Semi-Furnished,2,2,4768198
Uttar Pradesh,Noida,Noida Central,Independent House,5,2890,4,12,12,10,Semi-Furnished,1,0,26080610
Uttar Pradesh,Noida,Noida Central,Independent House,3,3060,3,8,16,2,Unfurnished,0,1,23830212
Uttar Pradesh,Noida,Noida Central,Independent House,3,1930,4,12,19,25,Semi-Furnished,2,1,13786978
Uttar Pradesh,Noida,Noida Central,Villa,3,640,3,13,13,3,Furnished,1,1,5576163
Uttar Pradesh,Noida,Noida Central,Apartment,1,1430,2,7,16,3,Unfurnished,0,1,9956174
Uttar Pradesh,Noida,Noida Central,Apartment,4,1400,5,7,7,11,Furnished,1,1,12893429
Uttar Pradesh,Noida,Noida Central,Apartment,1,1690,1,2,15,24,Semi-Furnished,0,1,10833486
Uttar Pradesh,Ghaziabad,Ghaziabad Central,Independent House,1,1730,1,14,17,17,Furnished,2,0,11411519
Uttar Pradesh,Ghaziabad,Ghaziabad Central,Apartment,5,2750,5,12,16,4,Semi-Furnished,1,3,27445181
Uttar Pradesh,Ghaziabad,Ghaziabad Central,Independent House,3,980,4,7,7,12,Unfurnished,0,2,9002712
Uttar Pradesh,Ghaziabad,Ghaziabad Central,Apartment,1,2610,1,11,11,9,Semi-Furnished,1,1,18846993
Uttar Pradesh,Ghaziabad,Ghaziabad Central,Apartment,4,1440,5,2,13,7,Semi-Furnished,1,2,14291112
Uttar Pradesh,Ghaziabad,Ghaziabad Central,Apartment,1,1080,2,2,2,8,Furnished,1,2,8438342
Uttar Pradesh,Ghaziabad,Ghaziabad Central,Apartment,1,1630,1,3,3,24,Unfurnished,1,2,11922192
Uttar Pradesh,Ghaziabad,Ghaziabad Central,Independent House,2,670,3,12,12,0,Unfurnished,0,1,6360703
Uttar Pradesh,Ghaziabad,Ghaziabad Central,Villa,3,2820,3,1,20,6,Semi-Furnished,0,2,25100080
Uttar Pradesh,Ghaziabad,Ghaziabad Central,Apartment,4,2500,5,8,8,5,Unfurnished,1,1,24037865
Uttar Pradesh,Ghaziabad,Ghaziabad Central,Apartment,4,2460,3,2,17,9,Unfurnished,0,3,21984730
Uttar Pradesh,Ghaziabad,Ghaziabad Central,Independent House,1,1650,2,10,10,2,Furnished,2,0,13463944
Uttar Pradesh,Ghaziabad,Ghaziabad Central,Independent House,5,910,5,5,10,7,Semi-Furnished,0,3,7642023
Uttar Pradesh,Ghaziabad,Ghaziabad Central,Apartment,4,1480,5,11,14,1,Furnished,1,0,15199582
Uttar Pradesh,Ghaziabad,Ghaziabad Central,Apartment,3,2460,4,13,17,9,Semi-Furnished,2,1,16558474
Uttar Pradesh,Ghaziabad,Ghaziabad Central,Apartment,3,2900,3,3,3,23,Furnished,2,3,27119267
Uttar Pradesh,Ghaziabad,Ghaziabad Central,Independent House,3,660,4,9,19,17,Unfurnished,2,3,4710447
Uttar Pradesh,Ghaziabad,Ghaziabad Central,Independent House,2,880,1,4,5,21,Furnished,1,1,6127621
Uttar Pradesh,Kanpur,Kanpur Central,Apartment,1,1810,1,0,13,5,Semi-Furnished,1,1,13348159
Uttar Pradesh,Kanpur,Kanpur Central,Apartment,1,900,1,1,6,18,Semi-Furnished,0,3,5971992
Uttar Pradesh,Kanpur,Kanpur Central,Villa,1,1260,2,12,12,24,Semi-Furnished,1,1,8022184
Uttar Pradesh,Kanpur,Kanpur Central,Apartment,5,1900,5,14,16,2,Semi-Furnished,1,0,18490722
Uttar Pradesh,Kanpur,Kanpur Central,Apartment,1,2680,1,9,12,14,Unfurnished,2,2,19116233
Uttar Pradesh,Kanpur,Kanpur Central,Apartment,4,1640,4,11,20,18,Furnished,1,2,10722107
Uttar Pradesh,Kanpur,Kanpur Central,Apartment,1,2640,1,13,13,20,Furnished,0,0,18488263
Uttar Pradesh,Kanpur,Kanpur Central,Apartment,1,2100,1,14,14,13,Semi-Furnished,1,3,19712148
Uttar Pradesh,Kanpur,Kanpur Central,Apartment,3,590,3,7,7,12,Semi-Furnished,0,1,4389265
Uttar Pradesh,Kanpur,Kanpur Central,Apartment,5,1680,4,12,17,1,Unfurnished,0,2,14199896
Uttar Pradesh,Kanpur,Kanpur Central,Apartment,4,760,3,12,12,22,Semi-Furnished,1,3,5697927
Uttar Pradesh,Kanpur,Kanpur Central,Apartment,2,750,1,2,11,6,Unfurnished,0,0,6714816
Uttar Pradesh,Kanpur,Kanpur Central,Apartment,3,860,4,8,8,2,Furnished,2,1,9626943
Uttar Pradesh,Kanpur,Kanpur Central,Apartment,4,1920,4,1,7,12,Semi-Furnished,1,0,17591009
Uttar Pradesh,Kanpur,Kanpur Central,Villa,5,2180,5,14,18,18,Semi-Furnished,1,1,17485399
Uttar Pradesh,Kanpur,Kanpur Central,Apartment,3,2220,2,4,4,13,Semi-Furnished,1,0,18001200
Uttar Pradesh,Kanpur,Kanpur Central,Apartment,3,1770,2,1,20,24,Furnished,2,2,13638355
Uttar Pradesh,Kanpur,Kanpur Central,Independent House,1,1520,1,6,16,19,Semi-Furnished,2,1,11143618
Uttar Pradesh,Agra,Agra Central,Apartment,1,1680,1,4,18,23,Semi-Furnished,1,1,6624986
Uttar Pradesh,Agra,Agra Central,Apartment,5,1590,4,8,17,6,Unfurnished,1,0,12152551
Uttar Pradesh,Agra,Agra Central,Villa,3,1210,4,1,7,7,Furnished,1,1,5621363
Uttar Pradesh,Agra,Agra Central,Villa,5,2990,4,13,15,11,Furnished,1,3,24217859
Uttar Pradesh,Agra,Agra Central,Apartment,4,1330,4,1,10,16,Semi-Furnished,1,3,7816997
Uttar Pradesh,Agra,Agra Central,Apartment,3,960,2,12,14,18,Unfurnished,1,2,4411780
Uttar Pradesh,Agra,Agra Central,Apartment,5,1790,5,10,17,9,Furnished,0,2,15890911
Uttar Pradesh,Agra,Agra Central,Apartment,2,2750,1,12,12,21,Semi-Furnished,0,0,11608166
Uttar Pradesh,Agra,Agra Central,Villa,2,2670,2,10,10,2,Furnished,2,3,18948519
Uttar Pradesh,Agra,Agra Central,Villa,3,1300,4,4,17,11,Unfurnished,2,0,7586412
Uttar Pradesh,Agra,Agra Central,Independent House,1,2200,1,3,3,25,Semi-Furnished,2,3,8804849
Uttar Pradesh,Agra,Agra Central,Apartment,3,1820,4,0,14,9,Semi-Furnished,1,0,11993123
Uttar Pradesh,Agra,Agra Central,Apartment,4,3020,5,10,18,22,Semi-Furnished,0,3,14327910
Uttar Pradesh,Agra,Agra Central,Apartment,5,1780,4,7,13,10,Unfurnished,2,3,11225987
Uttar Pradesh,Agra,Agra Central,Apartment,3,1670,3,9,9,5,Unfurnished,1,3,9987387
Uttar Pradesh,Agra,Agra Central,Apartment,1,2550,1,10,19,2,Furnished,0,0,12088970
Uttar Pradesh,Agra,Agra Central,Apartment,4,1210,5,3,15,5,Semi-Furnished,2,3,8388272
Uttar Pradesh,Agra,Agra Central,Apartment,2,1340,3,4,4,8,Unfurnished,2,0,8992741
Uttar Pradesh,Varanasi,Varanasi Central,Apartment,1,2330,1,5,15,2,Unfurnished,0,1,12561379
Uttar Pradesh,Varanasi,Varanasi Central,Villa,2,2240,3,4,19,1,Semi-Furnished,2,2,16353348
Uttar Pradesh,Varanasi,Varanasi Central,Apartment,3,620,2,2,3,20,Furnished,2,0,4802269
Uttar Pradesh,Varanasi,Varanasi Central,Independent House,2,3080,2,2,19,4,Unfurnished,0,0,19837638
Uttar Pradesh,Varanasi,Varanasi Central,Independent House,1,1750,1,5,5,23,Semi-Furnished,0,0,7236937
Uttar Pradesh,Varanasi,Varanasi Central,Independent House,1,550,2,4,4,1,Unfurnished,0,3,3181776
Uttar Pradesh,Varanasi,Varanasi Central,Apartment,4,3000,3,1,16,2,Unfurnished,1,1,20374109
Uttar Pradesh,Varanasi,Varanasi Central,Apartment,5,630,5,1,4,1,Furnished,0,3,4785334
Uttar Pradesh,Varanasi,Varanasi Central,Apartment,1,2300,2,9,9,23,Unfurnished,1,1,11513070
Uttar Pradesh,Varanasi,Varanasi Central,Apartment,1,660,1,0,4,8,Unfurnished,2,2,3557292
Uttar Pradesh,Varanasi,Varanasi Central,Apartment,2,3000,3,1,13,21,Furnished,0,2,15768274
Uttar Pradesh,Varanasi,Varanasi Central,Apartment,1,2300,1,9,9,13,Unfurnished,0,2,11838492
Uttar Pradesh,Varanasi,Varanasi Central,Apartment,4,1130,5,15,15,15,Unfurnished,2,3,8415507
Uttar Pradesh,Varanasi,Varanasi Central,Independent House,3,2070,4,12,14,6,Furnished,2,3,11137049
Uttar Pradesh,Varanasi,Varanasi Central,Apartment,3,1250,2,15,20,21,Semi-Furnished,2,3,7143220
Uttar Pradesh,Varanasi,Varanasi Central,Independent House,2,2300,3,11,11,0,Unfurnished,1,1,15895888
Uttar Pradesh,Varanasi,Varanasi Central,Apartment,3,1130,2,13,19,17,Unfurnished,2,1,5753824
Uttar Pradesh,Varanasi,Varanasi Central,Independent House,1,720,2,8,11,5,Furnished,2,2,4667414
Uttar Pradesh,Prayagraj,Prayagraj Central,Apartment,5,1690,5,9,18,6,Unfurnished,0,0,18226699
Uttar Pradesh,Prayagraj,Prayagraj Central,Apartment,3,1070,3,12,17,17,Semi-Furnished,2,3,8543159
Uttar Pradesh,Prayagraj,Prayagraj Central,Apartment,3,1440,4,5,10,17,Unfurnished,1,3,11323939
Uttar Pradesh,Prayagraj,Prayagraj Central,Villa,3,730,4,3,14,2,Semi-Furnished,1,3,7043090
Uttar Pradesh,Prayagraj,Prayagraj Central,Apartment,4,2640,4,1,14,1,Furnished,2,1,18112254
Uttar Pradesh,Prayagraj,Prayagraj Central,Independent House,1,2710,1,5,13,19,Unfurnished,0,3,14033441
Uttar Pradesh,Prayagraj,Prayagraj Central,Apartment,1,2870,2,9,9,1,Semi-Furnished,1,2,24064160
Uttar Pradesh,Prayagraj,Prayagraj Central,Apartment,1,1990,1,11,11,9,Semi-Furnished,2,1,12511694
Uttar Pradesh,Prayagraj,Prayagraj Central,Independent House,2,2940,1,2,18,21,Unfurnished,2,2,25665103
Uttar Pradesh,Prayagraj,Prayagraj Central,Apartment,5,2850,5,9,9,9,Semi-Furnished,2,3,23352573
Uttar Pradesh,Prayagraj,Prayagraj Central,Apartment,4,1380,5,10,13,19,Semi-Furnished,2,2,11955143
Uttar Pradesh,Prayagraj,Prayagraj Central,Independent House,2,1200,3,3,9,21,Unfurnished,1,0,10622689
Uttar Pradesh,Prayagraj,Prayagraj Central,Apartment,2,2900,1,9,9,9,Semi-Furnished,2,1,23762670
Uttar Pradesh,Prayagraj,Prayagraj Central,Apartment,1,1630,2,9,9,1,Semi-Furnished,1,1,14696695
Uttar Pradesh,Prayagraj,Prayagraj Central,Apartment,3,2450,4,13,13,13,Semi-Furnished,2,0,23274836
Uttar Pradesh,Prayagraj,Prayagraj Central,Apartment,3,1280,4,0,15,19,Unfurnished,2,0,9350103
Uttar Pradesh,Prayagraj,Prayagraj Central,Apartment,5,2690,5,11,11,5,Semi-Furnished,1,2,26767418
Uttar Pradesh,Prayagraj,Prayagraj Central,Independent House,1,1610,2,0,6,4,Semi-Furnished,0,1,13885122
Uttar Pradesh,Meerut,Meerut Central,Independent House,1,2710,2,12,15,10,Unfurnished,2,3,17363052
Uttar Pradesh,Meerut,Meerut Central,Apartment,2,650,1,1,4,1,Semi-Furnished,0,2,4280397
Uttar Pradesh,Meerut,Meerut Central,Independent House,5,2810,5,4,17,21,Semi-Furnished,0,1,24086689
Uttar Pradesh,Meerut,Meerut Central,Apartment,2,2920,3,10,10,12,Unfurnished,2,0,16792191
Uttar Pradesh,Meerut,Meerut Central,Independent House,5,1640,4,4,17,0,Semi-Furnished,2,1,14623430
Uttar Pradesh,Meerut,Meerut Central,Apartment,5,1310,5,13,13,23,Semi-Furnished,0,1,9663010
Uttar Pradesh,Meerut,Meerut Central,Independent House,1,1820,1,14,14,25,Unfurnished,0,0,7477939
Uttar Pradesh,Meerut,Meerut Central,Apartment,5,2250,5,14,14,17,Furnished,0,3,19670196
Uttar Pradesh,Meerut,Meerut Central,Apartment,5,640,4,1,6,20,Unfurnished,2,1,4723880
Uttar Pradesh,Meerut,Meerut Central,Independent House,5,2410,5,8,9,25,Semi-Furnished,1,1,17963276
Uttar Pradesh,Meerut,Meerut Central,Independent House,3,1590,3,12,12,19,Semi-Furnished,2,0,11233642
Uttar Pradesh,Meerut,Meerut Central,Independent House,3,2470,4,11,16,8,Unfurnished,1,2,16596671
Uttar Pradesh,Meerut,Meerut Central,Independent House,5,2570,5,11,11,0,Semi-Furnished,2,2,19735395
Uttar Pradesh,Meerut,Meerut Central,Apartment,2,780,3,4,10,17,Semi-Furnished,0,3,3766197
Uttar Pradesh,Meerut,Meerut Central,Villa,5,2570,5,11,16,21,Semi-Furnished,2,1,24388627
Uttar Pradesh,Meerut,Meerut Central,Apartment,1,2210,1,10,10,8,Semi-Furnished,2,3,13348611
Uttar Pradesh,Meerut,Meerut Central,Apartment,3,1010,4,12,12,20,Semi-Furnished,2,0,7522677
Uttar Pradesh,Meerut,Meerut Central,Independent House,3,2580,4,3,17,2,Unfurnished,1,1,18389485
Uttar Pradesh,Bareilly,Bareilly Central,Villa,1,1270,2,3,16,12,Unfurnished,1,2,9354921
Uttar Pradesh,Bareilly,Bareilly Central,Apartment,3,1330,4,13,18,25,Unfurnished,2,2,9659041
Uttar Pradesh,Bareilly,Bareilly Central,Independent House,3,2140,3,13,13,0,Unfurnished,1,2,14072463
Uttar Pradesh,Bareilly,Bareilly Central,Independent House,5,1590,5,2,9,4,Semi-Furnished,1,0,12368441
Uttar Pradesh,Bareilly,Bareilly Central,Apartment,5,680,5,1,8,5,Furnished,0,1,6183510
Uttar Pradesh,Bareilly,Bareilly Central,Independent House,4,910,4,5,9,14,Semi-Furnished,1,3,7532760
Uttar Pradesh,Bareilly,Bareilly Central,Independent House,1,2740,1,10,17,7,Furnished,2,0,19036492
Uttar Pradesh,Bareilly,Bareilly Central,Apartment,3,2740,3,3,3,25,Semi-Furnished,0,1,19094446
Uttar Pradesh,Bareilly,Bareilly Central,Apartment,2,2250,2,2,19,16,Unfurnished,1,2,15950495
Uttar Pradesh,Bareilly,Bareilly Central,Apartment,4,2610,4,9,9,6,Semi-Furnished,2,2,25454675
Uttar Pradesh,Bareilly,Bareilly Central,Apartment,4,2980,4,2,2,18,Semi-Furnished,2,1,31035036
Uttar Pradesh,Bareilly,Bareilly Central,Apartment,1,2580,2,8,8,8,Semi-Furnished,0,2,20375454
Uttar Pradesh,Bareilly,Bareilly Central,Apartment,2,560,1,14,14,18,Unfurnished,1,1,4852930
Uttar Pradesh,Bareilly,Bareilly Central,Apartment,2,1700,1,4,6,9,Furnished,2,1,12630483
Uttar Pradesh,Bareilly,Bareilly Central,Apartment,5,1160,5,4,17,16,Semi-Furnished,0,3,9740922
Uttar Pradesh,Bareilly,Bareilly Central,Apartment,2,1730,3,15,16,20,Furnished,0,1,8601547
Uttar Pradesh,Bareilly,Bareilly Central,Apartment,5,970,5,10,11,22,Semi-Furnished,1,3,8076974
Uttar Pradesh,Bareilly,Bareilly Central,Apartment,2,710,2,10,15,11,Furnished,1,2,4625550
Uttar Pradesh,Gorakhpur,Gorakhpur Central,Independent House,5,1700,4,3,17,18,Semi-Furnished,2,1,13757824
Uttar Pradesh,Gorakhpur,Gorakhpur Central,Apartment,2,1420,2,13,13,13,Semi-Furnished,1,1,12035267
Uttar Pradesh,Gorakhpur,Gorakhpur Central,Independent House,4,1690,4,13,13,6,Semi-Furnished,1,1,15012324
Uttar Pradesh,Gorakhpur,Gorakhpur Central,Apartment,5,1930,5,4,4,14,Furnished,0,2,19378191
Uttar Pradesh,Gorakhpur,Gorakhpur Central,Apartment,5,2350,5,8,10,4,Semi-Furnished,2,2,21466291
Uttar Pradesh,Gorakhpur,Gorakhpur Central,Apartment,2,1040,3,3,4,10,Semi-Furnished,0,2,9722245
Uttar Pradesh,Gorakhpur,Gorakhpur Central,Apartment,1,2990,1,7,7,13,Unfurnished,0,2,20042516
Uttar Pradesh,Gorakhpur,Gorakhpur Central,Independent House,2,750,2,12,14,11,Semi-Furnished,0,1,5875133
Uttar Pradesh,Gorakhpur,Gorakhpur Central,Independent House,5,1820,5,1,10,8,Unfurnished,2,3,17518922
Uttar Pradesh,Gorakhpur,Gorakhpur Central,Apartment,3,1170,4,14,14,10,Semi-Furnished,1,3,10345035
Uttar Pradesh,Gorakhpur,Gorakhpur Central,Apartment,2,1590,3,2,2,12,Unfurnished,1,0,11459510
Uttar Pradesh,Gorakhpur,Gorakhpur Central,Villa,4,1940,4,12,19,24,Semi-Furnished,1,2,19129724
Uttar Pradesh,Gorakhpur,Gorakhpur Central,Apartment,4,2050,4,4,14,1,Furnished,2,1,16950930
Uttar Pradesh,Gorakhpur,Gorakhpur Central,Apartment,2,1140,2,10,11,6,Furnished,2,1,9885783
Uttar Pradesh,Gorakhpur,Gorakhpur Central,Independent House,1,1860,1,3,20,10,Furnished,1,1,12014996
Uttar Pradesh,Gorakhpur,Gorakhpur Central,Apartment,5,1320,4,14,14,22,Unfurnished,2,1,11698745
Uttar Pradesh,Gorakhpur,Gorakhpur Central,Independent House,1,2180,1,13,13,0,Unfurnished,0,3,15714236
Uttar Pradesh,Gorakhpur,Gorakhpur Central,Apartment,5,1450,5,2,15,18,Semi-Furnished,2,2,12913441
Uttar Pradesh,Mathura,Mathura Central,Apartment,5,2890,4,1,1,25,Unfurnished,1,3,20918248
Uttar Pradesh,Mathura,Mathura Central,Apartment,1,1120,1,12,12,17,Semi-Furnished,2,3,8871425
Uttar Pradesh,Mathura,Mathura Central,Independent House,5,1470,5,6,10,12,Unfurnished,0,3,11970992
Uttar Pradesh,Mathura,Mathura Central,Villa,4,2230,4,2,4,16,Semi-Furnished,2,1,21337389
Uttar Pradesh,Mathura,Mathura Central,Independent House,1,1850,1,4,20,4,Semi-Furnished,2,1,9747256
Uttar Pradesh,Mathura,Mathura Central,Apartment,4,2020,3,2,16,1,Unfurnished,2,2,17839208
Uttar Pradesh,Mathura,Mathura Central,Villa,3,3090,2,0,1,6,Unfurnished,1,2,23261745
Uttar Pradesh,Mathura,Mathura Central,Independent House,4,2880,5,11,14,6,Semi-Furnished,2,2,23552335
Uttar Pradesh,Mathura,Mathura Central,Apartment,3,2760,3,2,9,18,Semi-Furnished,2,1,18090180
Uttar Pradesh,Mathura,Mathura Central,Independent House,2,1570,1,10,10,24,Semi-Furnished,0,3,11618321
Uttar Pradesh,Mathura,Mathura Central,Apartment,4,2820,3,5,15,7,Semi-Furnished,1,2,23262067
Uttar Pradesh,Mathura,Mathura Central,Apartment,2,2580,3,8,17,5,Furnished,0,1,22112647
Uttar Pradesh,Mathura,Mathura Central,Villa,3,860,2,0,10,15,Semi-Furnished,2,3,8182972
Uttar Pradesh,Mathura,Mathura Central,Apartment,1,1170,1,11,11,5,Unfurnished,2,3,7290523
Uttar Pradesh,Mathura,Mathura Central,Apartment,3,2080,2,10,10,13,Semi-Furnished,1,1,18380044
Uttar Pradesh,Mathura,Mathura Central,Apartment,3,830,2,8,8,5,Unfurnished,2,0,7071620
Uttar Pradesh,Mathura,Mathura Central,Apartment,1,1740,1,9,9,12,Semi-Furnished,2,1,11591812
Uttar Pradesh,Mathura,Mathura Central,Villa,2,1500,1,6,6,8,Semi-Furnished,2,3,11440023
Uttar Pradesh,Aligarh,Aligarh Central,Villa,5,800,4,1,16,23,Unfurnished,1,2,5402953
Uttar Pradesh,Aligarh,Aligarh Central,Independent House,2,1510,1,13,13,13,Semi-Furnished,2,0,7718406
Uttar Pradesh,Aligarh,Aligarh Central,Apartment,5,2380,5,12,12,13,Semi-Furnished,1,0,17950124
Uttar Pradesh,Aligarh,Aligarh Central,Apartment,2,660,1,6,12,22,Unfurnished,1,2,3468281
Uttar Pradesh,Aligarh,Aligarh Central,Apartment,2,1630,2,12,17,8,Furnished,0,3,10637290
Uttar Pradesh,Aligarh,Aligarh Central,Apartment,4,2880,4,0,4,3,Semi-Furnished,1,1,20336663
Uttar Pradesh,Aligarh,Aligarh Central,Apartment,1,1930,1,11,11,8,Unfurnished,1,2,9779074
Uttar Pradesh,Aligarh,Aligarh Central,Apartment,2,1850,1,4,9,13,Unfurnished,2,2,9827109
Uttar Pradesh,Aligarh,Aligarh Central,Apartment,2,2980,2,10,10,3,Semi-Furnished,2,0,16577001
Uttar Pradesh,Aligarh,Aligarh Central,Independent House,4,2330,5,0,18,8,Furnished,0,0,16437395
Uttar Pradesh,Aligarh,Aligarh Central,Apartment,4,1590,4,8,16,2,Unfurnished,2,0,10569608
Uttar Pradesh,Aligarh,Aligarh Central,Apartment,4,560,5,15,18,18,Semi-Furnished,1,0,3403053
Uttar Pradesh,Aligarh,Aligarh Central,Villa,1,860,1,3,8,14,Furnished,1,2,4836784
Uttar Pradesh,Aligarh,Aligarh Central,Independent House,4,1130,3,14,14,2,Semi-Furnished,2,1,7262776
Uttar Pradesh,Aligarh,Aligarh Central,Apartment,4,2140,4,2,10,0,Semi-Furnished,0,2,14863110
Uttar Pradesh,Aligarh,Aligarh Central,Apartment,4,1740,3,15,15,15,Semi-Furnished,1,1,8509668
Uttar Pradesh,Aligarh,Aligarh Central,Apartment,1,2690,1,1,3,18,Semi-Furnished,1,3,12256181
Uttar Pradesh,Aligarh,Aligarh Central,Apartment,4,720,4,11,11,3,Semi-Furnished,2,3,5403240
Uttar Pradesh,Moradabad,Moradabad Central,Apartment,1,2950,1,8,8,7,Furnished,2,1,24949047
Uttar Pradesh,Moradabad,Moradabad Central,Apartment,3,2590,4,9,10,18,Semi-Furnished,0,1,17844127
Uttar Pradesh,Moradabad,Moradabad Central,Apartment,4,2780,4,14,16,8,Furnished,0,0,21110594
Uttar Pradesh,Moradabad,Moradabad Central,Independent House,2,650,2,7,8,6,Furnished,2,1,4831141
Uttar Pradesh,Moradabad,Moradabad Central,Villa,2,3160,3,6,6,6,Semi-Furnished,2,2,27631075
Uttar Pradesh,Moradabad,Moradabad Central,Apartment,4,1470,3,0,19,6,Semi-Furnished,2,2,11451050
Uttar Pradesh,Moradabad,Moradabad Central,Apartment,1,1170,2,8,8,14,Unfurnished,1,0,7588914
Uttar Pradesh,Moradabad,Moradabad Central,Apartment,5,2770,4,15,15,17,Semi-Furnished,0,2,21527415
Uttar Pradesh,Moradabad,Moradabad Central,Apartment,2,2600,1,6,6,7,Unfurnished,2,0,19912425
Uttar Pradesh,Moradabad,Moradabad Central,Independent House,4,1430,4,7,7,2,Semi-Furnished,1,3,11553237
Uttar Pradesh,Moradabad,Moradabad Central,Apartment,4,870,4,3,8,1,Furnished,2,0,8868891
Uttar Pradesh,Moradabad,Moradabad Central,Apartment,1,2430,1,11,11,14,Semi-Furnished,2,1,17432820
Uttar Pradesh,Moradabad,Moradabad Central,Independent House,5,2540,5,5,8,17,Semi-Furnished,0,2,25664878
Uttar Pradesh,Moradabad,Moradabad Central,Independent House,2,920,1,5,10,19,Semi-Furnished,2,1,6466275
Uttar Pradesh,Moradabad,Moradabad Central,Independent House,2,870,2,11,11,12,Semi-Furnished,1,0,5497457
Uttar Pradesh,Moradabad,Moradabad Central,Independent House,5,1630,5,13,13,1,Furnished,1,1,14213715
Uttar Pradesh,Moradabad,Moradabad Central,Apartment,1,1270,1,2,13,13,Semi-Furnished,0,1,7702677
Uttar Pradesh,Moradabad,Moradabad Central,Apartment,1,1500,2,2,7,10,Semi-Furnished,2,2,9780308
Uttarakhand,Dehradun,Dehradun Central,Villa,4,1900,4,6,7,0,Unfurnished,1,3,24096409
Uttarakhand,Dehradun,Dehradun Central,Apartment,1,2180,1,12,14,3,Furnished,1,1,21848395
Uttarakhand,Dehradun,Dehradun Central,Villa,4,2610,4,12,12,14,Semi-Furnished,0,1,39895456
Uttarakhand,Dehradun,Dehradun Central,Apartment,5,1400,4,10,17,11,Unfurnished,2,0,13315131
Uttarakhand,Dehradun,Dehradun Central,Apartment,4,2330,3,0,12,1,Furnished,1,1,24583123
Uttarakhand,Dehradun,Dehradun Central,Apartment,1,3060,2,13,13,24,Semi-Furnished,0,1,30167944
Uttarakhand,Dehradun,Dehradun Central,Independent House,2,2740,1,10,10,5,Furnished,1,0,31430522
Uttarakhand,Dehradun,Dehradun Central,Apartment,2,1000,3,12,12,11,Unfurnished,2,1,10529608
Uttarakhand,Dehradun,Dehradun Central,Independent House,4,1010,3,4,8,1,Furnished,2,3,11103295
Uttarakhand,Dehradun,Dehradun Central,Independent House,1,2730,2,3,19,9,Semi-Furnished,2,1,20792519
Uttarakhand,Dehradun,Dehradun Central,Villa,3,2470,2,1,18,2,Semi-Furnished,0,1,25501071
Uttarakhand,Dehradun,Dehradun Central,Apartment,3,1380,4,8,8,25,Semi-Furnished,2,2,11523345
Uttarakhand,Dehradun,Dehradun Central,Apartment,2,2850,3,7,14,12,Furnished,0,1,31745957
Uttarakhand,Dehradun,Dehradun Central,Apartment,5,1100,4,14,14,22,Semi-Furnished,1,3,12176397
Uttarakhand,Dehradun,Dehradun Central,Independent House,4,2800,5,0,4,24,Semi-Furnished,0,3,33547669
Uttarakhand,Dehradun,Dehradun Central,Apartment,1,2750,1,8,13,0,Semi-Furnished,1,3,27177455
Uttarakhand,Dehradun,Dehradun Central,Apartment,1,1010,1,9,9,0,Unfurnished,2,1,9590874
Uttarakhand,Dehradun,Dehradun Central,Apartment,5,2650,5,4,8,10,Semi-Furnished,0,1,35527118
Uttarakhand,Haridwar,Haridwar Central,Villa,2,3120,2,8,8,15,Unfurnished,1,0,31927037
Uttarakhand,Haridwar,Haridwar Central,Villa,1,1970,1,15,15,5,Semi-Furnished,0,2,17570279
Uttarakhand,Haridwar,Haridwar Central,Apartment,5,2090,5,6,12,1,Semi-Furnished,0,0,21854066
Uttarakhand,Haridwar,Haridwar Central,Apartment,1,1880,1,7,9,25,Semi-Furnished,2,1,13037703
Uttarakhand,Haridwar,Haridwar Central,Independent House,1,840,1,13,19,5,Unfurnished,1,2,7356608
Uttarakhand,Haridwar,Haridwar Central,Independent House,2,1280,2,7,16,7,Unfurnished,1,3,13968678
Uttarakhand,Haridwar,Haridwar Central,Independent House,3,690,4,10,18,4,Unfurnished,1,0,6165515
Uttarakhand,Haridwar,Haridwar Central,Independent House,2,730,1,0,4,19,Unfurnished,0,0,7654294
Uttarakhand,Haridwar,Haridwar Central,Apartment,2,640,2,0,8,22,Semi-Furnished,1,1,5248638
Uttarakhand,Haridwar,Haridwar Central,Independent House,3,2630,4,8,20,5,Furnished,1,1,28201093
Uttarakhand,Haridwar,Haridwar Central,Apartment,1,660,1,7,9,0,Semi-Furnished,0,2,6071696
Uttarakhand,Haridwar,Haridwar Central,Apartment,1,2850,1,7,13,18,Semi-Furnished,0,3,22824754
Uttarakhand,Haridwar,Haridwar Central,Apartment,4,560,5,8,8,12,Semi-Furnished,2,1,4857130
Uttarakhand,Haridwar,Haridwar Central,Independent House,5,1660,4,7,7,17,Unfurnished,2,2,16321396
Uttarakhand,Haridwar,Haridwar Central,Apartment,1,2190,1,12,18,15,Semi-Furnished,1,0,20219675
Uttarakhand,Haridwar,Haridwar Central,Independent House,4,1490,4,2,13,14,Semi-Furnished,1,3,12879051
Uttarakhand,Haridwar,Haridwar Central,Apartment,4,1910,5,2,4,25,Semi-Furnished,2,0,17953954
Uttarakhand,Haridwar,Haridwar Central,Apartment,5,1120,5,15,15,8,Unfurnished,2,2,10331987
Uttarakhand,Rishikesh,Rishikesh Central,Apartment,1,1200,1,10,10,18,Semi-Furnished,2,3,8691416
Uttarakhand,Rishikesh,Rishikesh Central,Independent House,3,2990,3,1,2,6,Unfurnished,0,1,27605489
Uttarakhand,Rishikesh,Rishikesh Central,Apartment,4,2070,3,0,6,24,Furnished,1,0,17965488
Uttarakhand,Rishikesh,Rishikesh Central,Independent House,3,1350,3,15,15,23,Semi-Furnished,0,0,11453941
Uttarakhand,Rishikesh,Rishikesh Central,Apartment,1,2640,1,15,15,9,Semi-Furnished,0,0,21584051
Uttarakhand,Rishikesh,Rishikesh Central,Apartment,1,1400,2,7,8,19,Semi-Furnished,2,3,13076895
Uttarakhand,Rishikesh,Rishikesh Central,Apartment,2,2850,3,10,10,7,Unfurnished,2,3,24347295
Uttarakhand,Rishikesh,Rishikesh Central,Apartment,1,910,1,8,8,21,Unfurnished,0,3,6569988
Uttarakhand,Rishikesh,Rishikesh Central,Apartment,1,2880,2,8,11,12,Semi-Furnished,2,0,18684370
Uttarakhand,Rishikesh,Rishikesh Central,Independent House,5,2080,4,9,9,3,Semi-Furnished,1,3,19078617
Uttarakhand,Rishikesh,Rishikesh Central,Apartment,2,700,1,11,14,10,Semi-Furnished,2,1,5569146
Uttarakhand,Rishikesh,Rishikesh Central,Villa,1,560,1,3,15,20,Semi-Furnished,0,1,6124435
Uttarakhand,Rishikesh,Rishikesh Central,Independent House,1,2780,2,8,8,0,Semi-Furnished,2,0,24749565
Uttarakhand,Rishikesh,Rishikesh Central,Apartment,4,1500,3,4,12,12,Semi-Furnished,0,2,16794505
Uttarakhand,Rishikesh,Rishikesh Central,Apartment,2,1920,3,4,8,15,Furnished,1,2,13844484
Uttarakhand,Rishikesh,Rishikesh Central,Apartment,2,2370,3,9,18,7,Semi-Furnished,2,3,22645621
Uttarakhand,Rishikesh,Rishikesh Central,Independent House,4,550,5,0,6,23,Furnished,2,3,4688379
Uttarakhand,Rishikesh,Rishikesh Central,Apartment,3,2820,4,4,13,6,Semi-Furnished,2,1,29781029
Uttarakhand,Haldwani,Haldwani Central,Apartment,3,2890,2,4,20,16,Semi-Furnished,2,2,23716708
Uttarakhand,Haldwani,Haldwani Central,Apartment,1,710,1,13,13,12,Furnished,0,0,6210374
Uttarakhand,Haldwani,Haldwani Central,Apartment,2,590,1,7,7,9,Unfurnished,1,3,5449412
Uttarakhand,Haldwani,Haldwani Central,Apartment,1,2570,2,3,10,22,Furnished,1,0,22200030
Uttarakhand,Haldwani,Haldwani Central,Apartment,1,1880,1,7,10,1,Semi-Furnished,0,0,14656665
Uttarakhand,Haldwani,Haldwani Central,Apartment,4,1070,4,8,13,2,Semi-Furnished,0,2,11268597
Uttarakhand,Haldwani,Haldwani Central,Apartment,5,1960,5,4,9,7,Semi-Furnished,0,3,22362699
Uttarakhand,Haldwani,Haldwani Central,Apartment,1,3050,1,6,12,7,Unfurnished,0,0,28926625
Uttarakhand,Haldwani,Haldwani Central,Independent House,2,1300,3,14,14,17,Furnished,0,3,10068692
Uttarakhand,Haldwani,Haldwani Central,Apartment,3,2830,4,14,14,19,Furnished,0,2,22159682
Uttarakhand,Haldwani,Haldwani Central,Apartment,1,960,1,7,18,12,Semi-Furnished,0,0,8823209
Uttarakhand,Haldwani,Haldwani Central,Apartment,4,1410,3,10,20,21,Semi-Furnished,2,0,13168074
Uttarakhand,Haldwani,Haldwani Central,Independent House,5,2580,4,0,18,19,Semi-Furnished,2,0,30384177
Uttarakhand,Haldwani,Haldwani Central,Apartment,5,3100,4,4,6,25,Semi-Furnished,1,3,26594521
Uttarakhand,Haldwani,Haldwani Central,Apartment,1,1240,1,9,13,19,Furnished,1,2,8806063
Uttarakhand,Haldwani,Haldwani Central,Apartment,1,2440,1,6,20,16,Semi-Furnished,2,2,21739420
Uttarakhand,Haldwani,Haldwani Central,Apartment,4,1690,3,0,15,21,Semi-Furnished,1,2,14910053
Uttarakhand,Haldwani,Haldwani Central,Independent House,4,1130,3,0,11,19,Furnished,2,2,11730550
Uttarakhand,Nainital,Nainital Central,Apartment,4,970,3,8,8,8,Furnished,2,2,10586106
Uttarakhand,Nainital,Nainital Central,Villa,3,2290,2,8,19,18,Semi-Furnished,2,2,26106280
Uttarakhand,Nainital,Nainital Central,Apartment,3,2490,3,9,12,14,Semi-Furnished,1,2,22769469
Uttarakhand,Nainital,Nainital Central,Apartment,2,2280,2,3,12,13,Unfurnished,2,1,27118187
Uttarakhand,Nainital,Nainital Central,Apartment,3,2620,2,12,15,18,Furnished,0,3,28085706
Uttarakhand,Nainital,Nainital Central,Apartment,3,2180,4,6,6,5,Unfurnished,2,3,22377194
Uttarakhand,Nainital,Nainital Central,Villa,4,1850,4,3,11,7,Semi-Furnished,2,3,22843436
Uttarakhand,Nainital,Nainital Central,Apartment,1,2130,1,14,14,25,Unfurnished,0,0,20301752
Uttarakhand,Nainital,Nainital Central,Independent House,1,1770,1,1,7,24,Furnished,0,0,13262659
Uttarakhand,Nainital,Nainital Central,Apartment,5,2820,5,2,11,15,Unfurnished,0,2,29014869
Uttarakhand,Nainital,Nainital Central,Independent House,1,760,1,1,4,11,Furnished,1,3,6356701
Uttarakhand,Nainital,Nainital Central,Apartment,5,2300,5,11,11,25,Unfurnished,0,3,25603917
Uttarakhand,Nainital,Nainital Central,Apartment,4,1420,4,9,17,21,Unfurnished,0,1,14465171
Uttarakhand,Nainital,Nainital Central,Apartment,1,1630,2,14,14,12,Unfurnished,2,0,17301491
Uttarakhand,Nainital,Nainital Central,Independent House,3,570,2,4,8,4,Unfurnished,2,2,6306731
Uttarakhand,Nainital,Nainital Central,Apartment,2,1100,3,8,11,10,Semi-Furnished,0,3,11359740
Uttarakhand,Nainital,Nainital Central,Apartment,1,720,2,9,9,9,Semi-Furnished,0,1,6636682
Uttarakhand,Nainital,Nainital Central,Apartment,5,2000,5,4,15,10,Unfurnished,0,0,25500609
Uttarakhand,Roorkee,Roorkee Central,Apartment,5,1920,5,11,11,6,Semi-Furnished,0,0,14842380
Uttarakhand,Roorkee,Roorkee Central,Apartment,1,890,2,6,11,5,Semi-Furnished,0,0,5450647
Uttarakhand,Roorkee,Roorkee Central,Independent House,4,1240,4,9,10,24,Semi-Furnished,1,1,9921016
Uttarakhand,Roorkee,Roorkee Central,Independent House,3,2970,3,12,12,5,Semi-Furnished,2,0,23563938
Uttarakhand,Roorkee,Roorkee Central,Apartment,2,1670,1,0,10,23,Semi-Furnished,0,1,11740482
Uttarakhand,Roorkee,Roorkee Central,Independent House,1,2130,1,10,11,20,Semi-Furnished,2,3,16048669
Uttarakhand,Roorkee,Roorkee Central,Apartment,3,2130,2,11,11,20,Semi-Furnished,2,0,12531332
Uttarakhand,Roorkee,Roorkee Central,Apartment,3,1370,3,11,11,10,Semi-Furnished,1,1,10112577
Uttarakhand,Roorkee,Roorkee Central,Apartment,4,3170,3,10,13,12,Furnished,1,3,23396647
Uttarakhand,Roorkee,Roorkee Central,Apartment,4,2460,3,8,11,18,Semi-Furnished,2,3,26198979
Uttarakhand,Roorkee,Roorkee Central,Independent House,4,1090,4,10,17,15,Furnished,2,2,9644934
Uttarakhand,Roorkee,Roorkee Central,Apartment,2,850,1,15,15,8,Furnished,0,2,7841459
Uttarakhand,Roorkee,Roorkee Central,Apartment,1,2440,1,4,10,16,Unfurnished,2,1,19676696
Uttarakhand,Roorkee,Roorkee Central,Villa,2,1900,3,7,7,3,Unfurnished,1,0,15556578
Uttarakhand,Roorkee,Roorkee Central,Villa,1,1130,2,12,16,2,Unfurnished,0,3,9581613
Uttarakhand,Roorkee,Roorkee Central,Villa,3,2860,4,8,8,6,Semi-Furnished,1,0,28954626
Uttarakhand,Roorkee,Roorkee Central,Apartment,3,1280,3,14,14,17,Semi-Furnished,1,3,10236149
Uttarakhand,Roorkee,Roorkee Central,Apartment,2,1660,2,0,19,24,Semi-Furnished,2,3,12541194
Uttarakhand,Rudrapur,Rudrapur Central,Independent House,2,2760,2,0,8,1,Semi-Furnished,0,1,20333380
Uttarakhand,Rudrapur,Rudrapur Central,Apartment,3,1360,4,12,17,22,Semi-Furnished,2,0,12000377
Uttarakhand,Rudrapur,Rudrapur Central,Apartment,1,2030,1,10,10,11,Semi-Furnished,0,2,14013709
Uttarakhand,Rudrapur,Rudrapur Central,Villa,2,850,2,12,12,12,Semi-Furnished,2,1,6396930
Uttarakhand,Rudrapur,Rudrapur Central,Apartment,3,2190,2,8,13,21,Semi-Furnished,0,3,14584044
Uttarakhand,Rudrapur,Rudrapur Central,Apartment,4,2380,4,6,6,11,Semi-Furnished,1,3,16428065
Uttarakhand,Rudrapur,Rudrapur Central,Independent House,3,2150,3,7,18,3,Unfurnished,2,0,19204991
Uttarakhand,Rudrapur,Rudrapur Central,Apartment,2,2830,1,6,19,18,Semi-Furnished,1,3,18589118
Uttarakhand,Rudrapur,Rudrapur Central,Apartment,4,2700,3,6,15,5,Semi-Furnished,0,2,19878855
Uttarakhand,Rudrapur,Rudrapur Central,Apartment,5,2020,5,10,16,16,Semi-Furnished,1,1,16086630
Uttarakhand,Rudrapur,Rudrapur Central,Apartment,1,2590,1,6,7,8,Unfurnished,2,1,19072442
Uttarakhand,Rudrapur,Rudrapur Central,Independent House,3,2760,2,2,7,17,Furnished,2,3,19767899
Uttarakhand,Rudrapur,Rudrapur Central,Independent House,2,2260,3,14,14,1,Unfurnished,0,1,16773485
Uttarakhand,Rudrapur,Rudrapur Central,Apartment,4,1200,4,14,14,15,Semi-Furnished,0,1,12308488
Uttarakhand,Rudrapur,Rudrapur Central,Apartment,4,1670,4,10,16,3,Semi-Furnished,0,2,15372716
Uttarakhand,Rudrapur,Rudrapur Central,Independent House,3,1100,2,14,14,4,Furnished,1,1,10629980
Uttarakhand,Rudrapur,Rudrapur Central,Villa,2,2360,1,9,20,10,Unfurnished,0,0,22383647
Uttarakhand,Rudrapur,Rudrapur Central,Villa,5,1210,4,9,9,8,Semi-Furnished,0,3,13783681
West Bengal,Kolkata,Kolkata Central,Apartment,2,740,1,4,4,3,Furnished,0,2,4504544
West Bengal,Kolkata,Kolkata Central,Independent House,2,1130,3,12,12,10,Semi-Furnished,1,0,8185209
West Bengal,Kolkata,Kolkata Central,Apartment,4,2130,4,13,13,17,Semi-Furnished,1,2,12249988
West Bengal,Kolkata,Kolkata Central,Apartment,4,1140,4,13,19,21,Semi-Furnished,1,2,6558769
West Bengal,Kolkata,Kolkata Central,Apartment,4,1460,4,8,8,11,Semi-Furnished,1,0,9444114
West Bengal,Kolkata,Kolkata Central,Apartment,2,2870,3,15,19,19,Semi-Furnished,2,3,15234315
West Bengal,Kolkata,Kolkata Central,Apartment,4,2540,5,5,11,3,Semi-Furnished,2,1,18432582
West Bengal,Kolkata,Kolkata Central,Apartment,2,1970,1,11,11,6,Semi-Furnished,0,1,11584452
West Bengal,Kolkata,Kolkata Central,Apartment,4,2720,3,10,10,7,Semi-Furnished,2,2,18738836
West Bengal,Kolkata,Kolkata Central,Apartment,1,2720,1,15,19,1,Unfurnished,0,3,15609489
West Bengal,Kolkata,Kolkata Central,Apartment,4,1090,3,14,18,2,Unfurnished,2,0,7783623
West Bengal,Kolkata,Kolkata Central,Apartment,3,650,4,3,16,6,Unfurnished,2,1,4267264
West Bengal,Kolkata,Kolkata Central,Independent House,5,2540,5,9,9,14,Unfurnished,1,2,17117361
West Bengal,Kolkata,Kolkata Central,Independent House,2,1990,1,1,2,8,Semi-Furnished,2,3,10548976
West Bengal,Kolkata,Kolkata Central,Independent House,4,1350,3,14,14,14,Unfurnished,0,3,8581755
West Bengal,Kolkata,Kolkata Central,Apartment,1,1300,1,12,12,19,Semi-Furnished,2,3,7359937
West Bengal,Kolkata,Kolkata Central,Apartment,3,1090,3,12,12,23,Semi-Furnished,1,0,6094729
West Bengal,Kolkata,Kolkata Central,Independent House,2,940,1,6,14,24,Furnished,2,3,4635815
West Bengal,Howrah,Howrah Central,Apartment,5,1300,5,0,19,22,Unfurnished,1,2,6247874
West Bengal,Howrah,Howrah Central,Apartment,5,900,5,2,18,8,Semi-Furnished,1,1,5573403
West Bengal,Howrah,Howrah Central,Apartment,3,2900,4,7,19,7,Unfurnished,0,2,15199953
West Bengal,Howrah,Howrah Central,Apartment,3,610,4,8,8,0,Semi-Furnished,2,0,2830198
West Bengal,Howrah,Howrah Central,Apartment,2,2870,1,6,6,18,Semi-Furnished,2,1,10798486
West Bengal,Howrah,Howrah Central,Apartment,5,560,5,8,17,24,Semi-Furnished,2,3,2751430
West Bengal,Howrah,Howrah Central,Apartment,1,2030,1,15,15,3,Unfurnished,1,0,9632344
West Bengal,Howrah,Howrah Central,Apartment,3,1890,3,11,12,7,Semi-Furnished,0,3,10559213
West Bengal,Howrah,Howrah Central,Apartment,1,1220,2,5,5,14,Unfurnished,2,1,4534534
West Bengal,Howrah,Howrah Central,Apartment,1,1950,2,9,11,17,Unfurnished,1,2,7265519
West Bengal,Howrah,Howrah Central,Apartment,1,1720,1,2,18,6,Semi-Furnished,1,0,7520014
West Bengal,Howrah,Howrah Central,Independent House,2,2510,3,7,20,10,Semi-Furnished,2,1,11894402
West Bengal,Howrah,Howrah Central,Apartment,4,2110,4,0,5,13,Furnished,2,0,12650444
West Bengal,Howrah,Howrah Central,Villa,1,1880,2,12,20,13,Semi-Furnished,1,0,9947733
West Bengal,Howrah,Howrah Central,Apartment,1,1360,2,6,9,12,Unfurnished,1,1,5173592
West Bengal,Howrah,Howrah Central,Apartment,1,2900,1,7,7,7,Unfurnished,2,1,12702971
West Bengal,Howrah,Howrah Central,Independent House,5,2020,5,1,15,3,Unfurnished,0,2,11656541
West Bengal,Howrah,Howrah Central,Apartment,4,1460,3,5,5,14,Unfurnished,1,3,7427766
West Bengal,Siliguri,Siliguri Central,Villa,3,2080,4,8,11,17,Semi-Furnished,2,2,12835910
West Bengal,Siliguri,Siliguri Central,Independent House,4,2660,3,5,6,16,Unfurnished,1,2,15319919
West Bengal,Siliguri,Siliguri Central,Independent House,2,970,1,0,17,24,Unfurnished,1,1,6206411
West Bengal,Siliguri,Siliguri Central,Villa,4,760,5,9,14,6,Unfurnished,1,3,6273985
West Bengal,Siliguri,Siliguri Central,Apartment,4,2080,5,15,15,18,Furnished,1,3,12034312
West Bengal,Siliguri,Siliguri Central,Independent House,4,960,4,6,6,16,Furnished,2,1,6447833
West Bengal,Siliguri,Siliguri Central,Apartment,1,1630,1,1,3,2,Furnished,1,3,8151602
West Bengal,Siliguri,Siliguri Central,Independent House,5,2940,4,6,16,15,Furnished,0,0,17350530
West Bengal,Siliguri,Siliguri Central,Independent House,5,850,4,5,13,23,Furnished,0,0,5284879
West Bengal,Siliguri,Siliguri Central,Apartment,4,880,5,1,15,19,Unfurnished,2,0,5824184
West Bengal,Siliguri,Siliguri Central,Apartment,4,1910,3,3,14,15,Semi-Furnished,0,0,10778582
West Bengal,Siliguri,Siliguri Central,Apartment,5,2290,4,10,10,9,Unfurnished,0,0,19567968
West Bengal,Siliguri,Siliguri Central,Apartment,2,1750,2,10,16,7,Unfurnished,0,2,9328621
West Bengal,Siliguri,Siliguri Central,Independent House,5,600,4,3,3,2,Semi-Furnished,1,1,5075914
West Bengal,Siliguri,Siliguri Central,Independent House,2,2770,3,15,16,6,Semi-Furnished,1,2,15844343
West Bengal,Siliguri,Siliguri Central,Apartment,3,1900,4,12,17,1,Semi-Furnished,2,3,13550065
West Bengal,Siliguri,Siliguri Central,Apartment,1,1590,2,10,10,12,Semi-Furnished,1,1,7824237
West Bengal,Siliguri,Siliguri Central,Apartment,2,2690,2,10,10,16,Semi-Furnished,2,0,15357785
West Bengal,Durgapur,Durgapur Central,Independent House,4,1850,3,7,8,8,Unfurnished,2,0,10703197
West Bengal,Durgapur,Durgapur Central,Apartment,1,1960,2,15,19,5,Furnished,2,3,8048487
West Bengal,Durgapur,Durgapur Central,Apartment,2,3010,3,15,15,0,Unfurnished,0,3,12919927
West Bengal,Durgapur,Durgapur Central,Independent House,5,2250,5,3,3,15,Semi-Furnished,0,1,11574491
West Bengal,Durgapur,Durgapur Central,Apartment,1,790,1,1,10,4,Furnished,2,2,3468846
West Bengal,Durgapur,Durgapur Central,Apartment,3,2790,3,4,11,24,Semi-Furnished,1,2,13720832
West Bengal,Durgapur,Durgapur Central,Villa,4,2680,3,7,7,13,Semi-Furnished,0,1,14741295
West Bengal,Durgapur,Durgapur Central,Apartment,1,1390,2,8,8,18,Furnished,2,2,4393484
West Bengal,Durgapur,Durgapur Central,Independent House,3,1760,3,0,5,21,Semi-Furnished,1,0,7627935
West Bengal,Durgapur,Durgapur Central,Apartment,4,1190,5,1,20,7,Furnished,1,1,6440071
West Bengal,Durgapur,Durgapur Central,Independent House,5,2610,4,6,15,12,Semi-Furnished,1,2,14389399
West Bengal,Durgapur,Durgapur Central,Apartment,1,2560,2,3,14,18,Furnished,0,3,11131624
West Bengal,Durgapur,Durgapur Central,Independent House,1,870,1,7,16,24,Furnished,1,1,2920198
West Bengal,Durgapur,Durgapur Central,Independent House,4,1940,4,1,8,0,Semi-Furnished,0,1,11929246
West Bengal,Durgapur,Durgapur Central,Apartment,2,2170,1,1,7,24,Semi-Furnished,0,2,7934788
West Bengal,Durgapur,Durgapur Central,Apartment,1,1850,1,2,14,2,Semi-Furnished,2,0,8384893
West Bengal,Durgapur,Durgapur Central,Apartment,2,2590,3,5,19,15,Unfurnished,2,0,7480095
West Bengal,Durgapur,Durgapur Central,Apartment,5,2740,4,14,14,1,Furnished,1,2,14965747
West Bengal,Asansol,Asansol Central,Independent House,3,2140,4,13,13,20,Unfurnished,2,2,9061029
West Bengal,Asansol,Asansol Central,Apartment,2,2570,2,5,9,16,Furnished,2,0,11606372
West Bengal,Asansol,Asansol Central,Apartment,2,1540,1,10,13,17,Semi-Furnished,1,0,5078197
West Bengal,Asansol,Asansol Central,Villa,3,2460,3,10,10,8,Unfurnished,1,0,11562363
West Bengal,Asansol,Asansol Central,Apartment,1,1860,1,11,16,8,Furnished,1,2,7121706
West Bengal,Asansol,Asansol Central,Apartment,3,2480,3,14,14,25,Semi-Furnished,2,2,7338029
West Bengal,Asansol,Asansol Central,Independent House,5,860,4,10,10,14,Unfurnished,1,0,4388892
West Bengal,Asansol,Asansol Central,Apartment,1,2550,1,8,10,10,Furnished,1,2,9050264
West Bengal,Asansol,Asansol Central,Apartment,1,1060,1,1,5,16,Unfurnished,2,2,4430813
West Bengal,Asansol,Asansol Central,Apartment,1,890,1,9,9,14,Semi-Furnished,0,2,2764688
West Bengal,Asansol,Asansol Central,Apartment,3,1930,4,2,8,21,Unfurnished,2,1,6938649
West Bengal,Asansol,Asansol Central,Independent House,3,1430,2,13,13,18,Unfurnished,2,1,6866115
West Bengal,Asansol,Asansol Central,Apartment,1,1050,2,11,20,14,Furnished,0,3,3156935
West Bengal,Asansol,Asansol Central,Independent House,3,1790,4,7,16,13,Furnished,0,1,8406870
West Bengal,Asansol,Asansol Central,Apartment,3,1400,4,3,15,10,Unfurnished,1,0,5878098
West Bengal,Asansol,Asansol Central,Apartment,2,1770,2,5,17,10,Semi-Furnished,2,2,6636711
West Bengal,Asansol,Asansol Central,Apartment,5,1230,4,5,5,18,Semi-Furnished,2,3,7675632
West Bengal,Asansol,Asansol Central,Independent House,2,2680,2,13,13,17,Semi-Furnished,0,3,10728970
West Bengal,Kharagpur,Kharagpur Central,Independent House,5,2890,5,15,15,15,Unfurnished,1,0,16865482
West Bengal,Kharagpur,Kharagpur Central,Villa,5,940,5,1,15,23,Unfurnished,1,1,6929402
West Bengal,Kharagpur,Kharagpur Central,Independent House,5,1180,5,12,12,2,Unfurnished,1,1,8014414
West Bengal,Kharagpur,Kharagpur Central,Villa,2,780,3,9,18,15,Semi-Furnished,0,2,3634492
West Bengal,Kharagpur,Kharagpur Central,Apartment,4,2720,4,11,15,11,Unfurnished,1,0,17960308
West Bengal,Kharagpur,Kharagpur Central,Apartment,1,1820,1,9,18,10,Unfurnished,2,2,8045030
West Bengal,Kharagpur,Kharagpur Central,Apartment,3,2790,4,9,9,9,Semi-Furnished,1,2,12481967
West Bengal,Kharagpur,Kharagpur Central,Apartment,4,570,4,8,8,5,Semi-Furnished,1,3,3254179
West Bengal,Kharagpur,Kharagpur Central,Apartment,1,1100,2,11,11,1,Semi-Furnished,2,0,4057815
West Bengal,Kharagpur,Kharagpur Central,Apartment,1,2490,2,7,18,10,Unfurnished,0,0,11279662
West Bengal,Kharagpur,Kharagpur Central,Villa,2,2360,1,8,17,3,Unfurnished,2,1,14580763
West Bengal,Kharagpur,Kharagpur Central,Apartment,1,1550,2,7,19,5,Unfurnished,0,0,6751391
West Bengal,Kharagpur,Kharagpur Central,Apartment,5,670,5,3,19,7,Unfurnished,1,2,4138010
West Bengal,Kharagpur,Kharagpur Central,Apartment,2,2100,1,6,13,23,Semi-Furnished,1,3,10146252
West Bengal,Kharagpur,Kharagpur Central,Independent House,1,930,1,14,16,1,Semi-Furnished,1,3,4170208
West Bengal,Kharagpur,Kharagpur Central,Apartment,1,3110,1,1,4,7,Semi-Furnished,2,0,13745185
West Bengal,Kharagpur,Kharagpur Central,Apartment,2,1510,3,11,19,9,Unfurnished,0,2,5199635
West Bengal,Kharagpur,Kharagpur Central,Villa,5,1210,4,3,19,7,Unfurnished,1,1,8930805
Delhi,New Delhi,New Delhi Central,Apartment,5,570,5,14,20,12,Semi-Furnished,0,2,4120892
Delhi,New Delhi,New Delhi Central,Villa,1,2540,1,6,6,9,Semi-Furnished,0,1,15112691
Delhi,New Delhi,New Delhi Central,Apartment,1,3010,1,2,5,22,Furnished,0,0,15679156
Delhi,New Delhi,New Delhi Central,Apartment,4,560,5,13,13,9,Unfurnished,2,1,4101318
Delhi,New Delhi,New Delhi Central,Apartment,3,2060,4,2,2,21,Semi-Furnished,1,3,11210595
Delhi,New Delhi,New Delhi Central,Apartment,1,2760,1,3,19,17,Semi-Furnished,2,3,18533686
Delhi,New Delhi,New Delhi Central,Apartment,2,1550,2,10,10,5,Semi-Furnished,0,3,11159304
Delhi,New Delhi,New Delhi Central,Apartment,3,1570,3,9,9,6,Unfurnished,2,1,12841891
Delhi,New Delhi,New Delhi Central,Apartment,3,2340,4,11,18,20,Furnished,2,0,11177722
Delhi,New Delhi,New Delhi Central,Apartment,2,2950,1,15,16,12,Furnished,0,3,17813430
Delhi,New Delhi,New Delhi Central,Independent House,5,1000,5,12,12,8,Unfurnished,1,0,8943245
Delhi,New Delhi,New Delhi Central,Apartment,1,2390,2,9,9,1,Semi-Furnished,2,3,15258740
Delhi,New Delhi,New Delhi Central,Apartment,1,2530,1,9,17,13,Unfurnished,0,0,15778088
Delhi,New Delhi,New Delhi Central,Apartment,1,1250,1,13,13,15,Unfurnished,1,1,6376424
Delhi,New Delhi,New Delhi Central,Apartment,1,2140,1,12,12,4,Semi-Furnished,1,1,13973745
Delhi,New Delhi,New Delhi Central,Apartment,1,560,1,1,18,11,Unfurnished,1,3,3183125
Delhi,New Delhi,New Delhi Central,Apartment,3,2060,2,0,10,2,Furnished,1,0,16032373
Delhi,New Delhi,New Delhi Central,Independent House,4,2980,4,0,15,16,Semi-Furnished,2,1,17982476
Delhi,Delhi,Delhi Central,Apartment,1,1940,1,15,15,20,Semi-Furnished,1,0,11367016
Delhi,Delhi,Delhi Central,Apartment,3,3050,2,10,10,19,Furnished,2,3,19790247
Delhi,Delhi,Delhi Central,Apartment,4,2150,3,13,13,6,Semi-Furnished,2,0,15951838
Delhi,Delhi,Delhi Central,Independent House,5,2330,5,12,12,11,Semi-Furnished,1,3,19877609
Delhi,Delhi,Delhi Central,Apartment,3,1260,3,15,15,9,Furnished,2,1,7653829
Delhi,Delhi,Delhi Central,Independent House,3,2140,2,4,7,22,Semi-Furnished,2,2,13184651
Delhi,Delhi,Delhi Central,Apartment,3,1900,4,7,16,20,Semi-Furnished,1,0,12604616
Delhi,Delhi,Delhi Central,Apartment,4,3120,5,10,10,9,Unfurnished,2,0,22950109
Delhi,Delhi,Delhi Central,Independent House,2,2020,1,8,20,25,Furnished,1,3,10409156
Delhi,Delhi,Delhi Central,Apartment,2,2000,2,0,14,5,Furnished,1,2,16050254
Delhi,Delhi,Delhi Central,Apartment,2,950,3,0,13,10,Unfurnished,0,2,7355987
Delhi,Delhi,Delhi Central,Villa,4,1090,5,10,16,1,Semi-Furnished,1,1,9750550
Delhi,Delhi,Delhi Central,Independent House,5,2020,5,3,3,11,Unfurnished,1,3,16305053
Delhi,Delhi,Delhi Central,Apartment,1,2350,1,14,14,7,Semi-Furnished,1,3,15238216
Delhi,Delhi,Delhi Central,Apartment,5,550,4,4,8,7,Semi-Furnished,1,0,4843269
Delhi,Delhi,Delhi Central,Independent House,4,830,4,11,11,12,Semi-Furnished,1,3,5835934
Delhi,Delhi,Delhi Central,Villa,3,570,2,5,17,5,Unfurnished,1,0,4216046
Delhi,Delhi,Delhi Central,Apartment,4,2820,5,14,15,1,Unfurnished,1,2,22783820
Jammu and Kashmir,Srinagar,Srinagar Central,Apartment,4,1060,5,10,10,19,Unfurnished,1,0,13347141
Jammu and Kashmir,Srinagar,Srinagar Central,Apartment,3,1450,3,5,18,19,Unfurnished,1,2,20165139
Jammu and Kashmir,Srinagar,Srinagar Central,Independent House,5,590,5,10,16,12,Semi-Furnished,0,0,9700790
Jammu and Kashmir,Srinagar,Srinagar Central,Apartment,4,1110,3,10,10,10,Unfurnished,0,0,17495801
Jammu and Kashmir,Srinagar,Srinagar Central,Apartment,3,2550,3,10,17,19,Semi-Furnished,1,2,36895539
Jammu and Kashmir,Srinagar,Srinagar Central,Apartment,1,850,1,7,17,14,Semi-Furnished,1,3,10650638
Jammu and Kashmir,Srinagar,Srinagar Central,Apartment,4,1750,5,11,14,22,Semi-Furnished,0,0,23853558
Jammu and Kashmir,Srinagar,Srinagar Central,Apartment,5,1490,5,3,3,22,Unfurnished,1,3,19156789
Jammu and Kashmir,Srinagar,Srinagar Central,Apartment,5,2940,5,5,10,14,Unfurnished,1,2,46779134
Jammu and Kashmir,Srinagar,Srinagar Central,Apartment,5,1140,5,10,18,6,Semi-Furnished,0,2,16079827
Jammu and Kashmir,Srinagar,Srinagar Central,Independent House,3,2530,4,5,8,23,Semi-Furnished,1,3,32463471
Jammu and Kashmir,Srinagar,Srinagar Central,Apartment,3,2160,3,2,20,21,Semi-Furnished,2,1,25829609
Jammu and Kashmir,Srinagar,Srinagar Central,Apartment,3,890,3,2,3,15,Semi-Furnished,0,0,9573458
Jammu and Kashmir,Srinagar,Srinagar Central,Villa,2,650,3,5,18,16,Semi-Furnished,1,0,8627753
Jammu and Kashmir,Srinagar,Srinagar Central,Apartment,2,1780,3,8,8,19,Semi-Furnished,2,0,21922789
Jammu and Kashmir,Srinagar,Srinagar Central,Apartment,4,1850,5,12,12,25,Semi-Furnished,1,0,27820898
Jammu and Kashmir,Srinagar,Srinagar Central,Apartment,2,1670,2,14,14,1,Unfurnished,2,3,18934818
Jammu and Kashmir,Srinagar,Srinagar Central,Villa,2,1020,2,15,15,23,Unfurnished,1,0,13231553
Jammu and Kashmir,Jammu,Jammu Central,Apartment,2,2700,3,10,17,7,Semi-Furnished,2,0,29379772
Jammu and Kashmir,Jammu,Jammu Central,Independent House,3,780,4,1,15,14,Semi-Furnished,2,0,8585564
Jammu and Kashmir,Jammu,Jammu Central,Apartment,3,2700,4,4,20,8,Unfurnished,0,1,27979276
Jammu and Kashmir,Jammu,Jammu Central,Apartment,5,860,4,9,9,3,Semi-Furnished,0,0,11236557
Jammu and Kashmir,Jammu,Jammu Central,Apartment,5,1700,4,3,20,16,Furnished,1,1,24134457
Jammu and Kashmir,Jammu,Jammu Central,Villa,4,2840,3,8,12,17,Semi-Furnished,2,2,29750006
Jammu and Kashmir,Jammu,Jammu Central,Apartment,4,2620,5,11,20,16,Semi-Furnished,0,3,29519400
Jammu and Kashmir,Jammu,Jammu Central,Apartment,2,1070,2,10,16,22,Furnished,1,3,8612963
Jammu and Kashmir,Jammu,Jammu Central,Independent House,4,3100,5,10,10,15,Furnished,0,1,35843633
Jammu and Kashmir,Jammu,Jammu Central,Independent House,3,630,2,3,3,12,Semi-Furnished,0,0,7482830
Jammu and Kashmir,Jammu,Jammu Central,Independent House,1,3030,1,8,15,12,Furnished,2,2,32716198
Jammu and Kashmir,Jammu,Jammu Central,Independent House,4,3140,3,14,14,18,Semi-Furnished,0,2,31519297
Jammu and Kashmir,Jammu,Jammu Central,Independent House,5,2830,5,4,19,17,Semi-Furnished,1,0,36091545
Jammu and Kashmir,Jammu,Jammu Central,Independent House,1,1690,1,0,1,16,Furnished,1,3,21811104
Jammu and Kashmir,Jammu,Jammu Central,Apartment,1,3070,1,15,15,0,Semi-Furnished,2,0,35375456
Jammu and Kashmir,Jammu,Jammu Central,Independent House,2,840,2,0,15,21,Semi-Furnished,2,0,8672854
Jammu and Kashmir,Jammu,Jammu Central,Independent House,4,2560,5,2,20,21,Semi-Furnished,0,3,27536112
Jammu and Kashmir,Jammu,Jammu Central,Independent House,1,1390,1,1,3,22,Semi-Furnished,2,0,13799890
Jammu and Kashmir,Anantnag,Anantnag Central,Villa,2,720,3,5,5,21,Semi-Furnished,2,3,8238868
Jammu and Kashmir,Anantnag,Anantnag Central,Apartment,4,1280,4,6,19,3,Semi-Furnished,1,2,13001843
Jammu and Kashmir,Anantnag,Anantnag Central,Independent House,2,1710,3,13,19,16,Unfurnished,1,3,21854485
Jammu and Kashmir,Anantnag,Anantnag Central,Apartment,1,2650,1,12,12,17,Unfurnished,0,0,24641344
Jammu and Kashmir,Anantnag,Anantnag Central,Independent House,3,3060,3,12,12,23,Unfurnished,1,3,37935608
Jammu and Kashmir,Anantnag,Anantnag Central,Apartment,3,1760,4,13,13,19,Semi-Furnished,0,0,20528418
Jammu and Kashmir,Anantnag,Anantnag Central,Apartment,4,1740,3,9,13,8,Semi-Furnished,1,3,20614793
Jammu and Kashmir,Anantnag,Anantnag Central,Independent House,5,1560,5,15,15,6,Unfurnished,0,0,17474896
Jammu and Kashmir,Anantnag,Anantnag Central,Villa,1,1830,1,2,5,9,Semi-Furnished,0,3,20148495
Jammu and Kashmir,Anantnag,Anantnag Central,Independent House,3,740,2,3,13,9,Semi-Furnished,2,3,8803516
Jammu and Kashmir,Anantnag,Anantnag Central,Independent House,2,2830,3,14,14,12,Unfurnished,0,1,31876120
Jammu and Kashmir,Anantnag,Anantnag Central,Apartment,3,1580,3,15,15,11,Semi-Furnished,0,3,19383869
Jammu and Kashmir,Anantnag,Anantnag Central,Apartment,2,2480,2,7,19,3,Furnished,2,3,23120867
Jammu and Kashmir,Anantnag,Anantnag Central,Independent House,3,1700,4,4,17,9,Semi-Furnished,2,2,18598729
Jammu and Kashmir,Anantnag,Anantnag Central,Independent House,5,2010,5,13,15,1,Semi-Furnished,1,2,25772961
Jammu and Kashmir,Anantnag,Anantnag Central,Independent House,4,940,3,3,3,11,Semi-Furnished,2,1,10188487
Jammu and Kashmir,Anantnag,Anantnag Central,Independent House,2,1170,1,1,20,20,Semi-Furnished,0,0,12479517
Jammu and Kashmir,Anantnag,Anantnag Central,Apartment,3,750,3,7,12,16,Unfurnished,0,1,8416722
Jammu and Kashmir,Baramulla,Baramulla Central,Apartment,3,2240,4,5,11,19,Unfurnished,1,0,20826830
Jammu and Kashmir,Baramulla,Baramulla Central,Apartment,3,1740,2,12,17,8,Semi-Furnished,2,0,16138695
Jammu and Kashmir,Baramulla,Baramulla Central,Independent House,1,3150,1,11,19,21,Unfurnished,0,0,29963347
Jammu and Kashmir,Baramulla,Baramulla Central,Apartment,2,3130,3,3,18,25,Semi-Furnished,1,1,30191873
Jammu and Kashmir,Baramulla,Baramulla Central,Apartment,3,1230,4,13,13,4,Semi-Furnished,2,0,12968714
Jammu and Kashmir,Baramulla,Baramulla Central,Apartment,1,1600,1,8,8,6,Unfurnished,0,0,11980327
Jammu and Kashmir,Baramulla,Baramulla Central,Apartment,3,580,2,4,14,3,Semi-Furnished,0,3,6173055
Jammu and Kashmir,Baramulla,Baramulla Central,Apartment,2,550,1,2,12,25,Furnished,1,3,4004035
Jammu and Kashmir,Baramulla,Baramulla Central,Independent House,4,2780,4,12,12,8,Semi-Furnished,1,2,29685232
Jammu and Kashmir,Baramulla,Baramulla Central,Independent House,2,2620,2,12,14,11,Semi-Furnished,2,1,31264556
Jammu and Kashmir,Baramulla,Baramulla Central,Villa,3,1380,4,3,4,21,Unfurnished,1,0,15030352
Jammu and Kashmir,Baramulla,Baramulla Central,Apartment,3,1940,3,11,19,8,Unfurnished,2,2,21935672
Jammu and Kashmir,Baramulla,Baramulla Central,Apartment,4,1090,3,3,15,0,Unfurnished,0,1,12256577
Jammu and Kashmir,Baramulla,Baramulla Central,Apartment,4,1970,3,13,13,5,Furnished,2,3,22708521
Jammu and Kashmir,Baramulla,Baramulla Central,Independent House,4,1040,3,3,16,11,Semi-Furnished,2,0,12053152
Jammu and Kashmir,Baramulla,Baramulla Central,Apartment,2,580,1,12,12,0,Unfurnished,1,2,6559325
Jammu and Kashmir,Baramulla,Baramulla Central,Apartment,2,2420,1,10,10,13,Semi-Furnished,1,1,20921458
Jammu and Kashmir,Baramulla,Baramulla Central,Apartment,1,1600,1,14,14,3,Unfurnished,1,0,15157366
Jammu and Kashmir,Kathua,Kathua Central,Independent House,1,1210,1,3,4,4,Semi-Furnished,1,3,13753359
Jammu and Kashmir,Kathua,Kathua Central,Independent House,2,3050,3,2,10,21,Unfurnished,1,0,30141564
Jammu and Kashmir,Kathua,Kathua Central,Independent House,3,2980,2,7,7,15,Semi-Furnished,0,3,40209490
Jammu and Kashmir,Kathua,Kathua Central,Apartment,4,1730,4,13,14,23,Unfurnished,1,3,23343600
Jammu and Kashmir,Kathua,Kathua Central,Apartment,4,2770,5,14,16,6,Semi-Furnished,1,1,37976070
Jammu and Kashmir,Kathua,Kathua Central,Villa,1,2520,2,12,16,19,Semi-Furnished,2,1,26655166
Jammu and Kashmir,Kathua,Kathua Central,Villa,2,2270,3,5,20,3,Semi-Furnished,1,2,23730584
Jammu and Kashmir,Kathua,Kathua Central,Apartment,1,550,2,6,12,10,Unfurnished,0,0,6461017
Jammu and Kashmir,Kathua,Kathua Central,Independent House,1,2660,1,10,18,4,Unfurnished,1,1,28144399
Jammu and Kashmir,Kathua,Kathua Central,Apartment,1,2460,2,6,6,7,Semi-Furnished,2,2,26468393
Jammu and Kashmir,Kathua,Kathua Central,Apartment,3,2150,2,9,12,10,Semi-Furnished,0,2,23025302
Jammu and Kashmir,Kathua,Kathua Central,Independent House,1,1880,1,2,6,16,Semi-Furnished,1,1,18462972
Jammu and Kashmir,Kathua,Kathua Central,Apartment,3,2600,2,5,16,25,Semi-Furnished,2,0,31473195
Jammu and Kashmir,Kathua,Kathua Central,Villa,1,2300,2,4,14,25,Semi-Furnished,0,2,21703170
Jammu and Kashmir,Kathua,Kathua Central,Villa,2,1920,1,8,20,5,Unfurnished,0,1,17523716
Jammu and Kashmir,Kathua,Kathua Central,Apartment,1,3070,2,13,13,9,Semi-Furnished,0,0,29128850
Jammu and Kashmir,Kathua,Kathua Central,Apartment,4,1690,3,10,17,9,Furnished,1,1,18343282
Jammu and Kashmir,Kathua,Kathua Central,Apartment,4,1770,4,2,6,15,Furnished,0,0,17464290
Ladakh,Leh,Leh Central,Independent House,2,2490,3,8,8,19,Semi-Furnished,1,3,35246451
Ladakh,Leh,Leh Central,Apartment,4,3150,3,12,17,12,Semi-Furnished,1,3,33751625
Ladakh,Leh,Leh Central,Independent House,5,1590,5,4,7,23,Unfurnished,0,2,21690251
Ladakh,Leh,Leh Central,Independent House,4,2560,3,7,13,11,Semi-Furnished,2,3,40515187
Ladakh,Leh,Leh Central,Independent House,2,1230,2,12,12,15,Furnished,0,3,19609382
Ladakh,Leh,Leh Central,Villa,3,760,2,13,13,10,Semi-Furnished,0,2,10970902
Ladakh,Leh,Leh Central,Apartment,5,860,4,9,9,19,Semi-Furnished,0,3,9923210
Ladakh,Leh,Leh Central,Apartment,1,3000,1,7,7,14,Unfurnished,2,2,34317219
Ladakh,Leh,Leh Central,Apartment,5,2380,5,13,13,10,Furnished,2,3,35270854
Ladakh,Leh,Leh Central,Apartment,4,660,4,13,13,21,Semi-Furnished,2,3,9796259
Ladakh,Leh,Leh Central,Independent House,1,3170,1,15,15,12,Furnished,0,0,36053416
Ladakh,Leh,Leh Central,Apartment,3,2340,4,13,19,19,Furnished,1,3,30388310
Ladakh,Leh,Leh Central,Independent House,4,780,5,11,19,16,Semi-Furnished,2,0,10631945
Ladakh,Leh,Leh Central,Independent House,2,2280,3,3,3,21,Semi-Furnished,0,3,28164211
Ladakh,Leh,Leh Central,Apartment,3,1490,4,14,20,12,Semi-Furnished,0,2,20302860
Ladakh,Leh,Leh Central,Apartment,1,2900,1,14,14,20,Furnished,0,2,37502170
Ladakh,Leh,Leh Central,Apartment,5,570,4,15,15,13,Semi-Furnished,1,0,8376208
Ladakh,Leh,Leh Central,Apartment,3,2580,2,5,9,22,Semi-Furnished,1,2,33880531
Ladakh,Kargil,Kargil Central,Apartment,2,1110,1,5,19,16,Semi-Furnished,1,2,11479351
Ladakh,Kargil,Kargil Central,Apartment,4,2420,3,11,14,8,Semi-Furnished,1,2,25029561
Ladakh,Kargil,Kargil Central,Independent House,4,1650,4,3,17,0,Semi-Furnished,2,1,17586588
Ladakh,Kargil,Kargil Central,Independent House,1,1350,1,5,19,4,Furnished,0,0,12614307
Ladakh,Kargil,Kargil Central,Apartment,5,2560,5,15,15,19,Unfurnished,2,0,26964929
Ladakh,Kargil,Kargil Central,Independent House,2,2290,1,2,9,12,Semi-Furnished,1,1,20927830
Ladakh,Kargil,Kargil Central,Apartment,1,2010,2,13,20,24,Semi-Furnished,0,0,18066693
Ladakh,Kargil,Kargil Central,Apartment,2,2980,2,10,10,5,Furnished,1,2,30290255
Ladakh,Kargil,Kargil Central,Apartment,5,2630,5,3,17,16,Furnished,0,0,24593905
Ladakh,Kargil,Kargil Central,Independent House,2,1900,1,2,7,11,Furnished,0,3,21365902
Ladakh,Kargil,Kargil Central,Apartment,1,2470,2,8,8,11,Furnished,1,1,22682181
Ladakh,Kargil,Kargil Central,Apartment,5,870,5,6,12,16,Semi-Furnished,2,0,11612212
Ladakh,Kargil,Kargil Central,Independent House,1,1020,2,6,14,1,Semi-Furnished,2,2,10611851
Ladakh,Kargil,Kargil Central,Apartment,1,770,1,15,15,7,Furnished,0,2,7026019
Ladakh,Kargil,Kargil Central,Apartment,5,2510,5,7,14,23,Unfurnished,2,0,30354770
Ladakh,Kargil,Kargil Central,Apartment,5,2300,4,8,10,12,Semi-Furnished,2,3,28010035
Ladakh,Kargil,Kargil Central,Independent House,3,1610,4,3,13,11,Semi-Furnished,2,2,18932873
Ladakh,Kargil,Kargil Central,Apartment,4,860,5,14,14,8,Semi-Furnished,0,0,11207236
Andaman and Nicobar Islands,Port Blair,Port Blair Central,Independent House,2,1730,3,9,9,19,Semi-Furnished,0,3,21537807
Andaman and Nicobar Islands,Port Blair,Port Blair Central,Apartment,3,2360,2,5,17,19,Unfurnished,0,3,28761748
Andaman and Nicobar Islands,Port Blair,Port Blair Central,Independent House,1,2440,2,0,6,23,Semi-Furnished,0,3,27106401
Andaman and Nicobar Islands,Port Blair,Port Blair Central,Apartment,2,1210,1,5,12,14,Unfurnished,2,3,14897587
Andaman and Nicobar Islands,Port Blair,Port Blair Central,Independent House,1,3100,2,11,18,16,Semi-Furnished,0,2,40156032
Andaman and Nicobar Islands,Port Blair,Port Blair Central,Villa,3,3000,3,1,7,0,Semi-Furnished,2,3,41364599
Andaman and Nicobar Islands,Port Blair,Port Blair Central,Apartment,5,1710,5,1,14,7,Unfurnished,0,0,18143635
Andaman and Nicobar Islands,Port Blair,Port Blair Central,Villa,3,1050,2,10,16,5,Unfurnished,0,2,15710803
Andaman and Nicobar Islands,Port Blair,Port Blair Central,Apartment,4,3020,3,10,16,15,Semi-Furnished,2,1,30253728
Andaman and Nicobar Islands,Port Blair,Port Blair Central,Independent House,3,3100,3,6,8,17,Semi-Furnished,0,1,35916948
Andaman and Nicobar Islands,Port Blair,Port Blair Central,Apartment,5,2370,4,15,15,6,Semi-Furnished,1,2,31885861
Andaman and Nicobar Islands,Port Blair,Port Blair Central,Apartment,4,910,3,1,6,24,Semi-Furnished,2,2,11573560
Andaman and Nicobar Islands,Port Blair,Port Blair Central,Apartment,4,1540,3,11,11,4,Semi-Furnished,1,3,19839487
Andaman and Nicobar Islands,Port Blair,Port Blair Central,Villa,3,1260,4,8,11,5,Semi-Furnished,2,0,15747986
Andaman and Nicobar Islands,Port Blair,Port Blair Central,Apartment,5,2120,5,4,15,11,Semi-Furnished,1,0,28669316
Andaman and Nicobar Islands,Port Blair,Port Blair Central,Apartment,2,640,3,5,10,12,Furnished,2,1,6590740
Andaman and Nicobar Islands,Port Blair,Port Blair Central,Apartment,3,1910,3,13,13,19,Unfurnished,0,3,32024546
Andaman and Nicobar Islands,Port Blair,Port Blair Central,Independent House,2,2720,3,13,13,7,Unfurnished,0,3,30741331
Chandigarh,Chandigarh,Chandigarh Central,Apartment,4,1290,3,4,5,0,Unfurnished,0,2,13811616
Chandigarh,Chandigarh,Chandigarh Central,Apartment,5,1200,5,6,6,5,Unfurnished,2,1,10859820
Chandigarh,Chandigarh,Chandigarh Central,Independent House,3,720,4,5,16,6,Semi-Furnished,0,2,7334448
Chandigarh,Chandigarh,Chandigarh Central,Apartment,2,1280,2,15,18,16,Unfurnished,2,1,12170265
Chandigarh,Chandigarh,Chandigarh Central,Apartment,4,1160,5,6,13,12,Unfurnished,0,0,10242578
Chandigarh,Chandigarh,Chandigarh Central,Independent House,2,2330,3,14,14,19,Unfurnished,1,3,18475720
Chandigarh,Chandigarh,Chandigarh Central,Independent House,2,2510,2,3,19,4,Semi-Furnished,1,1,22465873
Chandigarh,Chandigarh,Chandigarh Central,Apartment,3,1060,3,15,15,2,Unfurnished,2,0,10254343
Chandigarh,Chandigarh,Chandigarh Central,Apartment,4,2690,5,1,7,17,Unfurnished,2,0,24656520
Chandigarh,Chandigarh,Chandigarh Central,Apartment,1,2700,1,0,10,20,Unfurnished,1,0,18206995
Chandigarh,Chandigarh,Chandigarh Central,Independent House,2,840,1,0,4,19,Furnished,1,0,6031842
Chandigarh,Chandigarh,Chandigarh Central,Apartment,5,2630,5,4,19,20,Semi-Furnished,0,0,24404106
Chandigarh,Chandigarh,Chandigarh Central,Apartment,3,1560,3,4,14,7,Furnished,2,3,12720045
Chandigarh,Chandigarh,Chandigarh Central,Independent House,4,1900,5,12,14,3,Semi-Furnished,2,3,17018135
Chandigarh,Chandigarh,Chandigarh Central,Independent House,1,2430,1,5,13,4,Semi-Furnished,2,2,18692723
Chandigarh,Chandigarh,Chandigarh Central,Apartment,1,980,2,4,4,5,Unfurnished,0,2,8898052
Chandigarh,Chandigarh,Chandigarh Central,Apartment,3,1460,4,11,11,10,Furnished,0,0,12609290
Chandigarh,Chandigarh,Chandigarh Central,Apartment,4,1480,5,8,10,24,Furnished,1,3,10921626
Dadra and Nagar Haveli and Daman and Diu,Daman,Daman Central,Independent House,3,2220,2,3,9,24,Unfurnished,0,2,20740443
Dadra and Nagar Haveli and Daman and Diu,Daman,Daman Central,Apartment,4,2610,5,13,13,23,Semi-Furnished,0,2,20995387
Dadra and Nagar Haveli and Daman and Diu,Daman,Daman Central,Villa,3,1670,4,10,15,6,Furnished,0,0,19065439
Dadra and Nagar Haveli and Daman and Diu,Daman,Daman Central,Apartment,2,1060,3,15,15,0,Furnished,1,0,8237936
Dadra and Nagar Haveli and Daman and Diu,Daman,Daman Central,Apartment,5,1080,4,2,6,12,Furnished,2,1,12556292
Dadra and Nagar Haveli and Daman and Diu,Daman,Daman Central,Apartment,4,2020,3,2,19,1,Semi-Furnished,2,2,18242810
Dadra and Nagar Haveli and Daman and Diu,Daman,Daman Central,Apartment,2,1830,1,15,15,6,Semi-Furnished,2,0,19808897
Dadra and Nagar Haveli and Daman and Diu,Daman,Daman Central,Apartment,4,890,3,4,5,6,Semi-Furnished,1,3,8715799
Dadra and Nagar Haveli and Daman and Diu,Daman,Daman Central,Apartment,5,3190,5,7,10,8,Semi-Furnished,1,1,40027970
Dadra and Nagar Haveli and Daman and Diu,Daman,Daman Central,Apartment,4,3140,5,3,3,21,Furnished,0,2,23325097
Dadra and Nagar Haveli and Daman and Diu,Daman,Daman Central,Independent House,5,1410,5,5,13,12,Furnished,2,1,14485889
Dadra and Nagar Haveli and Daman and Diu,Daman,Daman Central,Apartment,5,830,5,6,15,12,Furnished,2,0,8152002
Dadra and Nagar Haveli and Daman and Diu,Daman,Daman Central,Independent House,5,1740,4,11,11,22,Unfurnished,0,1,16937438
Dadra and Nagar Haveli and Daman and Diu,Daman,Daman Central,Independent House,2,1230,3,2,9,19,Furnished,2,0,10045307
Dadra and Nagar Haveli and Daman and Diu,Daman,Daman Central,Apartment,2,1860,1,0,4,12,Semi-Furnished,1,2,13610864
Dadra and Nagar Haveli and Daman and Diu,Daman,Daman Central,Independent House,5,2460,5,5,5,14,Semi-Furnished,1,1,24651834
Dadra and Nagar Haveli and Daman and Diu,Daman,Daman Central,Independent House,2,1770,3,8,8,11,Unfurnished,2,0,18335672
Dadra and Nagar Haveli and Daman and Diu,Daman,Daman Central,Apartment,3,1370,3,0,9,8,Semi-Furnished,2,0,16763129
Dadra and Nagar Haveli and Daman and Diu,Silvassa,Silvassa Central,Villa,3,2440,3,6,11,20,Furnished,2,3,17846280
Dadra and Nagar Haveli and Daman and Diu,Silvassa,Silvassa Central,Apartment,4,1520,5,7,11,11,Semi-Furnished,1,3,12110081
Dadra and Nagar Haveli and Daman and Diu,Silvassa,Silvassa Central,Independent House,1,1390,1,8,9,22,Furnished,1,0,7798423
Dadra and Nagar Haveli and Daman and Diu,Silvassa,Silvassa Central,Apartment,1,680,1,10,18,1,Unfurnished,2,1,4174241
Dadra and Nagar Haveli and Daman and Diu,Silvassa,Silvassa Central,Independent House,4,2550,3,12,12,3,Furnished,1,1,20037673
Dadra and Nagar Haveli and Daman and Diu,Silvassa,Silvassa Central,Apartment,2,1670,2,2,10,5,Semi-Furnished,1,0,12780233
Dadra and Nagar Haveli and Daman and Diu,Silvassa,Silvassa Central,Independent House,4,1980,3,3,16,7,Furnished,1,1,20181933
Dadra and Nagar Haveli and Daman and Diu,Silvassa,Silvassa Central,Villa,1,2270,2,8,8,10,Semi-Furnished,2,1,19527034
Dadra and Nagar Haveli and Daman and Diu,Silvassa,Silvassa Central,Independent House,5,2220,5,2,11,18,Furnished,1,3,18609154
Dadra and Nagar Haveli and Daman and Diu,Silvassa,Silvassa Central,Apartment,2,2780,3,3,12,2,Semi-Furnished,1,3,21350640
Dadra and Nagar Haveli and Daman and Diu,Silvassa,Silvassa Central,Independent House,4,2560,4,8,13,22,Furnished,0,1,24655953
Dadra and Nagar Haveli and Daman and Diu,Silvassa,Silvassa Central,Apartment,1,2610,1,4,14,21,Semi-Furnished,2,1,18345236
Dadra and Nagar Haveli and Daman and Diu,Silvassa,Silvassa Central,Apartment,5,2900,5,13,13,9,Furnished,0,0,19878129
Dadra and Nagar Haveli and Daman and Diu,Silvassa,Silvassa Central,Villa,4,670,3,13,13,25,Semi-Furnished,0,1,4906315
Dadra and Nagar Haveli and Daman and Diu,Silvassa,Silvassa Central,Apartment,3,2240,3,14,14,1,Semi-Furnished,1,3,18066361
Dadra and Nagar Haveli and Daman and Diu,Silvassa,Silvassa Central,Apartment,4,2860,5,8,13,5,Unfurnished,0,3,27586559
Dadra and Nagar Haveli and Daman and Diu,Silvassa,Silvassa Central,Independent House,5,1070,5,5,8,17,Unfurnished,1,0,8792154
Dadra and Nagar Haveli and Daman and Diu,Silvassa,Silvassa Central,Independent House,5,2350,5,14,19,14,Semi-Furnished,0,0,19608468
Lakshadweep,Kavaratti,Kavaratti Central,Independent House,4,1680,3,2,6,0,Semi-Furnished,2,3,17378079
Lakshadweep,Kavaratti,Kavaratti Central,Villa,2,1880,1,6,18,23,Semi-Furnished,0,3,18022987
Lakshadweep,Kavaratti,Kavaratti Central,Apartment,3,570,4,13,13,25,Furnished,0,1,4841459
Lakshadweep,Kavaratti,Kavaratti Central,Independent House,3,1880,3,14,19,25,Semi-Furnished,1,1,16306786
Lakshadweep,Kavaratti,Kavaratti Central,Apartment,5,2860,4,12,15,15,Unfurnished,0,2,28073321
Lakshadweep,Kavaratti,Kavaratti Central,Apartment,2,890,1,7,16,18,Unfurnished,1,3,7647396
Lakshadweep,Kavaratti,Kavaratti Central,Independent House,1,2800,2,11,17,12,Semi-Furnished,1,2,26976647
Lakshadweep,Kavaratti,Kavaratti Central,Independent House,3,630,3,14,14,23,Semi-Furnished,1,2,5002973
Lakshadweep,Kavaratti,Kavaratti Central,Apartment,4,2570,4,13,19,0,Semi-Furnished,1,0,19793907
Lakshadweep,Kavaratti,Kavaratti Central,Apartment,3,1060,4,5,15,13,Semi-Furnished,2,3,9743865
Lakshadweep,Kavaratti,Kavaratti Central,Apartment,5,650,4,1,14,9,Semi-Furnished,1,1,7446906
Lakshadweep,Kavaratti,Kavaratti Central,Apartment,4,1370,4,5,5,17,Semi-Furnished,0,3,12753430
Lakshadweep,Kavaratti,Kavaratti Central,Independent House,1,2100,1,3,11,11,Furnished,1,1,18853437
Lakshadweep,Kavaratti,Kavaratti Central,Independent House,1,1650,1,0,17,9,Semi-Furnished,2,1,14956680
Lakshadweep,Kavaratti,Kavaratti Central,Apartment,5,3060,5,3,10,15,Semi-Furnished,2,3,37570352
Lakshadweep,Kavaratti,Kavaratti Central,Apartment,2,2430,3,9,9,9,Unfurnished,0,2,22055321
Lakshadweep,Kavaratti,Kavaratti Central,Apartment,5,780,5,1,8,2,Unfurnished,0,0,9093892
Lakshadweep,Kavaratti,Kavaratti Central,Independent House,3,1350,3,8,15,16,Semi-Furnished,1,2,12074117
Puducherry,Puducherry,Puducherry Central,Apartment,4,2980,4,12,12,0,Unfurnished,2,3,28521870
Puducherry,Puducherry,Puducherry Central,Independent House,5,920,4,2,4,6,Semi-Furnished,1,3,7829503
Puducherry,Puducherry,Puducherry Central,Independent House,5,1810,5,0,20,5,Semi-Furnished,1,3,16995280
Puducherry,Puducherry,Puducherry Central,Apartment,3,2370,4,7,16,5,Unfurnished,1,0,17475100
Puducherry,Puducherry,Puducherry Central,Apartment,3,1880,2,0,4,13,Semi-Furnished,1,0,13510582
Puducherry,Puducherry,Puducherry Central,Villa,5,860,5,0,13,0,Semi-Furnished,2,1,6283059
Puducherry,Puducherry,Puducherry Central,Apartment,5,2880,5,13,13,14,Unfurnished,1,1,19925350
Puducherry,Puducherry,Puducherry Central,Apartment,5,2900,4,14,20,19,Furnished,2,0,24848098
Puducherry,Puducherry,Puducherry Central,Independent House,1,2670,2,7,14,15,Semi-Furnished,1,3,16373931
Puducherry,Puducherry,Puducherry Central,Independent House,5,1700,5,3,16,21,Unfurnished,0,2,14464936
Puducherry,Puducherry,Puducherry Central,Villa,2,1460,1,9,17,9,Unfurnished,1,2,11988853
Puducherry,Puducherry,Puducherry Central,Independent House,1,3150,2,14,14,23,Semi-Furnished,2,1,20699252
Puducherry,Puducherry,Puducherry Central,Apartment,5,1450,5,1,3,20,Semi-Furnished,0,1,9985240
Puducherry,Puducherry,Puducherry Central,Independent House,5,1950,5,12,12,17,Semi-Furnished,0,0,17604680
Puducherry,Puducherry,Puducherry Central,Villa,5,950,5,0,16,10,Unfurnished,1,1,10186736
Puducherry,Puducherry,Puducherry Central,Villa,4,1690,4,11,15,20,Semi-Furnished,1,1,14540829
Puducherry,Puducherry,Puducherry Central,Independent House,1,2220,2,1,3,2,Furnished,0,2,15223199
Puducherry,Puducherry,Puducherry Central,Apartment,5,2710,4,3,8,6,Semi-Furnished,2,2,28953697
Puducherry,Karaikal,Karaikal Central,Villa,4,1760,4,6,6,17,Semi-Furnished,0,3,13107643
Puducherry,Karaikal,Karaikal Central,Apartment,1,2630,1,1,1,6,Furnished,0,3,15639690
Puducherry,Karaikal,Karaikal Central,Apartment,2,3120,1,5,8,3,Unfurnished,1,1,14874478
Puducherry,Karaikal,Karaikal Central,Apartment,3,1700,4,2,15,2,Semi-Furnished,0,1,8606666
Puducherry,Karaikal,Karaikal Central,Independent House,5,2420,5,9,20,6,Furnished,1,0,15900370
Puducherry,Karaikal,Karaikal Central,Apartment,3,2700,2,2,4,17,Semi-Furnished,0,1,15297021
Puducherry,Karaikal,Karaikal Central,Independent House,1,720,1,10,12,3,Furnished,0,1,4576302
Puducherry,Karaikal,Karaikal Central,Villa,5,2700,4,9,9,1,Semi-Furnished,2,2,23705758
Puducherry,Karaikal,Karaikal Central,Apartment,3,2880,3,6,14,3,Semi-Furnished,2,2,18833456
Puducherry,Karaikal,Karaikal Central,Apartment,4,2930,4,4,6,12,Unfurnished,0,1,23688154
Puducherry,Karaikal,Karaikal Central,Apartment,4,1920,3,12,12,5,Unfurnished,2,1,14466995
Puducherry,Karaikal,Karaikal Central,Independent House,5,2470,5,4,9,12,Unfurnished,1,0,16219299
Puducherry,Karaikal,Karaikal Central,Apartment,3,2180,4,5,6,1,Semi-Furnished,1,3,16775962
Puducherry,Karaikal,Karaikal Central,Villa,5,660,4,8,8,10,Furnished,2,0,5421178
Puducherry,Karaikal,Karaikal Central,Apartment,2,1340,1,11,11,0,Semi-Furnished,2,2,9320290
Puducherry,Karaikal,Karaikal Central,Apartment,1,2030,1,3,4,17,Furnished,1,1,13895768
Puducherry,Karaikal,Karaikal Central,Apartment,5,1150,5,10,10,8,Semi-Furnished,0,3,9537341
Puducherry,Karaikal,Karaikal Central,Villa,5,1220,5,11,14,22,Unfurnished,1,2,8610711
Puducherry,Mahe,Mahe Central,Apartment,3,630,2,6,8,22,Unfurnished,1,3,3482126
Puducherry,Mahe,Mahe Central,Apartment,3,1590,2,14,17,24,Semi-Furnished,2,1,7701676
Puducherry,Mahe,Mahe Central,Apartment,5,1060,5,11,11,3,Semi-Furnished,2,0,7969556
Puducherry,Mahe,Mahe Central,Apartment,3,3010,2,10,10,12,Unfurnished,1,3,14409783
Puducherry,Mahe,Mahe Central,Independent House,4,2980,5,2,11,23,Semi-Furnished,0,2,16906091
Puducherry,Mahe,Mahe Central,Independent House,3,2130,3,12,12,14,Unfurnished,1,2,11247884
Puducherry,Mahe,Mahe Central,Independent House,3,1900,4,13,13,0,Semi-Furnished,1,0,9283048
Puducherry,Mahe,Mahe Central,Independent House,3,1240,4,9,18,8,Unfurnished,0,1,6292382
Puducherry,Mahe,Mahe Central,Apartment,1,1780,2,10,10,6,Unfurnished,1,2,8575842
Puducherry,Mahe,Mahe Central,Apartment,1,2210,2,5,17,8,Semi-Furnished,1,1,7770816
Puducherry,Mahe,Mahe Central,Apartment,5,680,4,11,16,15,Semi-Furnished,0,0,4295950
Puducherry,Mahe,Mahe Central,Villa,4,2770,4,3,5,20,Furnished,1,3,17711342
Puducherry,Mahe,Mahe Central,Independent House,1,960,1,6,9,6,Furnished,1,2,3979074
Puducherry,Mahe,Mahe Central,Apartment,4,2790,3,13,13,11,Semi-Furnished,1,3,10819651
Puducherry,Mahe,Mahe Central,Independent House,2,1780,3,7,7,1,Unfurnished,0,2,8574002
Puducherry,Mahe,Mahe Central,Independent House,1,2350,1,13,13,2,Unfurnished,1,0,11604377
Puducherry,Mahe,Mahe Central,Apartment,3,2560,4,7,7,18,Semi-Furnished,0,1,11232535
Puducherry,Mahe,Mahe Central,Apartment,5,1260,5,2,14,2,Semi-Furnished,2,3,9855393
Puducherry,Yanam,Yanam Central,Apartment,3,2850,4,3,8,4,Semi-Furnished,1,2,16728403
Puducherry,Yanam,Yanam Central,Apartment,1,1590,1,9,10,8,Unfurnished,2,3,7364541
Puducherry,Yanam,Yanam Central,Apartment,2,3180,3,10,17,2,Semi-Furnished,0,2,20367938
Puducherry,Yanam,Yanam Central,Apartment,3,2180,2,15,15,1,Unfurnished,0,3,13350303
Puducherry,Yanam,Yanam Central,Independent House,2,730,3,11,11,17,Semi-Furnished,2,1,3231986
Puducherry,Yanam,Yanam Central,Villa,2,2750,1,11,15,0,Semi-Furnished,2,0,15504043
Puducherry,Yanam,Yanam Central,Apartment,3,1950,3,15,15,10,Unfurnished,2,0,10177842
Puducherry,Yanam,Yanam Central,Independent House,4,1860,5,2,3,20,Semi-Furnished,1,1,10546928
Puducherry,Yanam,Yanam Central,Villa,1,2520,1,14,18,25,Semi-Furnished,1,2,11883077
Puducherry,Yanam,Yanam Central,Independent House,4,3020,5,7,19,0,Furnished,1,2,21419066
Puducherry,Yanam,Yanam Central,Independent House,2,1970,2,2,11,12,Semi-Furnished,1,3,8527450
Puducherry,Yanam,Yanam Central,Apartment,3,890,4,14,14,1,Unfurnished,0,3,4360702
Puducherry,Yanam,Yanam Central,Independent House,3,1530,3,14,14,21,Semi-Furnished,0,2,8385539
Puducherry,Yanam,Yanam Central,Independent House,4,1380,4,6,17,2,Unfurnished,2,1,7005894
Puducherry,Yanam,Yanam Central,Independent House,3,610,2,5,16,18,Semi-Furnished,1,3,3098515
Puducherry,Yanam,Yanam Central,Apartment,2,3020,3,13,17,17,Semi-Furnished,0,1,16272253
Puducherry,Yanam,Yanam Central,Independent House,1,1430,2,8,19,13,Semi-Furnished,2,0,5581758
Puducherry,Yanam,Yanam Central,Apartment,1,1920,2,11,11,9,Semi-Furnished,1,1,7944538
